audit_index,id,title,author,current_bands,reading_level,book_format,year_published,browse_visible,population,decision,new_bands,beth_review_flag,heads_up,rationale
A-001,769a4e13-eef7-4616-bdd0-bf764d7b8f40,Moonbird,Phillip Hoose,"10-12, 8-10",advanced,nonfiction,2012,True,A — 8-10 retag,retag,10-12,none,,"Moonbird is a Sibert Medal nonfiction with dense ornithology, climate science, and 9000-mile migration tracking. Advanced reading level. Content depth — banding science, conservation policy — sits squarely in Scholar. Not Artisan; the methodology of long-form science journalism asks for the reader who can hold a book-length argument."
A-002,7fb8eb2e-b322-41a1-a5c7-90af54aecb92,The Lost City of Z (Young Readers Edition),David Grann,"10-12, 8-10",advanced,nonfiction,2017,True,A — 8-10 retag,retag,10-12,none,,"The Lost City of Z is dark adventure history with explorer disappearance, jungle violence, and contested archaeology. Young Readers Edition or not, the moral ambiguity and historical scope are Scholar-tier. Advanced reading level confirms."
A-003,843303ec-5968-4384-a319-452755e169fb,Actual Size,Steve Jenkins,"5-7, 8-10",early-reader,nonfiction,2004,True,A — 8-10 retag,retag,"5-6, 7-9",none,,Actual Size is large-format size-comparison nonfiction. Pure visual concept (animal hand vs reader hand). Works at 5-6 read-aloud and 7-9 independent browsing. The content has no developmental gate — a 5-year-old gasps at the same page a 9-year-old measures.
A-004,1f6aad44-0cb4-4910-9b6b-229bd02189fb,Barbed Wire Between Us,Mia Wenjen,"5-7, 8-10",early-reader,nonfiction,2026,True,A — 8-10 retag,remove-from-database,,amy-approved,,"REMOVED per Amy directive (civil-rights-era books where violence is the subject, not backdrop). Original audit rationale: Barbed Wire Between Us pairs WWII Japanese American incarceration with present-day US-Mexico border detention. Two histories of children behind fences. Format is early-reader but content sensitivity is high. Holds at 7-9 with adult support per Read and Discuss; extends to Scholar for deeper engagement. Heads Up territory — Beth confirms framing fits Artisan or routes Scholar-only."
A-005,80852334-2007-4931-908e-5c9ef2a39a3b,Jumper: A Day in the Life of a Backyard Jumping Spider,Jessica Lanan,"5-7, 8-10",early-reader,nonfiction,2023,True,A — 8-10 retag,retag,"5-6, 7-9",none,,"Jumper jumping spider day-in-the-life. Early-reader, accessible biology, eight-eyed perception is the orbital hook. 5-6 with adult, 7-9 independent — clean dual-band fit."
A-006,43f2bcf6-b39d-49b6-a44c-e412b3d46def,Life after Whale,Lynn Brunelle,"5-7, 8-10",early-reader,nonfiction,2024,True,A — 8-10 retag,retag,"5-6, 7-9",none,,"Life After Whale on whale-fall ecosystems is a strong Wizkoo book — death of one creature becomes the foundation of a 100-year ecosystem. Early-reader format with deep ecology content. Death-of-animal handled scientifically not emotionally. 5-6 with adult support, 7-9 independent."
A-007,3c6bab30-5b44-49ee-ae89-c39c0d494a6a,Marie's Magic Eggs: How Marie Procai Kept the Ukrainian Art of Pysanky Alive,Sandra Neil Wallace,"5-7, 8-10",early-reader,nonfiction,2026,True,A — 8-10 retag,retag,"5-6, 7-9",none,,"Maries Magic Eggs (pysanky) is Ukrainian cultural preservation through art form. Early-reader nonfiction. 5-6 read-aloud for visual pattern fascination, 7-9 for the cultural-history layer."
A-008,b38be417-362b-4101-95db-f6f91732825d,"Revolutionary Mary: The True Story of One Woman, the Declaration of Independence, and America's Fight for Freedom",Karen Blumenthal and Jen McCartney,"5-7, 8-10",early-reader,nonfiction,2025,True,A — 8-10 retag,retag,7-9,none,,"Revolutionary Mary on Mary Katharine Goddard. American Revolution context, printing trade detail. Content depth (women erased from founding history) wants the 7-9 reader who can hold an argument; pulled out of 5-6 because the Declaration-of-Independence context requires civic vocabulary."
A-009,d1151e1a-5f32-417d-9b2a-61507575c597,The Cecilia Payne Story: Reaching for the Stars,Laura Alary,"5-7, 8-10",early-reader,nonfiction,2026,True,A — 8-10 retag,retag,"5-6, 7-9",none,,"Cecilia Payne Story discovers stars are mostly hydrogen, gets dismissed, is later proven right. Early-reader format. Astronomy + sexism-in-science theme. Works 5-6 read-aloud for ""the stars are made of what?"" wonder, 7-9 for the institutional-injustice layer."
A-010,d82370df-abda-4756-ba5b-fc636779146d,"The Iguanodon's Horn: How Two Centuries of Mystery, Mistakes, and Fossil Fixes Changed the Way We Look at Dinosaurs",Sean Rubin,"5-7, 8-10",early-reader,nonfiction,2024,True,A — 8-10 retag,retag,"5-6, 7-9",none,,"Iguanodons Horn — paleontology methodology, scientific self-correction. Strong Wizkoo book on epistemology disguised as dinosaur history. Early-reader. 5-6 with adult, 7-9 independent."
A-011,6363a142-48a5-4cd7-be35-05a1b5cbe36f,The Search for the Giant Arctic Jellyfish,Chloe Savage,"5-7, 8-10",early-reader,nonfiction,2023,True,A — 8-10 retag,retag,"5-6, 7-9",none,,"Search for the Giant Arctic Jellyfish — adventure science nonfiction, woman-led marine biology expedition. Early-reader. Wonder content scales 5-6 to 7-9 cleanly."
A-012,ecb5ab1f-95d8-4715-8323-d001546e9099,Blockhead: The Life of Fibonacci,Joseph D'Agnese,"5-7, 8-10",early-reader,picture-book,2010,True,A — 8-10 retag,retag,"5-6, 7-9",duplicate,,"Blockhead: Life of Fibonacci. DUPLICATE of row 13 — same title, same author, same year, near-identical hook. One record must be merged or deleted before migration. Pending de-dup, retag both copies to 5-6, 7-9 (Fibonacci accessible math biography, picture-book format spans 5-6 and 7-9)."
A-013,d5f135cf-43f0-47fa-b8e4-03e5ddaa14a1,Blockhead: The Life of Fibonacci,Joseph D'Agnese,"5-7, 8-10",early-reader,picture-book,2010,True,A — 8-10 retag,remove-from-database,,amy-approved,,DUPLICATE removal per Amy directive — kept canonical copy elsewhere in corpus. Original audit rationale: Blockhead: Life of Fibonacci. DUPLICATE of row 12. Same audit outcome.
A-014,41bb9133-6ede-4b29-8ee1-6dced433001c,Each Kindness,Jacqueline Woodson,"5-7, 8-10",early-reader,picture-book,2012,True,A — 8-10 retag,remove-from-database,,amy-approved,,"REMOVED per Amy directive (sustained classroom/peer cruelty arcs). Original audit rationale: Each Kindness — Jacqueline Woodson on regret, exclusion, the friendship not made."
A-015,cff4c227-257c-4f73-8825-5079a271e779,If You Made a Million,David M. Schwartz,"5-7, 8-10",early-reader,picture-book,1989,False,A — 8-10 retag,retag,"5-6, 7-9",none,,"If You Made a Million on currency math. Pre-1990 (1989) but Schwartzs math books remain canonical. browse_visible likely False per pre-1990 rule — confirm in migration script. Concept holds 5-6 with adult, 7-9 independent."
A-016,3d8d04a8-c995-42af-872b-af90aa17834f,One Grain of Rice,Demi,"5-7, 8-10",early-reader,picture-book,1997,True,A — 8-10 retag,retag,"5-6, 7-9",none,,"One Grain of Rice — exponential doubling story, 1997. Iconic math picture-book. 5-6 read-aloud, 7-9 for the underlying mathematics."
A-017,7202ae61-a957-488d-baa2-f858ecbdeb5e,Ox-Cart Man,Donald Hall,"5-7, 8-10",early-reader,picture-book,1979,False,A — 8-10 retag,retag,"5-6, 7-9",amy-approved,,"APPROVED per Amy directive (best-guess approval). Developmental floor question, not content. Pioneer-economy cycle works at 5-6 advanced read-aloud and 7-9 native. No Wonderer fit (the cyclical-economy concept is past 3-4). Approving as 5-6 + 7-9. Original: Ox-Cart Man — 1979 Caldecott. Pre-1990 likely browse_visible False. Pioneer self-sufficiency content remains valuable for plan generator queries. Beth confirms Wonderer (3-4) read-aloud potential — language is sparse and could fit 3-4 but the cyclical-economy concept is 5-6 minimum."
A-018,84fa5cfc-c073-4b4c-9bb5-b31dcb2c513c,Seeds of Change,Jen Cullerton Johnson,"5-7, 8-10",early-reader,picture-book,2010,True,A — 8-10 retag,retag,"5-6, 7-9",none,,"Seeds of Change on Wangari Maathai. Picture-book biography, Kenya environmentalism. 5-6 read-aloud, 7-9 independent. Strong for cross-band plan generator pulls."
A-019,f4ee2fbb-9008-4c08-a882-986736b76901,Six Dots: A Story of Young Louis Braille,Jen Bryant,"5-7, 8-10",early-reader,picture-book,2016,True,A — 8-10 retag,retag,"5-6, 7-9",none,,"Six Dots — young Louis Braille inventing Braille at 15. Picture-book bio. Disability narrative handled with dignity. 5-6 with adult, 7-9 independent."
A-020,147b0b62-b2cd-4830-9627-c32039aed9d9,The Astronaut Who Painted the Moon,Dean Robbins,"5-7, 8-10",early-reader,picture-book,2019,True,A — 8-10 retag,retag,"5-6, 7-9",none,,Astronaut Who Painted the Moon — Alan Bean. Art + space biography. Picture-book. 5-6 to 7-9 clean fit.
A-021,f8c2e905-6943-4358-ad88-cfce286fb793,The Bug Girl,Benjamin Harper & Sarah Glenn Marsh,"5-7, 8-10",early-reader,picture-book,2020,True,A — 8-10 retag,retag,"5-6, 7-9",none,,"The Bug Girl — entomology + outsider-kid affirmation. Picture-book. 5-6 with adult, 7-9 independent. The ""an entomologist wrote back"" beat is exactly the activation move the Product Bible names."
A-022,9b82155c-7913-4822-85d2-d86bf59254ee,The Girl Who Thought in Pictures,Julia Finley Mosca,"5-7, 8-10",early-reader,picture-book,2017,True,A — 8-10 retag,retag,"5-6, 7-9",none,,"Girl Who Thought in Pictures — Temple Grandin. Picture-book bio, neurodivergence narrative. 5-6 with adult, 7-9 independent. Family-conversation ranking high."
A-023,f39b3106-fb3e-489b-90f7-e610081fcc52,The Great Kapok Tree,Lynne Cherry,"5-7, 8-10",early-reader,picture-book,1990,True,A — 8-10 retag,retag,"5-6, 7-9",none,,"Great Kapok Tree — 1990 Lynne Cherry classic. Rainforest ecology, advocacy framing. 5-6 read-aloud, 7-9 independent."
A-024,92398cb1-40ed-4273-bc03-56119e5731e5,The Promise,Nicola Davies,"5-7, 8-10",early-reader,picture-book,2014,True,A — 8-10 retag,retag,"5-6, 7-9",none,,"The Promise — Nicola Davies. Urban-renewal-through-acorns, gray-city-becomes-green. Picture-book with environmental and ethical depth. 5-6 with adult discussion, 7-9 independent."
A-025,15cbccb9-2acd-44af-9312-01d3e4f2e0f8,The Shortest Day,Susan Cooper,"5-7, 8-10",early-reader,picture-book,2019,True,A — 8-10 retag,retag,"5-6, 7-9",none,,"The Shortest Day — winter solstice across cultures. Picture-book, comparative ritual content. 5-6 to 7-9 fit."
A-026,9bd750b9-047f-4b06-83b8-77af77a084a1,Watercress,Andrea Wang,"5-7, 8-10",early-reader,picture-book,2021,True,A — 8-10 retag,retag,"5-6, 7-9",none,,"Watercress — 2021 Caldecott Medal. Andrea Wang on cultural shame, immigrant memory, refusing to perform. Picture-book but emotionally substantial. 5-6 with adult, 7-9 independent. Family-conversation tier."
A-027,fb45189c-ae1c-4c48-afa1-d28b2f08acd8,A Rover's Story,Jasmine Warga,"5-7, 8-10",independent,chapter-book,2023,True,A — 8-10 retag,retag,"7-9, 10-12",none,,"A Rovers Story — Mars rover narrator, AI consciousness questions. Chapter-book scope. Reading level independent but the philosophical content (empathy programmed, what makes human) extends to Scholar."
A-028,3c1799aa-25ec-4752-9c91-ac56f07b35cf,A Sea of Lemon Trees: The Corrido of Roberto Alvarez,María Dolores Águila,"10-12, 8-10",independent,chapter-book,2025,True,A — 8-10 retag,retag,"7-9, 10-12",none,,"Sea of Lemon Trees — Lemon Grove Incident 1931, first successful US desegregation case. Chapter-book historical fiction. Civil rights gravity sits at 7-9 minimum, scales to Scholar."
A-029,d3164fcf-8b5e-454e-85e4-f3093c87b7a9,Al Capone Does My Shirts,Gennifer Choldenko,"10-12, 8-10",independent,chapter-book,2004,True,A — 8-10 retag,remove-from-database,,amy-approved,,REMOVED per Amy directive (single-issue calls). Original audit rationale: Al Capone Does My Shirts.
A-030,7c40d0ff-9560-4e4b-b88e-45445c032aef,"And Then, Boom!",Lisa Fipps,8-10,independent,chapter-book,2025,True,A — 8-10 retag,retag,"7-9, 10-12",none,,"And Then, Boom! — Lisa Fipps, novel-in-verse, voice/swimming-pool/poem. Author of Starfish (anti-bullying canon). Verse format reads quicker than prose chapter-book. 7-9 to 10-12 fit; younger pulled by verse structure."
A-031,956c46e8-1222-4426-b6f4-8a5b5befcb49,Benny on the Case,Wesley King,"10-12, 8-10",independent,chapter-book,2025,True,A — 8-10 retag,retag,"7-9, 10-12",amy-approved,,"APPROVED per Amy directive (best-guess approval). Disability representation handled as agency. Mosaic Down syndrome protagonist. Holds 7-9 + 10-12 dual-band per audit. Approving. Original: Benny on the Case — 11-year-old protagonist with Mosaic Down syndrome. Mystery in retirement home. Disability narrative handled as agency, not pity. 7-9 to 10-12. Beth confirms — depending on subplot complexity (mystery genre sometimes asks the older reader), this may belong Scholar-only."
A-032,c020343b-3a94-4274-b6bb-e332c9d1ddcd,Busted,Dan Gemeinhart,8-10,independent,chapter-book,2025,True,A — 8-10 retag,remove-from-database,,amy-approved,,REMOVED per Amy directive (single-issue calls). Original audit rationale: Busted.
A-033,8fc585a6-3849-4abe-9b04-e29313b05529,By the Great Horn Spoon!,Sid Fleischman,"5-7, 8-10",independent,chapter-book,1963,False,A — 8-10 retag,remove-from-database,,amy-approved,,"REMOVED per Amy directive (pre-1990 books with period-framing concerns). Original audit rationale: By the Great Horn Spoon — 1963 Sid Fleischman, California Gold Rush adventure. Pre-1990, browse_visible likely False. Content holds up but historical-context awareness needed (period framing of Indigenous peoples, racial caricature of period). Beth confirms — possibly retire from browse, retain for plan generator with Heads Up."
A-034,fa6321a2-dc99-44c0-bf99-c6c9e1c68fe7,Charlotte's Web,E.B. White,"5-7, 8-10",independent,chapter-book,1952,False,A — 8-10 retag,retag,"7-9, 10-12",amy-approved,Charlotte the spider dies peacefully on the page near the book's end.,APPROVED per Amy directive (grief/mortality central; Heads Up applied). Charlotte's Web — 1952 E.B. White.
A-035,a3f0255d-20da-4d4c-98bc-c8f957a187f9,Chasing Vermeer,Blue Balliett,8-10,independent,chapter-book,2004,True,A — 8-10 retag,retag,7-9,none,,"Chasing Vermeer — 2004 Blue Balliett. Pentomino math + art mystery. Chapter-book, accessible to 7-9, doesnt scale up to Scholar (mystery is structurally simple for 10-12 reader; that age has Westing Game etc.)."
A-036,91ef1055-a565-49b2-ada0-265608b63850,City of Plagues and Perfumes,Jake Halpern and Peter Kujawinski,8-10,independent,chapter-book,2026,True,A — 8-10 retag,retag,"7-9, 10-12",none,,City of Plagues and Perfumes — Halpern/Kujawinski. Plague tracking by scent. Fantasy-with-science-grounding. 7-9 to 10-12 dual fit.
A-037,b749b3a3-bedc-41dc-844c-afa21fa81009,Elf Dog and Owl Head,M.T. Anderson,8-10,independent,chapter-book,2023,True,A — 8-10 retag,retag,"7-9, 10-12",none,,Elf Dog and Owl Head — M.T. Anderson 2023. Rural fantasy with identity-transformation theme. 7-9 to 10-12.
A-038,47703cc1-76a7-4f81-9335-e4ff5a3e17b8,Extreme Birdwatching: Measuring Change on a Galápagos Island,Loree Griffin Burns,"5-7, 8-10",independent,chapter-book,2026,True,A — 8-10 retag,retag,"7-9, 10-12",none,,"Extreme Birdwatching: Galápagos finches, Grant decades-long study. Chapter-book nonfiction (mis-tagged in some libraries as nonfiction picture-book; this is chapter-length). Evolution science. 7-9 to 10-12."
A-039,3c0fc575-d2af-4436-96f2-a7e6463a2ff3,Fablehaven,Brandon Mull,8-10,independent,chapter-book,2006,True,A — 8-10 retag,retag,7-9,none,,Fablehaven — Brandon Mull. Magic-creatures-on-a-preserve series opener. Series escalates dark; book one stays at 7-9 fit. Doesnt need 10-12 placement (series readers age into deeper books #2 onward).
A-040,25b9da9c-66ea-4175-ad35-38d8babe8d09,Found Sound,Meg Wolitzer and Charlie Panek,"5-7, 8-10",independent,chapter-book,2026,True,A — 8-10 retag,retag,"5-6, 7-9",none,,Found Sound — Wolitzer/Panek. Sound-scavenger-hunt + community history. Independent reading level but the puzzle-driven structure works for advanced 5-6 read-aloud and squarely 7-9.
A-041,e399a9c3-7c4a-416a-b9bf-7c5a8c329a62,Gentle Ben,Walt Morey,"5-7, 8-10",independent,chapter-book,1965,False,A — 8-10 retag,remove-from-database,,amy-approved,,"REMOVED per Amy directive (best-guess approval). Pre-1990 with animal-cruelty themes (bear chained in shed, hunting peril). Removing per same logic as other pre-1990 period-content books. Original: Gentle Ben — 1965 Walt Morey. Pre-1990, browse_visible likely False. Content has bear-hunting peril and animal cruelty themes that need Beths eyes-on. Possibly retire from browse, retain for plan generator with Heads Up."
A-042,6a24899d-cfae-4ce2-b045-c6756c48997a,Harriet the Spy,Louise Fitzhugh,"5-7, 8-10",independent,chapter-book,1964,False,A — 8-10 retag,retag,"7-9, 10-12",none,,"Harriet the Spy — 1964 Fitzhugh. Pre-1990, browse_visible likely False. Canonical. Identity / privacy / consequence themes scale 7-9 to 10-12."
A-043,2f9736ef-8086-4778-97f1-cbffe7f47ad3,Hatchet,Gary Paulsen,"10-12, 8-10",independent,chapter-book,1987,False,A — 8-10 retag,retag,10-12,duplicate,,"Hatchet — DUPLICATE of row 44 (same Paulsen 1987 title, near-identical hook). De-dup required. Decision: 10-12 only — survival narrative, parental-divorce subplot, and intensity of crash sequence make this Scholar territory despite ""13-year-old protagonist"" suggesting earlier. Pre-1990, browse_visible may be True for canonical YA; confirm."
A-044,b9047b0e-4fd9-4b85-a6bf-2c3a7a8ad052,Hatchet,Gary Paulsen,"10-12, 8-10",independent,chapter-book,1987,False,A — 8-10 retag,remove-from-database,,amy-approved,,DUPLICATE removal per Amy directive — kept canonical copy elsewhere in corpus. Original audit rationale: Hatchet — DUPLICATE of row 43. Same audit outcome.
A-045,4553101c-b6a5-4058-a44c-ce8c146987e3,Hattie Mae Begins Again,Sharon G. Flake,8-10,independent,chapter-book,2026,True,A — 8-10 retag,retag,"7-9, 10-12",none,,"Hattie Mae Begins Again — Sharon Flake. 1938 setting, class-divide, boarding-school. Historical fiction. 7-9 to 10-12."
A-046,37f69898-b81f-41eb-bd07-ff6c2cc1cd6f,"Hello, Stranger",Barbara O'Connor,"5-7, 8-10",independent,chapter-book,2023,True,A — 8-10 retag,retag,"5-6, 7-9",none,,"Hello, Stranger — Barbara OConnor. Small-town friendship, stray dog. Reads younger than 8-10 currently suggests; chapter-book but accessible. 5-6 advanced read-aloud, 7-9 native."
A-047,82c0a2ac-8c49-45a1-9adb-1e7e2fe7c0e0,Iveliz Explains It All,Andrea Beatriz Arango,"5-7, 8-10",independent,chapter-book,2022,True,A — 8-10 retag,retag,"7-9, 10-12",amy-approved,,APPROVED per Amy directive (developmental edge call; no Heads Up needed). Iveliz Explains It All.
A-048,e9f85bce-0ffa-4f8e-8403-df9600e8e66e,Little House in the Big Woods,Laura Ingalls Wilder,"5-7, 8-10",independent,chapter-book,1932,False,A — 8-10 retag,remove-from-database,,amy-approved,,REMOVED per Amy directive (pre-1990 books with period-framing concerns). Original audit rationale: Little House in the Big Woods — 1932.
A-049,5c1d387e-e54f-4c06-8539-777384a1626a,Maizy Chen's Last Chance,Lisa Yee,"5-7, 8-10",independent,chapter-book,2022,True,A — 8-10 retag,retag,"7-9, 10-12",none,,Maizy Chens Last Chance — Lisa Yee. Newbery Honor. Family restaurant + Chinese American history mystery. 7-9 to 10-12.
A-050,a58a864c-dfa0-43c9-8461-f1240f655db0,Mr. Popper's Penguins,Richard and Florence Atwater,"5-7, 8-10",independent,chapter-book,1938,False,A — 8-10 retag,remove-from-database,,amy-approved,,"REMOVED per Amy directive (pre-1990 books with period-framing concerns). Original audit rationale: Mr. Poppers Penguins — 1938. Pre-1990, browse_visible likely False. Beth confirms whether period framing of Antarctic explorer / penguins-as-pets reads acceptably or should retire from browse; plan-generator retention defensible regardless."
A-051,ed7ffd68-7cf7-40d6-9857-7810a53a1bd7,Mr. Revere and I,Robert Lawson,"5-7, 8-10",independent,chapter-book,1953,False,A — 8-10 retag,remove-from-database,,amy-approved,,"REMOVED per Amy directive (pre-1990 books with period-framing concerns). Original audit rationale: Mr. Revere and I — 1953 Robert Lawson. Pre-1990, browse_visible likely False. Horse-narrator American Revolution. Beth confirms period framing."
A-052,83414db6-1d55-4ee9-975e-2c4585c6f8b2,My Side of the Mountain,Jean Craighead George,"5-7, 8-10",independent,chapter-book,1959,False,A — 8-10 retag,remove-from-database,,amy-approved,,"REMOVED per Amy directive (pre-1990 books with period-framing concerns). Original audit rationale: My Side of the Mountain — 1959 Jean Craighead George. Pre-1990, browse_visible likely False. Survival/wilderness canonical. Some hunting/animal-trapping content; Beth confirms."
A-053,2ad54316-f66e-4668-8c30-dfea2fce2b78,Neon,Jason Reynolds,"10-12, 8-10",independent,chapter-book,2025,True,A — 8-10 retag,remove-from-database,,amy-approved,,"REMOVED per Amy directive (single-issue calls). Original audit rationale: Neon — Jason Reynolds 2025. Reynolds writes consistently for upper-elementary through YA; ""luminous in her own right, without asking permission"" suggests 10-12+ thematic content (identity, agency, possibly preteen subject matter). Beth confirms upper-band only call."
A-054,9f09d8ce-e48b-4734-b823-cbb2db8219d7,Octopus Moon,Bobbie Pyron,8-10,independent,chapter-book,2025,True,A — 8-10 retag,retag,"7-9, 10-12",none,,Octopus Moon — child-octopus-mirror narrative. Marine biology + neurodivergence framing. 7-9 to 10-12.
A-055,97d24e32-12cd-4955-965c-453a6f1ca315,Out of My Mind,Sharon M. Draper,"10-12, 8-10",independent,chapter-book,2010,True,A — 8-10 retag,remove-from-database,,amy-approved,,REMOVED per Amy directive (sustained classroom/peer cruelty arcs). Original audit rationale: Out of My Mind.
A-056,8275d558-a86f-4b7d-bdb2-169ae666c966,Phoenix,Kimberly Brubaker Bradley,8-10,independent,chapter-book,2026,True,A — 8-10 retag,retag,"7-9, 10-12",none,,"Phoenix — Kimberly Brubaker Bradley. Series opener from Fighting Words author. Horse-girl narrative, but Bradley writes hard-edged. 7-9 to 10-12."
A-057,3dd5ddf3-152a-46aa-87dd-d55fc1094d22,Pocket,Katherine Applegate,8-10,independent,chapter-book,2025,True,A — 8-10 retag,remove-from-database,,amy-approved,,"REMOVED per Amy directive (single-issue calls). Original audit rationale: Pocket — Katherine Applegate. WWI toy bear narrator, ""outlasted everyone."" War content + grief. Applegate is canonical at 7-9 (Ivan, Crenshaw) but WWI-era loss may pull this Scholar. Beth confirms."
A-058,132926d5-66d5-43b6-9802-01a5f532e910,Pony,R.J. Palacio,"5-7, 8-10",independent,chapter-book,2022,True,A — 8-10 retag,retag,"7-9, 10-12",none,,"Pony — R.J. Palacio. Frontier wilderness, ghost-pony, search-for-father. Palacio writes 7-9 to 10-12 (Wonder author). Strong dual fit."
A-059,6fffd317-5286-4831-83c1-98bb3169ea41,Popcorn,Rob Harrell,"5-7, 8-10",independent,chapter-book,2025,True,A — 8-10 retag,retag,"5-6, 7-9",none,,"Popcorn — Rob Harrell. Family-dog narrator, joyful tone. Reads younger than 8-10 placement suggests. 5-6 advanced read-aloud, 7-9 native."
A-060,3034b7ff-4fdf-4dd2-9bfb-154d6ec41a04,Poppy,Avi,8-10,independent,chapter-book,1995,True,A — 8-10 retag,retag,7-9,none,,Poppy — 1995 Avi. Mouse-vs-owl wilderness narrative. Squarely Artisan. 10-12 has Avis harder books (Crispin etc.).
A-061,26a6ece0-de29-4414-9afa-99ca733d22ab,Radiant,Vaunda Micheaux Nelson,8-10,independent,chapter-book,2025,True,A — 8-10 retag,retag,"7-9, 10-12",none,,"Radiant — Vaunda Nelson. 1963 small-town, only Black student, mother as house-cleaner for the bullys family. Civil-rights-era historical fiction. 7-9 to 10-12."
A-062,50d9c57d-0e83-475e-bc84-657c461498eb,Ramona Quimby Age 8,Beverly Cleary,"5-7, 8-10",independent,chapter-book,1981,False,A — 8-10 retag,remove-from-database,,amy-approved,,"REMOVED per Amy directive (single-issue calls). Original audit rationale: Ramona Quimby Age 8 — 1981 Cleary. Pre-1990, browse_visible likely False. Canonical early-elementary. 5-6 read-aloud, 7-9 independent. Cleary content is largely timeless; minor period detail."
A-063,4bce4c59-7edb-459f-be92-0a6b7e10aedf,Savvy,Ingrid Law,"5-7, 8-10",independent,chapter-book,2008,True,A — 8-10 retag,remove-from-database,,amy-approved,,REMOVED per Amy directive (single-issue calls). Original audit rationale: Savvy.
A-064,243fd485-11db-4113-b4e5-202bb89d2cdf,Simon Sort of Says,Erin Bow,8-10,independent,chapter-book,2023,True,A — 8-10 retag,remove-from-database,,amy-approved,,REMOVED per Amy directive (single-issue calls). Original audit rationale: Simon Sort of Says — Erin Bow 2023. Newbery Honor. Plot premise: family relocates to escape viral video. Underlying premise is school-shooting-survivor; Bow handles with grace but this is heavy. Beth confirms developmentally appropriate placement; may pull to 10-12 only with Heads Up.
A-065,eb66ab88-d998-4ff7-9de4-902c1e841a38,Stuart Little,E.B. White,"5-7, 8-10",independent,chapter-book,1945,False,A — 8-10 retag,retag,"5-6, 7-9",none,,"Stuart Little — 1945 E.B. White. Pre-1990, browse_visible likely False. Canonical. 5-6 read-aloud, 7-9 independent."
A-066,0b0ec8fb-264b-402d-b7f4-6c90636f0810,Summer at Squee,Andrea Wang,8-10,independent,chapter-book,2025,True,A — 8-10 retag,retag,"7-9, 10-12",none,,Summer at Squee — Andrea Wang. Chinese American identity at summer camp. 7-9 to 10-12.
A-067,c53c654e-74ce-4533-949d-f2810f50a9e3,The Boy Who Harnessed the Wind (Young Readers Edition),William Kamkwamba & Bryan Mealer,8-10,independent,chapter-book,2015,True,A — 8-10 retag,retag,"7-9, 10-12",none,,Boy Who Harnessed the Wind YRE — Kamkwamba/Mealer. Memoir of Malawian self-taught engineer. Famine/poverty context handled honestly. 7-9 to 10-12.
A-068,b05ba6b0-0128-43bd-8021-bbf22bf7262c,The Cricket in Times Square,George Selden,"5-7, 8-10",independent,chapter-book,1960,False,A — 8-10 retag,remove-from-database,,amy-approved,,REMOVED per Amy directive (pre-1990 books with period-framing concerns). Original audit rationale: Cricket in Times Square — 1960 Selden.
A-069,fbd33b8a-7fbb-45d1-8f43-8e7b039ac14c,The Eyes and the Impossible,Dave Eggers,8-10,independent,chapter-book,2023,True,A — 8-10 retag,retag,"7-9, 10-12",none,,Eyes and the Impossible — Eggers. Newbery Medal 2024. Free-dog park-narrator. Reads Artisan-Scholar.
A-070,33d7446f-af57-4170-90f6-6f3789f8b710,The First State of Being,Erin Entrada Kelly,8-10,independent,chapter-book,2024,True,A — 8-10 retag,retag,"7-9, 10-12",none,,First State of Being — Erin Entrada Kelly 2024 Newbery Medal. Time-travel + Y2K. 7-9 to 10-12.
A-071,29f0f6a1-50a4-4922-80f3-294584b2b302,The Great Brain,John D. Fitzgerald,"5-7, 8-10",independent,chapter-book,1967,False,A — 8-10 retag,remove-from-database,,amy-approved,,"REMOVED per Amy directive (pre-1990 books with period-framing concerns). Original audit rationale: Great Brain — 1967 Fitzgerald. Pre-1990, browse_visible likely False. Mormon Utah 1896 setting, scheming-older-brother humor. Period framing of Native peoples and immigrants needs Beth eyes-on."
A-072,31b4863b-8e82-4748-b9a4-1163dcf7195e,The Great Wall of Lucy Wu,Wendy Wan-Long Shang,8-10,independent,chapter-book,2011,True,A — 8-10 retag,retag,"7-9, 10-12",none,,"Great Wall of Lucy Wu — Wendy Wan-Long Shang. Chinese grandmother, Chinese American identity. 7-9 to 10-12."
A-073,95fcebf3-cdf9-43c0-ac28-b0f6cff897cc,The Hundred Dresses,Eleanor Estes,8-10,independent,chapter-book,1944,False,A — 8-10 retag,retag,"7-9, 10-12",none,,"Hundred Dresses — 1944 Eleanor Estes. Pre-1990, browse_visible likely False. Canonical bullying-and-regret. Companion to Each Kindness at older reader. 7-9 to 10-12."
A-074,b4a7aeec-7a55-4cd8-9a03-b51680f7a768,The Impossible Creatures,Katherine Rundell,"10-12, 8-10",independent,chapter-book,2023,True,A — 8-10 retag,remove-from-database,,amy-approved,,REMOVED per Amy directive (single-issue calls). Original audit rationale: Impossible Creatures — Katherine Rundell.
A-075,66e09d05-82af-45f5-b301-ba0ebcda36bc,The Incredibly Human Henson Blayze,Derrick Barnes,8-10,independent,chapter-book,2025,True,A — 8-10 retag,retag,"7-9, 10-12",none,,Incredibly Human Henson Blayze — Derrick Barnes. Identity-formation narrative. 7-9 to 10-12.
A-076,4b583c71-917b-4d6e-a693-f37ea19f85e4,The Last Mapmaker,Christina Soontornvat,"5-7, 8-10",independent,chapter-book,2022,True,A — 8-10 retag,retag,"7-9, 10-12",none,,"Last Mapmaker — Christina Soontornvat. Newbery Honor. Apprentice-mapmaker sea voyage, layered ethics. 7-9 to 10-12."
A-077,1ae3aa56-373d-4ff4-ae95-37b15b2c7963,The Lemonade War,Jacqueline Davies,"5-7, 8-10",independent,chapter-book,2007,True,A — 8-10 retag,retag,7-9,none,,Lemonade War — Davies. Sibling competition + economics primer. Squarely Artisan. Doesnt scale to Scholar.
A-078,a119656b-3b08-4cbf-bdf7-8d2fbb17a4af,The Lions' Run,Sara Pennypacker,8-10,independent,chapter-book,2026,True,A — 8-10 retag,remove-from-database,,amy-approved,,"REMOVED per Amy directive (civil-rights-era books where violence is the subject, not backdrop). Original audit rationale: The Lions Run — Sara Pennypacker 2026. Nazi-occupied France, Lebensborn program (stolen children), Resistance. WWII content with kidnapping-of-children theme. Pennypacker has range (Pax is 7-9, this reads older). Beth confirms — likely Scholar-only with Heads Up."
A-079,478900ef-be38-4908-bb99-f613975dcd6d,The Lumbering Giants of Windy Pines,Mo Netz,8-10,independent,chapter-book,2024,True,A — 8-10 retag,retag,"7-9, 10-12",none,,"Lumbering Giants of Windy Pines — Mo Netz. Wheelchair protagonist, scary woods. Disability + adventure. 7-9 to 10-12."
A-080,7323a15c-c368-4e6f-bc7a-4bb803520a0d,"The Many Assassinations of Samir, the Seller of Dreams",Daniel Nayeri,8-10,independent,chapter-book,2023,True,A — 8-10 retag,remove-from-database,,amy-approved,,"REMOVED per Amy directive (single-issue calls). Original audit rationale: Many Assassinations of Samir — Daniel Nayeri. Persian trade routes, repeated assassination attempts, moral problem per chapter. Sophisticated structure, religious/philosophical content. Likely Scholar-only. Beth confirms."
A-081,b9d3cdbb-1352-44dc-8fc6-e5dbe3066e17,The Map Trap,Andrew Clements,8-10,independent,chapter-book,2014,True,A — 8-10 retag,retag,"5-6, 7-9",none,,Map Trap — Andrew Clements. School-mystery-about-teacher. Clements is 5-6 advanced to 7-9. Doesnt scale to Scholar.
A-082,9f92c599-c5e1-4f13-897c-32e6d87c1dc4,The Marvellers,Dhonielle Clayton,"5-7, 8-10",independent,chapter-book,2022,True,A — 8-10 retag,retag,"7-9, 10-12",none,,The Marvellers — Dhonielle Clayton. Magic-school + Black girl as first-of-her-kind. 7-9 to 10-12.
A-083,1ca9506a-27de-44c1-87e3-20694c246137,The Nine Moons of Han Yu and Luli,Karina Yan Glaser,"5-7, 8-10",independent,chapter-book,2025,True,A — 8-10 retag,retag,"7-9, 10-12",none,,Nine Moons of Han Yu and Luli — Karina Yan Glaser. Chinese mythology + science. 7-9 to 10-12.
A-084,cb1d8d4c-cfe3-4daf-bc83-1c2016308fb2,The One and Only Ivan,Katherine Applegate,8-10,independent,chapter-book,2012,True,A — 8-10 retag,retag,"7-9, 10-12",none,,"One and Only Ivan — Applegate. Newbery Medal. Captivity narrative, art-as-truth. 7-9 to 10-12. Cited in Sienna audit Theme 49 framing."
A-085,82349b5f-824f-4da9-acd9-633e4c85707f,The One and Only Ruby,Katherine Applegate,"5-7, 8-10",independent,chapter-book,2023,True,A — 8-10 retag,retag,"5-6, 7-9",none,,One and Only Ruby — Applegate. Younger sister-companion to Ivan. Reads 5-6 advanced to 7-9 native.
A-086,0791ad02-190d-477f-8bc8-14d8940c5c87,The Pecan Sheller,Lupe Ruiz-Flores,"10-12, 8-10",independent,chapter-book,2025,True,A — 8-10 retag,retag,"7-9, 10-12",amy-approved,,"APPROVED per Amy directive (civil-rights-era backdrop, not subject; representation-rich content). Pecan Sheller — Lupe Ruiz-Flores. 1930 Texas labor strike, child-laborer protagonist. Historical fiction with labor history. 7-9 to 10-12."
A-087,3d726590-8045-4247-8e6a-3e856186450a,The Penderwicks on Gardam Street,Jeanne Birdsall,"5-7, 8-10",independent,chapter-book,2008,True,A — 8-10 retag,retag,"5-6, 7-9",none,,"Penderwicks on Gardam Street — Birdsall. Sister-comedy. 5-6 read-aloud, 7-9 native."
A-088,bccdd045-7863-4dfa-b59d-cc199143a9a9,The Phantom Tollbooth,Norton Juster,"5-7, 8-10",independent,chapter-book,1961,False,A — 8-10 retag,retag,"7-9, 10-12",none,,"Phantom Tollbooth — 1961 Juster. Pre-1990, browse_visible likely False. Canonical wordplay-fantasy. 7-9 to 10-12 — wordplay sophistication scales."
A-089,2846ce50-906b-4d29-aab4-734c7ee2cc8d,The Poisoned King,Katherine Rundell,"10-12, 8-10",independent,chapter-book,2025,True,A — 8-10 retag,retag,10-12,none,,The Poisoned King — Rundell sequel to Impossible Creatures. Series escalates; this volume Scholar.
A-090,83dffdfb-85f0-4899-9ee8-d7d5d52e3d60,The Secret Library,Kekla Magoon,8-10,independent,chapter-book,2026,True,A — 8-10 retag,remove-from-database,,amy-approved,,"REMOVED per Amy directive (single-issue calls). Original audit rationale: Secret Library — Kekla Magoon 2026. ""Save lives or destroy everything."" Magoon writes substantive middle-grade. Plot-stakes language suggests intensity; Beth confirms."
A-091,f569e72e-1c70-4194-a685-d6e98187d1f0,The Shrew Detective: The Case of the Pilfered Pearls,Margi Preus,"5-7, 8-10",independent,chapter-book,2026,True,A — 8-10 retag,retag,"5-6, 7-9",none,,"Shrew Detective — Margi Preus. Victorian-detective + natural-history hybrid. 5-6 read-aloud advanced, 7-9 native."
A-092,a2e09e27-36c8-49e9-bfd1-1f29e356d4a7,The Teacher of Nomad Land: A World War II Story,Daniel Nayeri,"10-12, 8-10",independent,chapter-book,2025,True,A — 8-10 retag,remove-from-database,,amy-approved,,"REMOVED per Amy directive (single-issue calls). Original audit rationale: Teacher of Nomad Land — Daniel Nayeri. 1941 Iran, orphaned siblings, WWII. Nayeris prior work (Many Assassinations) is Scholar-tier. WWII setting + orphan-sibling narrative. Beth confirms Scholar-only with Heads Up."
A-093,bf68cb95-57e8-4004-8507-a60eaa6594e0,The Tenth Mistake of Hank Hooperman,Gennifer Choldenko,8-10,independent,chapter-book,2024,True,A — 8-10 retag,retag,"7-9, 10-12",none,,Tenth Mistake of Hank Hooperman — Choldenko. Mistakes-as-learning. 7-9 to 10-12.
A-094,f1e1a3f5-4000-4c71-b04b-3e857ede7dc6,The Trumpet of the Swan,E.B. White,"5-7, 8-10",independent,chapter-book,1970,False,A — 8-10 retag,retag,"5-6, 7-9",none,,"Trumpet of the Swan — 1970 White. Pre-1990, browse_visible likely False. Canonical. Reads 5-6 advanced to 7-9 native."
A-095,c3be3f45-f5ea-45cf-8f21-4721da6c8859,The Undead Fox of Deadwood Forest,Aubrey Hartman,"5-7, 8-10",independent,chapter-book,2025,True,A — 8-10 retag,remove-from-database,,amy-approved,,REMOVED per Amy directive (single-issue calls). Original audit rationale: Undead Fox of Deadwood Forest — Aubrey Hartman. Soul-guide-fox + soul-that-refuses-to-leave. Death-and-afterlife theme handled fantastically. Picture-book-of-death-handling. Beth confirms.
A-096,d1c1427a-e4c8-450e-9530-f340178d6323,The Wild Robot Protects,Peter Brown,"5-7, 8-10",independent,chapter-book,2023,True,A — 8-10 retag,retag,"7-9, 10-12",none,,Wild Robot Protects — Peter Brown. Series third volume. Squarely 7-9 to 10-12.
A-097,37779edd-b509-4b79-b766-90f5e2425123,The Winter of the Dollhouse,Laura Amy Schlitz,8-10,independent,chapter-book,2025,True,A — 8-10 retag,retag,"7-9, 10-12",none,,"Winter of the Dollhouse — Laura Amy Schlitz. Cross-generational mystery, antique-doll. Schlitz writes 7-9 to 10-12."
A-098,f3d07dec-4391-4bc7-9b2f-c5c82ffe31e4,When the Sea Turned to Silver,Grace Lin,8-10,independent,chapter-book,2016,True,A — 8-10 retag,retag,"7-9, 10-12",none,,When the Sea Turned to Silver — Grace Lin. Chinese folktale-driven adventure. 7-9 to 10-12.
A-099,d7acaf08-7965-4c79-9132-d4b5d5fa6a9d,Botticelli's Apprentice,Ursula Murray Husted,"10-12, 8-10",independent,graphic-novel,2025,True,A — 8-10 retag,retag,"7-9, 10-12",none,,Botticellis Apprentice — Husted. Renaissance Florence. Graphic-novel format reads accessibly; content is art-history substantial. 7-9 to 10-12.
A-100,c33a58b7-cfb2-4498-9b8e-1edf2d3c3cd6,Frizzy,Claribel A. Ortega,"5-7, 8-10",independent,graphic-novel,2022,True,A — 8-10 retag,retag,"7-9, 10-12",none,,"Frizzy — Ortega. Pura Belpré-winning graphic novel. Hair, identity, family. 7-9 to 10-12."
A-101,60cc4f62-215b-482b-8f75-e8a003e3ff61,Human Body Theater,Maris Wicks,8-10,independent,graphic-novel,2015,True,A — 8-10 retag,retag,"5-6, 7-9",none,,"Human Body Theater — Maris Wicks. Skeleton-host anatomy tour. Graphic-novel format makes 5-6 advanced read-aloud viable, 7-9 native independent. Doesnt scale to 10-12 (concept is introductory anatomy)."
A-102,74bdd11a-4b39-4b35-987f-cc0a8148196d,J vs. K,Jerry Craft and Kwame Alexander,"10-12, 8-10",independent,graphic-novel,2025,True,A — 8-10 retag,retag,"7-9, 10-12",none,,J vs. K — Craft + Alexander. Two Newbery winners co-write. 7-9 to 10-12.
A-103,ea9a1df0-a65d-4e86-b64e-9f0390c32f67,Mexikid,Pedro Martín,"5-7, 8-10",independent,graphic-novel,2023,True,A — 8-10 retag,retag,"7-9, 10-12",none,,Mexikid — Pedro Martín. Newbery Honor 2024. Family road trip to Mexico. 7-9 to 10-12.
A-104,701d5fd5-4d3a-4718-bf41-0d41f82eee70,Night Chef,Mika Song,"5-7, 8-10",independent,graphic-novel,2025,True,A — 8-10 retag,retag,"5-6, 7-9",none,,"Night Chef — Mika Song. Raccoon-secretly-a-chef. Picture-book-style graphic novel. 5-6 advanced read-aloud, 7-9 native."
A-105,771d8409-2080-43d8-84c7-821c6e0b85e6,Remarkably Ruby,Terri Libenson,8-10,independent,graphic-novel,2022,True,A — 8-10 retag,retag,"7-9, 10-12",none,,Remarkably Ruby — Libenson. Two-perspective school graphic novel. Series fits 7-9 to 10-12.
A-106,d5f74373-af6a-44be-bf10-35bd82e6feb0,Sashimi: A Graphic Novel,Dan Santat,"5-7, 8-10",independent,graphic-novel,2026,True,A — 8-10 retag,retag,"5-6, 7-9",none,,Sashimi — Dan Santat. First-day-of-school + sea-monster-search. Caldecott-winner author. Reads 5-6 advanced to 7-9.
A-107,ef03165d-ab2f-4078-b15f-c70943207bf6,The Ink Witch,Steph Cherrywell,"10-12, 8-10",independent,graphic-novel,2025,True,A — 8-10 retag,retag,10-12,amy-approved,,"APPROVED per Amy directive (developmental edge call; no Heads Up needed). The Ink Witch — Steph Cherrywell. Witch + ink-with-life-of-its-own. ""Reshapes everything she thought she knew"" suggests YA-adjacent. Beth confirms — graphic-novel format and witch-magic content may need review for younger band fit; recommend Scholar-only pending eyes-on."
A-108,5577338e-7f22-437b-8bd0-63b21ee6375b,The Vanishing of Lake Peigneur: A Graphic Novel Based on a True Story,Allan Wolf,"10-12, 8-10",independent,graphic-novel,2025,True,A — 8-10 retag,retag,"7-9, 10-12",none,,Vanishing of Lake Peigneur — Allan Wolf. 1980 oil-drilling-disaster nonfiction graphic novel. Geological-disaster physics. 7-9 to 10-12.
A-109,ae9f3932-7a33-46cc-8e40-9d87d9b9bcad,Wrong Friend,Charise Mericle Harper,"5-7, 8-10",independent,graphic-novel,2026,True,A — 8-10 retag,retag,"7-9, 10-12",none,,Wrong Friend — Charise Mericle Harper. Friendship-loss-not-death. Graphic novel. 7-9 to 10-12. Family-conversation tier.
A-110,b1858f24-47bf-4366-9c8a-6f8b6a7a1beb,A Drop of Water,Walter Wick,"5-7, 8-10",independent,nonfiction,1997,True,A — 8-10 retag,retag,"5-6, 7-9",none,,"A Drop of Water — 1997 Walter Wick. Pre-1990 (1997 is post; OK). Macro-photography science. 5-6 read-aloud, 7-9 independent."
A-111,8515ce41-7c3f-4946-b367-6eb0fba6f064,A Window into the Ocean Twilight Zone,Michelle Cusolito,8-10,independent,nonfiction,2022,True,A — 8-10 retag,retag,"7-9, 10-12",none,,Window into Ocean Twilight Zone — Cusolito. Ocean ecology nonfiction at chapter-length. 7-9 to 10-12.
A-112,1c5e53e9-5189-40a1-9de1-8e0a7ccf16a9,Almost Underwear: How a Piece of Cloth Traveled from Kitty Hawk to the Moon and Mars,Jonathan Roth,"5-7, 8-10",independent,nonfiction,2025,True,A — 8-10 retag,retag,"5-6, 7-9",none,,"Almost Underwear — Jonathan Roth. Space Shuttle thermal-fabric origin from Wright Brothers. Engineering history. 5-6 advanced read-aloud, 7-9 native."
A-113,10d01d03-4e42-4423-b475-77160130f560,An Immense World (Young Readers Edition): How Animals Sense Earth's Amazing Secrets,Ed Yong,8-10,independent,nonfiction,2025,True,A — 8-10 retag,retag,"7-9, 10-12",none,,An Immense World YRE — Ed Yong. Animal sensory worlds. Yongs adult book is famous; YRE makes 7-9 to 10-12 viable.
A-114,8a2df050-cfec-42ae-8393-b4a4cd14fe46,"At Last She Stood: How Joey Guerrero Spied, Survived, and Fought for Freedom",Erin Entrada Kelly,8-10,independent,nonfiction,2025,True,A — 8-10 retag,remove-from-database,,amy-approved,,"REMOVED per Amy directive (civil-rights-era books where violence is the subject, not backdrop). Original audit rationale: At Last She Stood — Joey Guerrero. WWII Filipina spy with leprosy. Disability + war + colonial-era context. Erin Entrada Kelly is canonical 7-9 author but this content sits 10-12. Beth confirms Scholar-only."
A-115,1cd2d48f-0fc7-4100-beba-4618e87a6ce4,Baseball's Shining Season: America's Pastime on the Brink of War,Martin W. Sandler and Craig Sandler,"10-12, 8-10",independent,nonfiction,2026,True,A — 8-10 retag,retag,10-12,none,,Baseballs Shining Season — 1941 baseball + WWII tension. Sports + history. Sandler writes Scholar-tier. 10-12 only.
A-116,b3c0ed00-29a2-44ce-88c1-7183ca3ef818,Before the Ships: The Birth of Black Excellence in American Aviation,Maisha Oso,8-10,independent,nonfiction,2025,True,A — 8-10 retag,retag,"7-9, 10-12",none,,Before the Ships — Maisha Oso. Black aviation history before Tuskegee. 7-9 to 10-12.
A-117,800fea57-6662-4603-ba6a-713c9dddd4d5,Ben Franklin's Almanac,Candace Fleming,"5-7, 8-10",independent,nonfiction,2003,True,A — 8-10 retag,retag,"7-9, 10-12",none,,Ben Franklins Almanac — Candace Fleming. Scrapbook-format biography. 7-9 to 10-12.
A-118,b57183ab-d9a4-4f90-90da-6ea888345ecb,"Bounce! The Wonderful, Wacky, World-Changing History of Rubber",Sarah Albee,"5-7, 8-10",independent,nonfiction,2023,True,A — 8-10 retag,retag,"5-6, 7-9",none,,"Bounce! — Sarah Albee. Rubber-history-of-civilization. Albee writes accessible nonfiction. 5-6 advanced read-aloud, 7-9 native. Doesnt require Scholar tier."
A-119,adbdfed4-533a-4cd6-91be-f3af0d023496,Call Me Roberto!: The Story of Roberto Clemente,Nathalie Alonso,"5-7, 8-10",independent,nonfiction,2023,True,A — 8-10 retag,retag,"5-6, 7-9",none,,Call Me Roberto! — Roberto Clemente bio. Picture-bio-as-chapter-format. 5-6 to 7-9.
A-120,8281d83d-6021-4a50-b82a-5a03cf32197a,Castle,David Macaulay,"10-12, 8-10",independent,nonfiction,1977,False,A — 8-10 retag,remove-from-database,,amy-approved,,"REMOVED per Amy directive (single-issue calls). Original audit rationale: Castle — 1977 David Macaulay. Pre-1990, browse_visible likely False. Caldecott Honor. Architectural cross-section nonfiction. Macaulays detail is dense; 10-12 fit. Beth confirms whether to retain in browse despite pre-1990 — Macaulay has minimal aging concerns (technical content) and remains library-staple."
A-121,77e83662-03df-4ab5-88a6-46ae6bd05fc3,City Safari: A Young Naturalist's Guide to Discovering Nature in the City,Jenette Restivo,"5-7, 8-10",independent,nonfiction,2025,True,A — 8-10 retag,retag,"5-6, 7-9",none,,"City Safari — Jenette Restivo. Urban naturalist field guide. 5-6 with adult, 7-9 independent."
A-122,19e8e348-c65a-4365-8982-fe55bb2aad97,Daughter of the Light-Footed People: The Story of Indigenous Marathon Champion Lorena Ramírez,Belen Medina,8-10,independent,nonfiction,2025,True,A — 8-10 retag,retag,"7-9, 10-12",none,,"Daughter of Light-Footed People — Lorena Ramírez, Tarahumara runner. 7-9 to 10-12."
A-123,73f249f3-5ca4-4d18-8f6f-80c84586326d,"Dead Ends! Flukes, Flops, and Failures That Sparked Medical Marvels",Lindsey Fitzharris,8-10,independent,nonfiction,2025,True,A — 8-10 retag,retag,"7-9, 10-12",none,,Dead Ends! — Lindsey Fitzharris. Medical-failures-led-to-breakthroughs. Fitzharriss adult work is graphic; YA framing accessible. 7-9 to 10-12.
A-124,b9e3cac1-06cd-4d6c-a8c5-255a4d2a3a1c,Earthrise: How the Apollo 8 Crew Photographed the World,Leonard S. Marcus,"10-12, 8-10",independent,nonfiction,2025,True,A — 8-10 retag,retag,"7-9, 10-12",none,,Earthrise — Apollo 8 photograph history. 7-9 to 10-12.
A-125,69651b0d-0e1b-4fd2-b7f2-f7380a2c99c3,Full Moon,Michael Light,"10-12, 8-10",independent,nonfiction,1999,True,A — 8-10 retag,remove-from-database,,amy-approved,,REMOVED per Amy directive (single-issue calls). Original audit rationale: Full Moon — 1999 Michael Light. NASA Apollo photographs. Pre-1990 (false — 1999 is post). Coffee-table photography book. 10-12 only — viewing experience requires the patient older reader. Beth confirms whether browse-suitable or plan-generator-only.
A-126,4c6cbef2-3a58-4893-a552-b23f766ac041,Grand Canyon,Jason Chin,"5-7, 8-10",independent,nonfiction,2017,True,A — 8-10 retag,retag,"5-6, 7-9",none,,"Grand Canyon — Jason Chin. Caldecott Honor. Layer-by-layer geology picture-book. 5-6 read-aloud, 7-9 independent."
A-127,59f97dc6-96c7-41e5-822c-963cfae4beb4,Holding Her Own: The Exceptional Life of Jackie Ormes,Traci N. Todd,"5-7, 8-10",independent,nonfiction,2023,True,A — 8-10 retag,retag,"5-6, 7-9",none,,Holding Her Own — Jackie Ormes biography. First Black woman syndicated cartoonist. 5-6 to 7-9.
A-128,cc1f604d-8b2e-46cb-9093-e9bc998fa8a3,Judge Ketanji Brown Jackson: A Life Committed to Justice,Lori Rozsa and Garen Thomas,"10-12, 8-10",independent,nonfiction,2026,True,A — 8-10 retag,retag,10-12,none,,Judge Ketanji Brown Jackson — civil rights law biography. Vocabulary and judicial-process content at Scholar.
A-129,a97e9dcc-8605-411c-99b6-1422b1cd8d4b,Mimic Makers: Biomimicry Inventors Inspired by Nature,Kristen Nordstrom,"5-7, 8-10",independent,nonfiction,2023,True,A — 8-10 retag,retag,"5-6, 7-9",none,,"Mimic Makers — biomimicry. Velcro from cocklebur, etc. 5-6 advanced read-aloud, 7-9 native."
A-130,ffb5959d-8aa5-4f29-a26f-c01d7be5c43b,"My Antarctica: True Adventures in the Land of Mummified Seals, Space Robots, and So Much More",G. Neri,8-10,independent,nonfiction,2024,True,A — 8-10 retag,retag,"7-9, 10-12",none,,My Antarctica — G. Neri. Adult-narrator-converted-to-science memoir. 7-9 to 10-12.
A-131,8076a409-593f-44ac-9866-dfa940422b1d,Neighborhood Sharks,Katherine Roy,8-10,independent,nonfiction,2014,True,A — 8-10 retag,retag,"5-6, 7-9",none,,"Neighborhood Sharks — Katherine Roy. Sibert Medal. Great whites near SF. 5-6 with adult, 7-9 independent."
A-132,93d7dbb7-66d2-45a5-bd9c-49fb1cc201a5,Octopus Ocean: Geniuses of the Deep,Mark Leiren-Young,"5-7, 8-10",independent,nonfiction,2025,True,A — 8-10 retag,retag,"5-6, 7-9",none,,"Octopus Ocean — Mark Leiren-Young. Octopus cognition. 5-6 advanced read-aloud, 7-9 native."
A-133,c9f60a49-a68b-43fb-ba80-d91c7d462a66,Plague-Busters! A Germ-Hunter's History of Fighting Deadly Disease,Lindsey Fitzharris,"10-12, 8-10",independent,nonfiction,2023,True,A — 8-10 retag,remove-from-database,,amy-approved,,"REMOVED per Amy directive (single-issue calls). Original audit rationale: Plague-Busters! — Lindsey Fitzharris. Disease history, including doctors who died. Fitzharriss rigor + plague content suggests Scholar-only. Beth confirms."
A-134,6a9eeb44-5953-43fc-a54b-7467a3401e5b,Seeds of Discovery: How Barbara McClintock Used Corn and Curiosity to Solve a Science Mystery and Win a Nobel Prize,Lori Alexander,"5-7, 8-10",independent,nonfiction,2025,True,A — 8-10 retag,retag,"5-6, 7-9",none,,"Seeds of Discovery — Barbara McClintock biography. Genetics + woman-in-science. 5-6 advanced read-aloud, 7-9 native."
A-135,8dbf5c30-09c9-4830-81c1-7017eb49e688,"Seen and Unseen: What Dorothea Lange, Toyo Miyatake, and Ansel Adams's Photographs Reveal About the Japanese American Incarceration",Elizabeth Partridge,"5-7, 8-10",independent,nonfiction,2022,True,A — 8-10 retag,retag,"7-9, 10-12",amy-approved,,"APPROVED per Amy directive (civil-rights-era backdrop, not subject; representation-rich content). Seen and Unseen — three-photographers Japanese American incarceration. Documentary photography + history. 7-9 to 10-12. Heads Up territory."
A-136,17a00390-9528-454e-a360-16460d43265c,Shipwrecked! by the Laws of Science: How 14 Shipwrecks Redefined What We Know About Our World,Martin W. Sandler,8-10,independent,nonfiction,2023,True,A — 8-10 retag,retag,"7-9, 10-12",none,,Shipwrecked! by Laws of Science — Sandler. Fourteen shipwrecks redefining knowledge. 7-9 to 10-12.
A-137,9e8239af-3c36-4e10-bfcf-b34a39d5c444,The Bard and the Book: How the First Folio Saved the Plays of William Shakespeare from Oblivion,Ann Bausum,8-10,independent,nonfiction,2025,True,A — 8-10 retag,retag,"7-9, 10-12",none,,Bard and the Book — Shakespeare First Folio. Literature history. 7-9 to 10-12.
A-138,fb75474b-fc92-4ec8-8fbb-04eb162b2185,The Beetle Book,Steve Jenkins,8-10,independent,nonfiction,2012,True,A — 8-10 retag,retag,"5-6, 7-9",none,,"Beetle Book — Steve Jenkins. To-scale beetle illustrations. Visual nonfiction. 5-6 with adult, 7-9 independent."
A-139,2093f602-f7f1-4953-ac34-f8ff61299852,The Book of Turtles,Sy Montgomery,"5-7, 8-10",independent,nonfiction,2023,True,A — 8-10 retag,retag,"5-6, 7-9",none,,"Book of Turtles — Sy Montgomery. Turtle natural history. Montgomery accessible. 5-6 advanced read-aloud, 7-9 native."
A-140,5176c3ad-1256-44ec-98db-5a05f7a1a9c9,The Doomsday Detectives: How Walter and Luis Alvarez Solved the Mystery of Dinosaur Extinction,Cindy Jenson-Elliott,"5-7, 8-10",independent,nonfiction,2025,True,A — 8-10 retag,retag,"7-9, 10-12",none,,Doomsday Detectives — Alvarez extinction-event discovery. Dinosaur extinction science. 7-9 to 10-12.
A-141,10d434b4-4436-45e2-a239-77387e5bc693,"The Enigma Girls: How Ten Teenagers Broke Ciphers, Kept Secrets, and Helped Win World War II",Candace Fleming,"10-12, 8-10",independent,nonfiction,2023,True,A — 8-10 retag,retag,10-12,none,,Enigma Girls — Bletchley Park codebreakers. WWII espionage. 10-12 only — content density and 30-year-secrecy framing wants the older reader.
A-142,b8f858b3-dc9e-4559-88ff-a71c1a24a52f,The Five Sides of Marjorie Rice: How an Amateur Mathematician Discovered New Shapes,Amy Alznauer,"5-7, 8-10",independent,nonfiction,2025,True,A — 8-10 retag,retag,"5-6, 7-9",none,,"Five Sides of Marjorie Rice — amateur mathematician. Pentagon tessellation. 5-6 advanced read-aloud, 7-9 native."
A-143,b920893f-d8bc-4cbf-9d85-7d18dea16f49,The Girl Who Drew Butterflies,Joyce Sidman,"10-12, 8-10",independent,nonfiction,2018,True,A — 8-10 retag,retag,10-12,duplicate,,Girl Who Drew Butterflies — DUPLICATE of row 144. De-dup required. Joyce Sidman 2018 Sibert Medal. Maria Sibylla Merian. Sophisticated science-history biography. 10-12.
A-144,ec9390ea-b374-49b9-8ff3-419f180a5c92,The Girl Who Drew Butterflies,Joyce Sidman,"10-12, 8-10",independent,nonfiction,2018,True,A — 8-10 retag,remove-from-database,,amy-approved,,DUPLICATE removal per Amy directive — kept canonical copy elsewhere in corpus. Original audit rationale: Girl Who Drew Butterflies — DUPLICATE of row 143. Same audit outcome.
A-145,7895644f-0f3c-4a9a-b591-662adc18f8f5,"The Mona Lisa Vanishes: A Legendary Painter, a Shocking Heist, and the Birth of a Global Celebrity",Nicholas Day,8-10,independent,nonfiction,2023,True,A — 8-10 retag,retag,10-12,none,,Mona Lisa Vanishes — art theft + celebrity-creation. Nicholas Day. 10-12.
A-146,f456feaa-2643-4cad-9639-fc740201d131,The Mysterious Virginia Hall: World War II's Most Dangerous Spy,Claudia Friddell,"10-12, 8-10",independent,nonfiction,2025,True,A — 8-10 retag,remove-from-database,,amy-approved,,REMOVED per Amy directive (single-issue calls). Original audit rationale: Mysterious Virginia Hall — WWII spy. Disability + war content. 10-12. Beth confirms — content sensitivity stays at Scholar.
A-147,727df2ff-83ef-4837-9fca-26dd0abbca2a,The Six (Young Readers Edition): The Untold Story of America's First Women Astronauts,Loren Grush,"10-12, 8-10",independent,nonfiction,2025,True,A — 8-10 retag,retag,10-12,none,,The Six YRE — first women NASA astronauts. 10-12.
A-148,3a4d3b3d-0d2b-4c3b-a5e2-5ba7f5a4f296,The World Is Waiting for You,Barbara Kerley,8-10,independent,nonfiction,2013,True,A — 8-10 retag,retag,"5-6, 7-9",none,,"World Is Waiting for You — Barbara Kerley. Explorer-as-kid biographies. 5-6 with adult, 7-9 native."
A-149,fb6c3825-cf62-4cad-8443-704cbd5ca38a,Tiny But Mighty,Hannah Shaw,8-10,independent,nonfiction,2019,True,A — 8-10 retag,retag,7-9,none,,Tiny But Mighty — Hannah Shaw. How-to-save-a-kitten. Practical animal-rescue content. Squarely 7-9.
A-150,a304bfeb-1001-49c5-80fe-3b2c7ea0146f,Wanda Hears the Stars: A Blind Astronomer Listens to the Universe,Amy S. Hansen and Wanda Díaz Merced,"5-7, 8-10",independent,nonfiction,2025,True,A — 8-10 retag,retag,"5-6, 7-9",none,,"Wanda Hears the Stars — blind astronomer converting starlight to sound. Disability + science. 5-6 advanced read-aloud, 7-9 native."
A-151,a139a139-2319-4d73-84e3-517400c4e03a,Counting on Katherine,Helaine Becker,8-10,independent,picture-book,2018,True,A — 8-10 retag,retag,"5-6, 7-9",none,,"Counting on Katherine — Katherine Johnson. Apollo 13 + Black mathematician biography. 5-6 read-aloud, 7-9 native."
A-152,99e9ea5f-7915-4bab-8f28-c64c030baec8,Separate Is Never Equal,Duncan Tonatiuh,8-10,independent,picture-book,2014,True,A — 8-10 retag,retag,"5-6, 7-9",duplicate,,"Separate Is Never Equal — DUPLICATE of row 153. Mendez v Westminster. Civil rights picture-book. 5-6 with adult discussion, 7-9 native."
A-153,d6c2204a-9dfc-4f6f-a649-536d3430047b,Separate Is Never Equal,Duncan Tonatiuh,8-10,independent,picture-book,2014,True,A — 8-10 retag,remove-from-database,,amy-approved,,DUPLICATE removal per Amy directive — kept canonical copy elsewhere in corpus. Original audit rationale: Separate Is Never Equal — DUPLICATE of row 152. Same audit outcome.
A-154,c4a50948-cf53-4caa-853e-5281f9bbe239,Shark Lady,Jess Keating,8-10,independent,picture-book,2017,True,A — 8-10 retag,retag,"5-6, 7-9",none,,Shark Lady — Eugenie Clark biography. Picture-book bio. 5-6 to 7-9.
A-155,ee65fccd-ba74-498f-887b-acfd3d7ae998,The Undefeated,Kwame Alexander,"10-12, 8-10",independent,picture-book,2019,True,A — 8-10 retag,retag,"7-9, 10-12",none,,"Undefeated — Kwame Alexander Caldecott Medal. Spans formats — picture-book in form, poetic-essay in content. 7-9 to 10-12."
A-156,2ec9dcd8-b953-43c9-a9e6-038d112f28f4,Wangari's Trees of Peace,Jeanette Winter,8-10,independent,picture-book,2008,True,A — 8-10 retag,retag,"5-6, 7-9",none,,Wangaris Trees of Peace — Wangari Maathai picture-book bio. 5-6 to 7-9.
A-157,35432dc8-06a8-4787-ae3c-334411f91d2e,NOA,Aaron Becker,"5-7, 8-10",pre-reader,picture-book,2024,True,A — 8-10 retag,retag,"3-4, 5-6",amy-approved,,"APPROVED per Amy directive (best-guess approval). Pre-reader picture-book mistagged at 8-10. Format-fix to 3-4 + 5-6 (Wonderer + Apprentice). Gentle apocalypse imagery (last animals, flooded world) is age-appropriate at 3-4 with adult framing — Aaron Becker handles this kind of material with restraint. Approving. Original: NOA — Aaron Becker. Wordless or near-wordless picture-book about a robot guardian. Pre-reader format pulls this out of 7-9 independent territory entirely. The 8-10 tagging looks wrong on inspection — a pre-reader picture-book belongs at Wonderer (3-4) and Apprentice (5-6), not Artisan. The flooded-world content has gentle apocalypse themes; Beth confirms whether 3-4 fit holds or whether the imagery (last animals, flooded world) pulls floor up to 5-6 only."
B-001,c6dbe5d7-1c9f-4315-be27-2f89f0d3cea5,Caps for Sale,Esphyr Slobodkina,2-4,pre-reader,picture-book,1940,False,B — 2-4 only,retag,"3-4, 5-6",none,,"Caps for Sale 1940. Pre-1990 already browse-hidden. Canonical pre-K classic. Migration clears obsolete 2-4 tag, retains in DB for plan-generator pulls (themes: pattern, monkeys, peddler-as-economic-figure). browse_visible stays False. PATCHED post-Session-13: pre-1990 board books retagged to Wonderer + Apprentice per locked Architecture. browse_visible stays false (out of /library browse) but books are now findable by plan-generator age-band queries."
B-002,4bcea89e-df02-456b-8119-d1231f83b861,Runaway Bunny,Margaret Wise Brown,2-4,pre-reader,picture-book,1942,False,B — 2-4 only,retag,"3-4, 5-6",none,,Runaway Bunny 1942. Pre-1990 already browse-hidden. Canonical attachment-and-imagination. Same handling as Caps for Sale. PATCHED post-Session-13: pre-1990 board books retagged to Wonderer + Apprentice per locked Architecture. browse_visible stays false (out of /library browse) but books are now findable by plan-generator age-band queries.
B-003,652a4a92-4fe3-4c8d-b1f6-b63dc21bb6bb,The Carrot Seed,Ruth Krauss,2-4,pre-reader,picture-book,1945,False,B — 2-4 only,retag,"3-4, 5-6",none,,The Carrot Seed 1945. Pre-1990 already browse-hidden. Patience-and-faith canonical. Plan-generator retains for plant/garden themes. PATCHED post-Session-13: pre-1990 board books retagged to Wonderer + Apprentice per locked Architecture. browse_visible stays false (out of /library browse) but books are now findable by plan-generator age-band queries.
B-004,99dab38b-e906-4cbb-a14d-7c3662017d9c,Goodnight Moon,Margaret Wise Brown,2-4,pre-reader,board-book,1947,False,B — 2-4 only,retag,"3-4, 5-6",none,,Goodnight Moon 1947 board-book. Pre-1990 already browse-hidden. Canonical bedtime. Migration clears 2-4 tag. PATCHED post-Session-13: pre-1990 board books retagged to Wonderer + Apprentice per locked Architecture. browse_visible stays false (out of /library browse) but books are now findable by plan-generator age-band queries.
B-005,30a2566e-39e9-4ee2-afa7-d61909179798,Blueberries for Sal,Robert McCloskey,2-4,pre-reader,picture-book,1948,False,B — 2-4 only,retag,"3-4, 5-6",none,,Blueberries for Sal 1948. Pre-1990 already browse-hidden. Mother-child parallel-narrative classic. Plan-generator retains for berries/summer/wildlife. PATCHED post-Session-13: pre-1990 board books retagged to Wonderer + Apprentice per locked Architecture. browse_visible stays false (out of /library browse) but books are now findable by plan-generator age-band queries.
B-006,0d1302d0-b5cf-4e39-a4c0-359f0622f804,Harold and the Purple Crayon,Crockett Johnson,2-4,pre-reader,picture-book,1955,False,B — 2-4 only,retag,"3-4, 5-6",none,,Harold and the Purple Crayon 1955. Pre-1990 already browse-hidden. Drawing-as-creation canonical. Plan-generator retains for imagination/art themes. PATCHED post-Session-13: pre-1990 board books retagged to Wonderer + Apprentice per locked Architecture. browse_visible stays false (out of /library browse) but books are now findable by plan-generator age-band queries.
B-007,de0bdff0-25f4-442e-9fb1-b38b045cb1c0,Over in the Meadow,John Langstaff,2-4,pre-reader,picture-book,1957,False,B — 2-4 only,retag,"3-4, 5-6",none,,Over in the Meadow 1957. Pre-1990 already browse-hidden. Counting + meadow ecology. Plan-generator retains. PATCHED post-Session-13: pre-1990 board books retagged to Wonderer + Apprentice per locked Architecture. browse_visible stays false (out of /library browse) but books are now findable by plan-generator age-band queries.
B-008,442c6618-0291-4ea9-a376-dbcf47383b48,Green Eggs and Ham,Dr. Seuss,2-4,pre-reader,picture-book,1960,False,B — 2-4 only,retag,"3-4, 5-6",none,,Green Eggs and Ham 1960. Pre-1990 already browse-hidden. Phonics + open-mindedness. Seuss content remains in DB. PATCHED post-Session-13: pre-1990 board books retagged to Wonderer + Apprentice per locked Architecture. browse_visible stays false (out of /library browse) but books are now findable by plan-generator age-band queries.
B-009,36270554-2d9b-4027-b7f0-5c1814a1a682,Inch by Inch,Leo Lionni,2-4,pre-reader,picture-book,1960,False,B — 2-4 only,retag,"3-4, 5-6",none,,Inch by Inch 1960 Lionni. Pre-1990 already browse-hidden. Measurement + cleverness. Plan-generator retains. PATCHED post-Session-13: pre-1990 board books retagged to Wonderer + Apprentice per locked Architecture. browse_visible stays false (out of /library browse) but books are now findable by plan-generator age-band queries.
B-010,4ed65746-1652-494c-95fd-649d3f1053b9,Clifford the Big Red Dog,Norman Bridwell,2-4,pre-reader,picture-book,1963,False,B — 2-4 only,retag,"3-4, 5-6",amy-approved,,REMOVED per Amy directive (sustained classroom/peer cruelty arcs). Original audit rationale: Clifford 1963. Pre-1990 already browse-hidden. Plan-generator retains. RE-INSERTED post-Phase-6A: Session 13 substring-match logic swept this row into removal incorrectly. Original audit decision restored. Filed as calibration finding.
B-011,6b59dd98-013d-4778-b284-6a6fd5deb6f8,Where the Wild Things Are,Maurice Sendak,2-4,pre-reader,picture-book,1963,False,B — 2-4 only,retag,"3-4, 5-6",none,,Where the Wild Things Are 1963. Pre-1990 already browse-hidden. Canonical emotion-regulation. Plan-generator retains for big-feelings themes. PATCHED post-Session-13: pre-1990 board books retagged to Wonderer + Apprentice per locked Architecture. browse_visible stays false (out of /library browse) but books are now findable by plan-generator age-band queries.
B-012,6da4c965-62db-4138-9f65-faba4c100ebe,Corduroy,Don Freeman,2-4,pre-reader,picture-book,1968,False,B — 2-4 only,retag,"3-4, 5-6",none,,Corduroy 1968. Pre-1990 already browse-hidden. Department-store-bear classic. PATCHED post-Session-13: pre-1990 board books retagged to Wonderer + Apprentice per locked Architecture. browse_visible stays false (out of /library browse) but books are now findable by plan-generator age-band queries.
B-013,f1d7c793-3417-4213-b9df-0a777d0ec403,The Very Hungry Caterpillar,Eric Carle,2-4,pre-reader,board-book,1969,False,B — 2-4 only,retag,"3-4, 5-6",none,,Very Hungry Caterpillar 1969 board-book. Pre-1990 already browse-hidden. Canonical metamorphosis + counting + days-of-week. PATCHED post-Session-13: pre-1990 board books retagged to Wonderer + Apprentice per locked Architecture. browse_visible stays false (out of /library browse) but books are now findable by plan-generator age-band queries.
B-014,d8da174b-ef98-40c0-9aad-303aabbbf302,Leo the Late Bloomer,Robert Kraus,2-4,pre-reader,picture-book,1971,False,B — 2-4 only,retag,"3-4, 5-6",none,,Leo the Late Bloomer 1971. Pre-1990 already browse-hidden. Developmental-readiness canonical. PATCHED post-Session-13: pre-1990 board books retagged to Wonderer + Apprentice per locked Architecture. browse_visible stays false (out of /library browse) but books are now findable by plan-generator age-band queries.
B-015,0e90b8a7-1aac-409a-9910-10ec840296a5,George and Martha,James Marshall,2-4,pre-reader,picture-book,1972,False,B — 2-4 only,retag,"3-4, 5-6",none,,George and Martha 1972 Marshall. Pre-1990 already browse-hidden. Friendship-five-stories canonical. PATCHED post-Session-13: pre-1990 board books retagged to Wonderer + Apprentice per locked Architecture. browse_visible stays false (out of /library browse) but books are now findable by plan-generator age-band queries.
B-016,58924788-0849-4803-9668-dcb1a1af3465,Freight Train,Donald Crews,2-4,pre-reader,board-book,1978,False,B — 2-4 only,retag,"3-4, 5-6",none,,Freight Train 1978 Crews. Pre-1990 already browse-hidden. Caldecott Honor color-and-motion canonical. PATCHED post-Session-13: pre-1990 board books retagged to Wonderer + Apprentice per locked Architecture. browse_visible stays false (out of /library browse) but books are now findable by plan-generator age-band queries.
B-017,10ca9ca4-fd5c-47bf-899c-cb3c10960301,The Napping House,Audrey Wood,2-4,pre-reader,picture-book,1984,False,B — 2-4 only,retag,"3-4, 5-6",none,,Napping House 1984 Wood. Pre-1990 already browse-hidden. Cumulative-tale canonical. PATCHED post-Session-13: pre-1990 board books retagged to Wonderer + Apprentice per locked Architecture. browse_visible stays false (out of /library browse) but books are now findable by plan-generator age-band queries.
B-018,51eca779-fae5-4bb2-afea-e91abf52840d,If You Give a Mouse a Cookie,Laura Numeroff,2-4,pre-reader,picture-book,1985,False,B — 2-4 only,retag,"3-4, 5-6",none,,"If You Give a Mouse a Cookie 1985. Pre-1990 already browse-hidden. Cause-effect canonical, series anchor. PATCHED post-Session-13: pre-1990 board books retagged to Wonderer + Apprentice per locked Architecture. browse_visible stays false (out of /library browse) but books are now findable by plan-generator age-band queries."
B-019,720a7d1a-2fb2-4e06-b397-8aaad0d36d68,A House for Hermit Crab,Eric Carle,2-4,pre-reader,picture-book,1987,False,B — 2-4 only,retag,"3-4, 5-6",none,,A House for Hermit Crab 1987 Carle. Pre-1990 already browse-hidden. Calendar/months + hermit crab biology. PATCHED post-Session-13: pre-1990 board books retagged to Wonderer + Apprentice per locked Architecture. browse_visible stays false (out of /library browse) but books are now findable by plan-generator age-band queries.
B-020,6c4b17d3-91d8-43ca-9693-1c943fabd262,Growing Vegetable Soup,Lois Ehlert,2-4,pre-reader,picture-book,1987,False,B — 2-4 only,retag,"3-4, 5-6",none,,Growing Vegetable Soup 1987 Ehlert. Pre-1990 already browse-hidden. Canonical farm-to-table. PATCHED post-Session-13: pre-1990 board books retagged to Wonderer + Apprentice per locked Architecture. browse_visible stays false (out of /library browse) but books are now findable by plan-generator age-band queries.
B-021,277210ae-377e-4e7f-8f1e-024f5351679b,Planting a Rainbow,Lois Ehlert,2-4,pre-reader,picture-book,1988,False,B — 2-4 only,retag,"3-4, 5-6",none,,Planting a Rainbow 1988 Ehlert. Pre-1990 already browse-hidden. Canonical garden + color. PATCHED post-Session-13: pre-1990 board books retagged to Wonderer + Apprentice per locked Architecture. browse_visible stays false (out of /library browse) but books are now findable by plan-generator age-band queries.
B-022,48978b94-9845-4908-be85-85e77a60edae,Chicka Chicka Boom Boom,Bill Martin Jr.,2-4,pre-reader,picture-book,1989,False,B — 2-4 only,retag,"3-4, 5-6",none,,Chicka Chicka Boom Boom 1989. Pre-1990 already browse-hidden. Canonical alphabet party. Plan-generator retains for alphabet/phonics themes. PATCHED post-Session-13: pre-1990 board books retagged to Wonderer + Apprentice per locked Architecture. browse_visible stays false (out of /library browse) but books are now findable by plan-generator age-band queries.
B-023,e233c979-8bb2-4fa5-9104-12f044ebbbd3,The Big Red Barn,Margaret Wise Brown,2-4,pre-reader,picture-book,1989,False,B — 2-4 only,retag,"3-4, 5-6",amy-approved,,REMOVED per Amy directive (sustained classroom/peer cruelty arcs). Original audit rationale: Big Red Barn 1989 Brown. Pre-1990 already browse-hidden. Canonical farm-day cycle. RE-INSERTED post-Phase-6A: Session 13 substring-match logic swept this row into removal incorrectly. Original audit decision restored. Filed as calibration finding.
B-024,387d5b96-6ce7-4c00-a517-feea455729fb,The Very Quiet Cricket,Eric Carle,2-4,pre-reader,picture-book,1990,True,B — 2-4 only,retag,"3-4, 5-6",none,,"Very Quiet Cricket 1990 Carle. Picture-book, accessible at 3-4 for the gentle plot, extends to 5-6 for insect-biology layer. Patience theme. Strong dual-band fit."
B-025,17998ab4-fa54-43d1-8609-2f8fa815b497,In a Small Small Pond,Denise Fleming,2-4,pre-reader,picture-book,1993,True,B — 2-4 only,retag,"3-4, 5-6",none,,"In a Small Small Pond 1993 Fleming. Pond-ecology rhyme. Visual-art focus. 3-4 read-aloud, 5-6 independent picture-reading."
B-026,aff545fa-511e-4399-b6b4-1c2029ee0b53,Goodnight Gorilla,Peggy Rathmann,2-4,pre-reader,picture-book,1994,True,B — 2-4 only,retag,"3-4, 5-6",none,,"Goodnight Gorilla 1994. Near-wordless. Visual-narrative for 3-4, 5-6 native picture-reading. Canonical zoo-narrative."
B-027,7a8abd24-5ca4-4313-9fbf-e67f5780b5df,If You Give a Pig a Pancake,Laura Numeroff,2-4,pre-reader,picture-book,1998,True,B — 2-4 only,retag,"3-4, 5-6",none,,"If You Give a Pig a Pancake 1998. Series cause-effect. 3-4 read-aloud, 5-6 independent."
B-028,59825a90-3e9c-4274-8451-0692c31be197,How Do Dinosaurs Say Goodnight,Jane Yolen,2-4,pre-reader,picture-book,2000,True,B — 2-4 only,retag,"3-4, 5-6",none,,How Do Dinosaurs Say Goodnight 2000 Yolen. Real dinosaur species + bedtime tantrums. 3-4 to 5-6.
B-029,68871a75-fe24-4269-b1a9-2c83e1a589a4,The Way I Feel,Janan Cain,2-4,pre-reader,picture-book,2000,True,B — 2-4 only,retag,"3-4, 5-6",none,,"The Way I Feel 2000 Cain. Emotion vocabulary primer. 3-4 with adult, 5-6 independent. Strong family-conversation tier for emotional regulation work."
B-030,7b780b79-8ed2-4fb4-9559-f8031e1c0a18,Don't Let the Pigeon Drive the Bus,Mo Willems,2-4,pre-reader,picture-book,2003,True,B — 2-4 only,retag,"3-4, 5-6",none,,"Dont Let the Pigeon Drive the Bus 2003 Willems. Canonical persuasion/refusal. 3-4 read-aloud, 5-6 independent."
B-031,b147c16a-1c98-4973-864e-59ab4c1bf942,Knuffle Bunny,Mo Willems,2-4,pre-reader,picture-book,2004,True,B — 2-4 only,retag,"3-4, 5-6",none,,Knuffle Bunny 2004 Willems. Toddler-cant-yet-speak premise. 3-4 to 5-6.
B-032,31dbad49-7025-4c99-8245-4e12bbe74d79,The Hello Goodbye Window,Norton Juster,2-4,pre-reader,picture-book,2005,True,B — 2-4 only,retag,"3-4, 5-6",none,,"Hello Goodbye Window 2005 Juster. Caldecott Medal. Grandparent-window narrative. 3-4 read-aloud, 5-6 native."
B-033,6ce545e9-8d59-40fb-87ca-0f66818d56bf,Duck and Goose,Tad Hills,2-4,pre-reader,picture-book,2006,True,B — 2-4 only,retag,"3-4, 5-6",none,,Duck and Goose 2006 Hills. Friendship + egg-misunderstanding. 3-4 to 5-6.
B-034,bfb3cd70-4933-42ff-b14d-861e9627c19f,Not a Box,Antoinette Portis,2-4,pre-reader,picture-book,2006,True,B — 2-4 only,retag,"3-4, 5-6",none,,Not a Box 2006 Portis. Imagination + box-as-everything. 3-4 to 5-6.
B-035,b30985e9-8191-4af9-a34b-975972e36415,"To Market, To Market",Anushka Ravishankar,2-4,pre-reader,picture-book,2007,True,B — 2-4 only,retag,"3-4, 5-6",none,,"To Market To Market 2007 Ravishankar. Counting + market chaos. 3-4 read-aloud, 5-6 independent."
B-036,8d689bd5-3fae-4871-b65c-482ea37eba91,Little Blue Truck,Alice Schertle,2-4,pre-reader,picture-book,2008,True,B — 2-4 only,retag,"3-4, 5-6",none,,Little Blue Truck 2008 Schertle. Friendship + truck-stuck-in-mud canonical. 3-4 to 5-6.
B-037,1ad99951-287e-4460-8df5-fbe74420d633,The Pout-Pout Fish,Deborah Diesen,2-4,pre-reader,picture-book,2008,True,B — 2-4 only,retag,"3-4, 5-6",none,,Pout-Pout Fish 2008. Emotion-shift narrative. 3-4 to 5-6.
B-038,bfe96837-cc37-4a92-bebd-3c915c74752b,Beautiful Oops,Barney Saltzberg,2-4,pre-reader,picture-book,2010,True,B — 2-4 only,retag,"3-4, 5-6",none,,"Beautiful Oops 2010 Saltzberg. Mistake-as-creation. 3-4 read-aloud (concept holds for 3-year-old), 5-6 independent."
B-039,acabaf79-91f6-4fdb-82d8-993ccddf41ca,Press Here,Herve Tullet,2-4,pre-reader,picture-book,2011,True,B — 2-4 only,retag,"3-4, 5-6",none,,Press Here 2011 Tullet. Interactive-without-tech. 3-4 to 5-6.
B-040,6acd87a9-74c3-4720-84c0-14a9f636d84e,Creepy Carrots!,Aaron Reynolds,2-4,pre-reader,picture-book,2012,True,B — 2-4 only,remove-from-database,,amy-approved,,REMOVED per Amy directive (single-issue calls). Original audit rationale: Creepy Carrots 2012 Reynolds.
B-041,c4bb0ab6-ee4c-4a3f-86fc-9666f291e713,Dragons Love Tacos,Adam Rubin,2-4,pre-reader,picture-book,2012,True,B — 2-4 only,retag,"3-4, 5-6",none,,Dragons Love Tacos 2012 Rubin. Comedic premise. 3-4 to 5-6.
B-042,127de517-98be-493e-8a0f-8982fb30b5de,Rain!,Linda Ashman,2-4,pre-reader,picture-book,2013,True,B — 2-4 only,retag,"3-4, 5-6",none,,Rain! 2013 Ashman. Same-rain-different-perspective. 3-4 to 5-6.
B-043,c9224cbe-4a82-4c0b-aab0-9d6141021e5c,The Book With No Pictures,B.J. Novak,2-4,pre-reader,picture-book,2014,True,B — 2-4 only,retag,"3-4, 5-6",none,,Book With No Pictures 2014 Novak. Adult-saying-ridiculous-things. Read-aloud-only. 3-4 to 5-6.
B-044,f166d77a-714a-461a-88ba-53e0c2b7b86a,If You Plant a Seed,Kadir Nelson,2-4,pre-reader,picture-book,2015,True,B — 2-4 only,retag,"3-4, 5-6",none,,If You Plant a Seed 2015 Kadir Nelson. Kindness-vs-selfishness allegory. 3-4 to 5-6.
B-045,b757bb46-56e4-46c3-81fe-35d5d71049d4,How to Find a Fox,Nilah Magruder,2-4,pre-reader,picture-book,2016,True,B — 2-4 only,retag,"3-4, 5-6",none,,How to Find a Fox 2016 Magruder. Looking-for-fox-finds-everything-else. 3-4 to 5-6.
B-046,75394ecd-118a-43d1-b61c-12ee40b0f9c8,My Heart Fills with Happiness,Monique Gray Smith,2-4,pre-reader,board-book,2016,True,B — 2-4 only,retag,"3-4, 5-6",none,,"My Heart Fills with Happiness 2016 Smith. Indigenous Métis author. Bannock + drumming + grandmother. Board-book accessible for 3-4, picture-content extends to 5-6. Diversity-tag book."
B-047,f547f4a0-0624-44fb-b4d6-6d6a664ca59c,"Everywhere, Wonder",Matthew Swanson,2-4,pre-reader,picture-book,2017,True,B — 2-4 only,retag,"3-4, 5-6",none,,"Everywhere Wonder 2017 Swanson. Scientist-question-asking. 3-4 read-aloud (concept abstract for 3 but works with adult), 5-6 native."
B-048,1f2900b1-9c81-4b0e-a4e5-dd2e47d20cb6,Count on Me,Miguel Tanco,2-4,pre-reader,picture-book,2018,True,B — 2-4 only,retag,"3-4, 5-6",none,,"Count on Me 2018 Tanco. Math-everywhere narrative. 3-4 read-aloud, 5-6 independent."
B-049,85bea2e1-c46a-4df7-84c4-768780144e69,Grumpy Monkey,Suzanne Lang,2-4,pre-reader,picture-book,2018,True,B — 2-4 only,retag,"3-4, 5-6",none,,Grumpy Monkey 2018 Lang. Emotion-validation classic. 3-4 to 5-6. Family-conversation tier.
B-050,31acd605-c68d-4caf-9101-83f2a7c319a9,Mixed: A Colorful Story,Arree Chung,2-4,pre-reader,picture-book,2018,True,B — 2-4 only,retag,"3-4, 5-6",none,,Mixed: A Colorful Story 2018 Chung. Color + integration allegory. 3-4 to 5-6.
B-051,64b561f6-80ac-4bcc-b8b8-48831eaedb7a,The Honey Bee,Kirsten Hall,2-4,pre-reader,picture-book,2018,True,B — 2-4 only,retag,"3-4, 5-6",none,,The Honey Bee 2018 Hall. Bee-ecology poem. 3-4 to 5-6.
B-052,d39cfd58-7a23-480d-8e1c-a82179da2f55,"Tiny, Perfect Things",M.H. Clark,2-4,pre-reader,picture-book,2018,True,B — 2-4 only,retag,"3-4, 5-6",none,,Tiny Perfect Things 2018 Clark. Grandfather-grandchild-walk. 3-4 to 5-6.
B-053,c4bd77c6-eebc-43fb-ba90-39d6efcd571a,Papá's Magical Water-Jug Clock,Jesús Trejo,2-4,pre-reader,picture-book,2023,True,B — 2-4 only,retag,"3-4, 5-6",none,,Papás Magical Water-Jug Clock 2023 Trejo. Father-engineer narrative. 3-4 to 5-6.
B-054,b8fe33d4-df40-4627-836b-2596e8734c90,Too Much: An Overwhelming Day,Jolene Gutierrez,2-4,pre-reader,picture-book,2023,True,B — 2-4 only,retag,"3-4, 5-6",none,,Too Much: An Overwhelming Day 2023 Gutierrez. Sensory-overwhelm narrative + mother-sheet-hug resolution. Strong for sensory-processing-aware families. 3-4 to 5-6.
B-055,4fd887ec-6984-4664-8564-e72eee0b5463,Towed by Toad,Jashar Awan,2-4,early-reader,early-reader,2024,True,B — 2-4 only,retag,"5-6, 7-9",amy-approved,,"APPROVED per Amy directive (best-guess approval). Early-reader misfiled at 2-4 only. Format-fix to 5-6 + 7-9. Approving. Original: Towed by Toad 2024 Awan. Early-reader format (not pre-reader despite this rows `reading_level=early-reader` confirms). Mistagged at 2-4 — early-readers belong at Apprentice (5-6) minimum, often Artisan (7-9). Beth confirms — recommend retag to 5-6 + 7-9 and remove from Wonderer entirely."
B-056,25a09dce-3b01-46a5-8331-4d101a250924,Aggie and the Ghost,Matthew Forsythe,2-4,pre-reader,picture-book,2025,True,B — 2-4 only,retag,"3-4, 5-6",none,,Aggie and the Ghost 2025 Forsythe. Gentle ghost-narrative. Forsythe is Caldecott-honor accessible. 3-4 to 5-6.
B-057,7a308cb7-81a3-44f8-ae7e-e41e427df1e5,Before Colors,Javier Saez Castan,2-4,pre-reader,picture-book,2025,True,B — 2-4 only,retag,5-6,amy-approved,,APPROVED per Amy directive (best-guess approval). Abstract-concept floor question. Physics-of-perception works at 5-6 (Apprentice). Approving 5-6 only. Original: Before Colors 2025 Castan. Physics-of-perception bedtime question. Concept (light-before-color) is abstract for 3-4. Beth recommends Apprentice 5-6 only — pulled out of Wonderer.
B-058,81517935-02ce-4970-a526-362a924ce474,Caboose,Travis Jonker,2-4,pre-reader,picture-book,2025,True,B — 2-4 only,retag,"3-4, 5-6",none,,Caboose 2025 Jonker. First-in-line-becomes-last narrative. Identity reframe. 3-4 to 5-6.
B-059,a53b0201-8939-4aee-9a07-a3d0a8f4f96e,"Cranky, Crabby Crow (Saves the World)",Corey R. Tabor,2-4,pre-reader,picture-book,2025,True,B — 2-4 only,retag,"3-4, 5-6",none,,Cranky Crabby Crow 2025 Tabor. Misunderstood-character humor. 3-4 to 5-6.
B-060,07b8665d-05d3-45a6-9122-8726aa6aca95,Croco,Azul López,2-4,pre-reader,picture-book,2025,True,B — 2-4 only,retag,"3-4, 5-6",none,,Croco 2025 López. Stuck-in-hole problem-solving. 3-4 to 5-6.
B-061,92abc47c-b823-4963-865a-df090866dbd4,"Dad, I Miss You",Nadia Sammurtok,2-4,pre-reader,picture-book,2025,True,B — 2-4 only,retag,"3-4, 5-6",amy-approved,,"REMOVED per Amy directive (single-issue calls). Original audit rationale: Dad I Miss You 2025 Sammurtok. Inuit child missing father, Arctic landscape. Indigenous representation, family-separation theme. Beth confirms 3-4 fit holds — separation theme can be tender for 3-year-olds; depends on illustration weight. RE-INSERTED post-Phase-6A: Session 13 substring-match logic swept this row into removal incorrectly. Original audit decision restored. Filed as calibration finding."
B-062,7c8af3b6-effe-4be0-ac84-d509ed9734da,Dawn: Watch the World Awaken,Marc Martin,2-4,pre-reader,picture-book,2025,True,B — 2-4 only,retag,"3-4, 5-6",none,,Dawn 2025 Martin. Forest-lake-dawn observation. Visual nature-watching. 3-4 to 5-6.
B-063,a826ccf7-f052-446d-8946-ce11ace0ce49,Every Monday Mabel,Jashar Awan,2-4,pre-reader,picture-book,2025,True,B — 2-4 only,retag,"3-4, 5-6",none,,Every Monday Mabel 2025 Awan. Garbage-truck-watching as identity. 3-4 to 5-6.
B-064,72f52208-41f1-4441-94ee-3475335f7688,Fall Is for Beginnings,Rajani LaRocca,2-4,pre-reader,picture-book,2025,True,B — 2-4 only,retag,"3-4, 5-6",none,,Fall Is for Beginnings 2025 LaRocca. School-year-start + autumn. 3-4 to 5-6.
B-065,9da2c9d7-8402-4de8-b6c8-b8c670b46e86,Good Golden Sun,Brendan Wenzel,2-4,pre-reader,picture-book,2025,True,B — 2-4 only,retag,"3-4, 5-6",none,,"Good Golden Sun 2025 Wenzel. Solar-energy-through-ecosystem. Wenzel is Caldecott (They All Saw a Cat). 3-4 read-aloud for sun/animal layer, 5-6 for food-chain layer."
B-066,c55c93ee-800a-4f25-b313-b90f8e81b453,Menudo Sunday: A Spanglish Counting Book,María Dolores Águila,2-4,pre-reader,picture-book,2025,True,B — 2-4 only,retag,"3-4, 5-6",none,,Menudo Sunday 2025 Águila. Spanglish counting + family-meal. 3-4 to 5-6. Bilingual representation.
B-067,07b9091f-2db4-42a9-87da-bf19c2773f75,Mistaco,Eliza Kinkz,2-4,pre-reader,picture-book,2025,True,B — 2-4 only,retag,"3-4, 5-6",none,,Mistaco 2025 Kinkz. Tortilla-misshape + grandfather-acceptance. 3-4 to 5-6. Family-conversation tier.
B-068,9ee7984d-8aad-4886-a270-05b920df4649,Night Walk,Jason Cockcroft,2-4,pre-reader,picture-book,2025,True,B — 2-4 only,retag,"3-4, 5-6",amy-approved,The book is about loss; the destination is a place that holds grief.,"APPROVED per Amy directive (grief/mortality central; Heads Up applied). Night Walk 2025 Cockcroft. Boy + grandfather walking to grandmothers favorite place at night. Hook says ""about loss."" Loss/grief theme can read tender for 3-year-old; Beth confirms whether 3-4 fit holds or pulls to 5-6 only."
B-069,3f0ad030-5fa9-48c8-953f-401439f02449,Nightsong,Sally Soweol Han,2-4,pre-reader,picture-book,2025,True,B — 2-4 only,retag,"3-4, 5-6",none,,Nightsong 2025 Han. Bus-ride-listening narrative. Sensory attention. 3-4 to 5-6.
B-070,f83c9cf8-0ffe-4194-8ca9-f17884ed9582,Our Lake,Angie Kang,2-4,pre-reader,picture-book,2025,True,B — 2-4 only,retag,"3-4, 5-6",none,,Our Lake 2025 Kang. Community-around-lake-through-seasons. 3-4 to 5-6.
B-071,aa660822-a08c-424f-b413-132f477ff8dc,Our Mothers' Names: Love in Many Languages,Uma Menon,2-4,pre-reader,picture-book,2025,True,B — 2-4 only,retag,"3-4, 5-6",none,,Our Mothers Names 2025 Menon. Multilingual mother-names. 3-4 to 5-6.
B-072,ab20702c-51aa-4c26-814c-05f829ced34d,Pencil,Hye-Eun Kim,2-4,pre-reader,picture-book,2025,True,B — 2-4 only,retag,"3-4, 5-6",none,,Pencil 2025 Kim. Pencil + child drawing each other into being. Imagination loop. 3-4 to 5-6.
B-073,f91b7100-69c7-424a-b9bc-8bf4379057c3,Sunday,Marcelo Tolentino,2-4,pre-reader,picture-book,2025,True,B — 2-4 only,retag,"3-4, 5-6",none,,Sunday 2025 Tolentino. Slow-Sunday-rest. 3-4 to 5-6.
B-074,e0b1627b-cacd-4c09-933e-7925c4561507,The Bear Out There,Jess Hannigan,2-4,pre-reader,picture-book,2025,True,B — 2-4 only,retag,"3-4, 5-6",none,,The Bear Out There 2025 Hannigan. Know-it-all-girl-wrong-about-bear. Visual irony. 3-4 to 5-6.
B-075,71eabd85-0599-49f2-867b-b3de4230a3fb,Tuck Me In! A Science Bedtime Story,Nathan W. Pyle,2-4,pre-reader,picture-book,2025,True,B — 2-4 only,retag,"3-4, 5-6",none,,Tuck Me In! Science Bedtime Story 2025 Pyle. Sleep-science woven into tuck-in. 3-4 to 5-6.
B-076,1f607623-2a18-431a-a092-98a523a298ac,Wind Watchers,Micha Archer,2-4,pre-reader,picture-book,2025,True,B — 2-4 only,retag,"3-4, 5-6",none,,Wind Watchers 2025 Archer. Wind-as-invisible-force + collage art. 3-4 to 5-6.
B-077,053ef464-08e1-4939-88e5-40e55ceb1b8f,Awe!,Jilanne Hoffman,2-4,pre-reader,picture-book,2026,True,B — 2-4 only,retag,5-6,amy-approved,,"APPROVED per Amy directive (best-guess approval). Abstract-emotion-science framing fits 5-6 (Apprentice). Approving 5-6 only. Original: Awe! 2026 Hoffman. ""Scientifically studied emotion"" framing — concept is abstract for 3-4. Beth recommends Apprentice 5-6 only."
B-078,9e1fbf66-af89-42cc-a91d-f4e6fe717e33,Beautiful Black Boy,Sophia Robinson,2-4,pre-reader,picture-book,2026,True,B — 2-4 only,retag,"3-4, 5-6",none,,Beautiful Black Boy 2026 Robinson. Affirmational picture-book. 3-4 to 5-6. Diversity-tag book.
B-079,f3d4d000-1cb9-4367-a921-c5b7a92d75cd,Dad,Christian Robinson,2-4,pre-reader,picture-book,2026,True,B — 2-4 only,remove-from-database,,amy-approved,,REMOVED per Amy directive (single-issue calls). Original audit rationale: Dad 2026 Christian Robinson.
B-080,098a57d8-bcb7-4334-9ee8-c408e755ed75,Is It Spring?,Kevin Henkes,2-4,pre-reader,picture-book,2026,True,B — 2-4 only,retag,"3-4, 5-6",none,,Is It Spring? 2026 Henkes. Spring-arrival emotional waiting. 3-4 to 5-6.
B-081,f54e371e-c2c5-47a2-8d78-fad01a3a2cb2,Loops,Jashar Awan,2-4,pre-reader,picture-book,2026,True,B — 2-4 only,retag,"3-4, 5-6",none,,Loops 2026 Awan. Story-told-in-shapes. Visual narrative. 3-4 to 5-6.
B-082,56289d90-91d3-41bd-8cbc-d38ccaf53bf0,The Hair Book,Andrea J. Brown-Wood,2-4,pre-reader,picture-book,2026,True,B — 2-4 only,retag,"3-4, 5-6",none,,Hair Book 2026 Brown-Wood. Black-hair celebration verse. 3-4 to 5-6. Diversity-tag book.
C-001,be1f945f-4b45-4c5e-bd65-232dbd7fbd2c,Fish and Wave,Sergio Ruzzier,"2-4, 5-7",early-reader,early-reader,2022,True,C — 5-7 split,retag,"3-4, 5-6, 7-9",none,,"Fish and Wave 2022 Ruzzier. Early-reader, ""fish and wave become best friends"" simplicity. 3-4 read-aloud, 5-6 native, 7-9 still works for newly-independent readers building fluency. Triple-band fit."
C-002,145e26b0-1c36-4a02-886e-8b1583875661,Fox Has a Problem,Corey R. Tabor,"2-4, 5-7",early-reader,early-reader,2023,True,C — 5-7 split,retag,"3-4, 5-6, 7-9",none,,"Fox Has a Problem 2023 Tabor. Early-reader, problem-amplified-by-helpers comedic structure. Triple-band like Fish and Wave."
C-003,b5c2d026-d29b-4f9d-b5c2-c24ce733a0fd,Fox Versus Fox,Corey R. Tabor,"2-4, 5-7",early-reader,early-reader,2024,True,C — 5-7 split,retag,"3-4, 5-6, 7-9",none,,Fox Versus Fox 2024 Tabor. Sequel to above; same triple-band logic.
C-004,f0247dc5-ea52-4988-a520-1b58c49846fa,Frog and Toad Are Friends,Arnold Lobel,"2-4, 5-7",early-reader,early-reader,1970,False,C — 5-7 split,retag,"5-6, 7-9",none,,"Frog and Toad Are Friends 1970 Lobel. Pre-1990 — but browse_visible is False already so this is migration-of-tags, not a browse change. Canonical early chapter book; 5-6 native, 7-9 for newly-independent readers. Drops 3-4 because the structural complexity (linked stories) is past 3-year-old attention. Plan generator pulls this for friendship + early-reading themes."
C-005,ea2a918c-ba66-4d0b-8035-daa668fade8e,Gigi and Ojiji,Melissa Iwai,"2-4, 5-7",early-reader,early-reader,2022,True,C — 5-7 split,retag,"3-4, 5-6, 7-9",none,,Gigi and Ojiji 2022 Iwai. Grandfather + language-barrier early-reader. Multi-generational warmth scales 3-4 to 7-9.
C-006,7bc55181-dde1-4725-9bf3-d59f4817b557,"Henry, Like Always",Jenn Bailey,"2-4, 5-7",early-reader,early-reader,2023,True,C — 5-7 split,retag,"3-4, 5-6, 7-9",amy-approved,,"APPROVED per Amy directive (developmental edge call; no Heads Up needed). Henry Like Always 2023 Bailey. Early-reader, autistic protagonist whose routine is disrupted. The ""day the routine breaks"" arc handles autism representation directly. Beth confirms whether 3-4 fit holds — the routine-disruption emotional content may want a 5-6 floor."
C-007,941f636f-b69a-400d-a8f4-ccf669a9220e,I Did It!,Michael Emberley,"2-4, 5-7",early-reader,early-reader,2022,True,C — 5-7 split,retag,"3-4, 5-6, 7-9",none,,"I Did It! 2022 Emberley. Early-reader, autonomy-pride. Triple-band."
C-008,5280e340-b84c-45df-aa64-ab6c93be3436,Owl and Penguin,Vikram Madan,"2-4, 5-7",early-reader,early-reader,2022,True,C — 5-7 split,retag,"3-4, 5-6, 7-9",none,,Owl and Penguin 2022 Madan. Day-night-friendship early-reader + biology hook. Triple-band.
C-009,0a65cafe-2ed4-437b-91f7-c3d8b97ff8e3,Owl at Home,Arnold Lobel,"2-4, 5-7",early-reader,early-reader,1975,False,C — 5-7 split,retag,"5-6, 7-9",none,,"Owl at Home 1975 Lobel. Pre-1990 (already browse-hidden). Canonical Lobel solo-character vignettes. 5-6 native, 7-9 for fluency-builders. 3-4 dropped (more abstract/internal than Frog and Toad)."
C-010,3812272a-c4ae-4966-9f81-d93ab32544bd,Stop That Mop!,Jonathan Fenske,"2-4, 5-7",early-reader,early-reader,2025,True,C — 5-7 split,retag,"3-4, 5-6, 7-9",none,,Stop That Mop 2025 Fenske. Early-reader cause-effect comedy. Triple-band.
C-011,2b83a332-fb31-482e-a34b-f46ab56e3b5b,Alberto Salas Plays Paka Paka con la Papa,Sara Andrea Fajardo,"2-4, 5-7",early-reader,nonfiction,2025,True,C — 5-7 split,retag,"5-6, 7-9",none,,Alberto Salas Plays Paka Paka 2025 Fajardo. Andean potato biodiversity nonfiction. Concept needs 5+ comprehension. Drops 3-4 — wild-potato-conservation framing too abstract for 3-year-old.
C-012,a06d73c5-0ef8-4cd0-98b5-1323a742ad62,From Seed to Plant,Gail Gibbons,"2-4, 5-7",early-reader,nonfiction,1991,True,C — 5-7 split,retag,"3-4, 5-6, 7-9",none,,"From Seed to Plant 1991 Gibbons. Plant life cycle nonfiction. Gibbons books are picture-book-format nonfiction at 3-4 read-aloud, 5-6 native, 7-9 fluency."
C-013,665c09d6-2481-4644-aaa9-8453d527439e,How a House Is Built,Gail Gibbons,"2-4, 5-7",early-reader,nonfiction,1990,True,C — 5-7 split,retag,"3-4, 5-6, 7-9",none,,How a House Is Built 1990 Gibbons. Sister to From Seed to Plant. Same triple-band fit.
C-014,a0882c53-43f7-464a-9184-06451c1d8f5f,Jovita Wore Pants: The Story of a Mexican Freedom Fighter,Aida Salazar,"2-4, 5-7",early-reader,nonfiction,2023,True,C — 5-7 split,remove-from-database,,amy-approved,,"REMOVED per Amy directive (civil-rights-era books where violence is the subject, not backdrop). Original audit rationale: Jovita Wore Pants 2023 Salazar. Mexican Revolution + women-disguised-as-men-fighting + journalism saving lives. War-violence framing. Beth confirms — recommend 5-6 + 7-9 only, drops 3-4 (Mexican Revolution combat content too heavy for 3-year-old)."
C-015,ca8399a2-59c4-4965-8a08-d56d2e7f08fe,Teaching for Change: How Septima Clark Led the Civil Rights Movement to Voting Justice,Yvonne Clark-Rhines and Monica Clark-Robinson,"2-4, 5-7",early-reader,nonfiction,2026,True,C — 5-7 split,retag,"5-6, 7-9",amy-approved,,"APPROVED per Amy directive (civil-rights-era backdrop, not subject; representation-rich content). Teaching for Change: Septima Clark 2026. Civil rights + literacy-as-voting-prerequisite. Concept (literacy tests blocked Black voters in 1960s) requires 5+ to grasp. Drops 3-4. Beth confirms."
C-016,ad2a033f-c5f0-4e35-bbeb-2e736bbba0f4,Click Clack Moo: Cows That Type,Doreen Cronin,"2-4, 5-7",early-reader,picture-book,2000,True,C — 5-7 split,retag,"3-4, 5-6, 7-9",none,,"Click Clack Moo 2000 Cronin. Cows-on-strike comedic premise. 3-4 read-aloud, 5-6 native, 7-9 for the labor-history overlay (older readers get the joke)."
C-017,059bbc49-9742-4eae-8200-2bbd64e79188,Diary of a Spider,Doreen Cronin,"2-4, 5-7",early-reader,picture-book,2005,True,C — 5-7 split,retag,"3-4, 5-6, 7-9",none,,Diary of a Spider 2005 Cronin. Diary-format spider-biology. Triple-band.
C-018,ff3e0389-e6f9-4b05-965b-39e3b5586f77,Diary of a Worm,Doreen Cronin,"2-4, 5-7",early-reader,picture-book,2003,True,C — 5-7 split,retag,"3-4, 5-6, 7-9",none,,Diary of a Worm 2003 Cronin. Sister title. Same triple-band.
C-019,1ba03b53-9997-46c0-aa65-c72caef1974c,Don't Eat the Birthday Boy!,Donna Barba Higuera,"2-4, 5-7",early-reader,picture-book,2026,True,C — 5-7 split,retag,"3-4, 5-6, 7-9",none,,Dont Eat the Birthday Boy 2026 Higuera. Monster-vs-birthday-party comedy. Triple-band.
C-020,c00d0d42-e25d-45d2-aa3b-84605898acb2,Drawn Onward,Daniel Nayeri,"2-4, 5-7",early-reader,picture-book,2024,True,C — 5-7 split,retag,"5-6, 7-9",amy-approved,"The book is about grief and loss, structured as a palindrome.","APPROVED per Amy directive (grief/mortality central; Heads Up applied). Drawn Onward 2024 Nayeri. Palindrome-text + grief metaphor. Sophisticated formal device + grief content. Drops 3-4 (palindrome structure + grief subject too abstract). Beth confirms — possibly 7-9 only, depends on reader maturity."
C-021,ee80fc08-e859-41e1-9112-a219cd469a82,"I Hear the Snow, I Smell the Sea",Janice Milusich,"2-4, 5-7",early-reader,picture-book,2025,True,C — 5-7 split,retag,"3-4, 5-6, 7-9",none,,I Hear the Snow I Smell the Sea 2025 Milusich. Sensory experience (snow + sea through non-sight senses). Triple-band.
C-022,9a3b440a-19f8-4e4a-b911-9d55fb113519,Jumanji,Chris Van Allsburg,"2-4, 5-7",early-reader,picture-book,1981,False,C — 5-7 split,retag,"5-6, 7-9",amy-approved,,"APPROVED per Amy directive (developmental edge call; no Heads Up needed). Jumanji 1981 Van Allsburg. Pre-1990 (already browse-hidden). Canonical. Real-jungle-animals-released horror-adjacent imagery. Drops 3-4 (some illustrations are genuinely scary — lion stalking through living room, monkeys ransacking kitchen). Beth confirms whether 5-6 fit holds or pulls to 7-9 only."
C-023,565cb2b4-e06a-4bbd-83d5-bc0294d0072e,Lola,Karla Arenas Valenti,"2-4, 5-7",early-reader,picture-book,2024,True,C — 5-7 split,retag,"5-6, 7-9",amy-approved,,"APPROVED per Amy directive (developmental edge call; no Heads Up needed). Lola 2024 Valenti. ""Choice between two spirits, one offering everything she wants"" — sounds folkloric/allegorical. Drops 3-4 (abstract choice-between-spirits not a 3-year-olds frame). Beth confirms band fit."
C-024,afdd6964-9729-4b39-bc67-7e61f4ec1abd,My Daddy Is a Cowboy,Stephanie Seales,"2-4, 5-7",early-reader,picture-book,2025,True,C — 5-7 split,retag,"3-4, 5-6, 7-9",amy-approved,,REMOVED per Amy directive (single-issue calls). Original audit rationale: My Daddy Is a Cowboy 2025 Seales. Six-starred-reviews father-daughter morning ride. Diversity-tag (Black cowboy + urban setting). Triple-band fit. RE-INSERTED post-Phase-6A: Session 13 substring-match logic swept this row into removal incorrectly. Original audit decision restored. Filed as calibration finding.
C-025,d5fec630-3776-41c7-9ede-018d1df57c84,Once Upon a Book,Grace Lin,"2-4, 5-7",early-reader,picture-book,2023,True,C — 5-7 split,retag,"3-4, 5-6, 7-9",none,,Once Upon a Book 2023 Lin. Girl-falls-into-book-inside-this-book recursion. Triple-band — recursive structure delights every age.
C-026,e1799254-5eb7-47d1-80a4-53498c75d9a3,Popo the Xolo,Paloma Angelina Lopez,"2-4, 5-7",early-reader,picture-book,2025,True,C — 5-7 split,retag,"3-4, 5-6, 7-9",none,,"Popo the Xolo 2025 Lopez. Xoloitzcuintli + 3000-year Mexican history through one dog. Triple-band — the dog-story frame holds 3-4, the history layer pulls older readers."
C-027,ef7c753b-eecf-48fb-a364-2f8eb23b3f2e,The Arguers,Corinna Luyken,"2-4, 5-7",early-reader,picture-book,2025,True,C — 5-7 split,retag,"3-4, 5-6, 7-9",none,,The Arguers 2025 Luyken. Fairy-tale arguers comic. Triple-band.
C-028,013bbf8b-3c5c-485a-b29e-0e5475779d8f,The Garden of Abdul Gasazi,Chris Van Allsburg,"2-4, 5-7",early-reader,picture-book,1979,False,C — 5-7 split,retag,"5-6, 7-9",amy-approved,,"APPROVED per Amy directive (developmental edge call; no Heads Up needed). The Garden of Abdul Gasazi 1979 Van Allsburg. Pre-1990 (already browse-hidden). Mysterious/uncanny picture-book — boy-chases-dog-into-magicians-garden, ambiguous ending. Drops 3-4 (genuine uncanny tension is past the 3-year-old comfort floor). Plan-generator-only."
C-029,723695f6-6f46-46a9-ace7-489368e8a998,There Was a Party for Langston,Jason Reynolds,"2-4, 5-7",early-reader,picture-book,2023,True,C — 5-7 split,retag,"5-6, 7-9",none,,There Was a Party for Langston 2023 Reynolds. Caldecott Honor 2024. Langston Hughes legacy. Drops 3-4 — Hughes-as-cultural-figure needs 5+ context for the celebration to land. 5-6 + 7-9 strong fit.
C-030,73c66d22-6836-4eb8-90fb-de8ba318f613,We Go Way Back: A Story of Life on Earth and How It All Began,Idan Ben-Barak,"2-4, 5-7",early-reader,picture-book,2023,True,C — 5-7 split,retag,"5-6, 7-9",none,,We Go Way Back 2023 Ben-Barak. 3.8-billion-year-life-on-Earth nonfiction. Drops 3-4 (deep-time concept too abstract). 5-6 + 7-9 fit.
C-031,f64f1281-5773-481e-aa59-a2396bb0ff9e,A Seed Grows,Antoinette Portis,"2-4, 5-7",pre-reader,nonfiction,2022,True,C — 5-7 split,retag,"3-4, 5-6, 7-9",none,,A Seed Grows 2022 Portis. Single-seed-to-plant nonfiction with fold-out. Pre-reader format = visual primary. Triple-band.
C-032,1ec03ea0-db35-4e75-b6e0-3a16a9a54ee0,How to Hatch: A Gosling's Guide to Breaking Free,Sara Holly Ackerman,"2-4, 5-7",pre-reader,nonfiction,2026,True,C — 5-7 split,retag,"3-4, 5-6, 7-9",none,,"How to Hatch 2026 Ackerman. Gosling-narrates-hatching pep-talk + biology. Triple-band — concept fits 3-4 read-aloud, biology layer pulls older."
C-033,64786a7e-2554-43b3-a1d6-269c03c9e3fa,A Different Pond,Bao Phi,"2-4, 5-7",pre-reader,picture-book,2017,True,C — 5-7 split,retag,"5-6, 7-9",amy-approved,,"APPROVED per Amy directive (civil-rights-era backdrop, not subject; representation-rich content). A Different Pond 2017 Phi. Caldecott Honor 2018. Father-son fishing in Minneapolis with memory of Vietnam. Refugee father, war memory. Drops 3-4 — refugee/war framing past 3-year-old. Beth confirms whether 5-6 fit holds — Vietnam War context may need adult support even at 5-6."
C-034,3e69cb1a-89cd-42dd-aebf-08e56f5f3777,A-Ztec: A Bilingual Alphabet Book,Emmanuel Valtierra,"2-4, 5-7",pre-reader,picture-book,2025,True,C — 5-7 split,retag,"5-6, 7-9",amy-approved,,APPROVED per Amy directive (best-guess approval). Bilingual Mesoamerican alphabet by Indigenous-heritage author. Cultural representation handled by author. Same logic as the other Indigenous books — flag clears clean. Approving 5-6 + 7-9. Original: A-Ztec 2025 Valtierra. Bilingual alphabet + Mesoamerican languages. Concept (alphabet-in-multiple-Indigenous-languages-tied-to-3000-year-history) needs 5+ context. Drops 3-4. Beth confirms.
C-035,61c912a2-2699-4243-907c-9e6899cb2c98,Alexander and the Terrible Horrible No Good Very Bad Day,Judith Viorst,"2-4, 5-7",pre-reader,picture-book,1972,False,C — 5-7 split,retag,"3-4, 5-6, 7-9",none,,Alexander Terrible Horrible 1972 Viorst. Pre-1990 (already browse-hidden). Canonical bad-day classic. Triple-band — Alexander voice scales.
C-036,becc0e7e-b20e-4141-8b9c-cd750c8c5ab3,Anything,Rebecca Stead,"2-4, 5-7",pre-reader,picture-book,2025,True,C — 5-7 split,retag,"3-4, 5-6, 7-9",none,,Anything 2025 Stead. Wishing-question premise. Triple-band.
C-037,0b6f5c1e-fb5c-44b3-a092-88c2bd1a4876,At the Window,Hope Lim,"2-4, 5-7",pre-reader,picture-book,2025,True,C — 5-7 split,retag,"3-4, 5-6, 7-9",amy-approved,A neighbor disappears from the window across the way; loss is implied.,APPROVED per Amy directive (grief/mortality central; Heads Up applied). At the Window 2025 Lim. Two neighbors connect through windows; one window goes dark; child opens her own. Loss/death implied. Beth confirms whether 3-4 fit holds — depends on whether the dark-window is read as death or simply moved-away.
C-038,6e1f2676-03fb-4c8f-a973-09578100de31,Bartleby,Matt Phelan,"2-4, 5-7",pre-reader,picture-book,2026,True,C — 5-7 split,retag,"3-4, 5-6, 7-9",none,,Bartleby 2026 Phelan. Polar bear identity narrative. Triple-band.
C-039,f938c883-c767-4295-a10c-bfab15d77719,Big,Vashti Harrison,"2-4, 5-7",pre-reader,picture-book,2023,True,C — 5-7 split,remove-from-database,,amy-approved,,"REMOVED per Amy directive (pre-1990 books with period-framing concerns). Original audit rationale: Big 2023 Harrison. Caldecott Medal. Black girl growing up hearing ""big"" as wound, eventually crowns it. Body-shaming theme handled with grace, but the cumulative wounding is heavy. Drops 3-4. Beth confirms — possibly 5-6 with adult support, 7-9 native."
C-040,9bf459f7-ad66-4fed-a9e8-021ac99d3177,Brave Irene,William Steig,"2-4, 5-7",pre-reader,picture-book,1986,False,C — 5-7 split,retag,"3-4, 5-6, 7-9",amy-approved,,APPROVED per Amy directive (Indigenous authorship handles representation; no Heads Up needed). Brave Irene 1986 Steig. Pre-1990 (already browse-hidden). Canonical winter-courage. Triple-band.
C-041,0b93858b-1484-42c5-993b-59aa28e6a98c,Chooch Helped,Andrea L. Rogers,"2-4, 5-7",pre-reader,picture-book,2024,True,C — 5-7 split,retag,"3-4, 5-6, 7-9",amy-approved,,APPROVED per Amy directive (Indigenous authorship handles representation; no Heads Up needed). Chooch Helped 2024 Rogers. Cherokee author. Sibling-frustration narrative. Triple-band.
C-042,25aba46b-c9ce-40d3-be9c-a0e32a8a8c07,Chrysanthemum,Kevin Henkes,"2-4, 5-7",pre-reader,picture-book,1991,True,C — 5-7 split,retag,"3-4, 5-6, 7-9",none,,Chrysanthemum 1991 Henkes. Name-shame-and-recovery classic. Triple-band.
C-043,684ebd3f-446d-4e68-b20a-dd5fe819d7d9,Doctor De Soto,William Steig,"2-4, 5-7",pre-reader,picture-book,1982,False,C — 5-7 split,retag,"3-4, 5-6, 7-9",none,,Doctor De Soto 1982 Steig. Pre-1990 (already browse-hidden). Mouse-dentist-outwits-fox classic. Triple-band — comedy + cleverness scales.
C-044,2b0e837b-e50b-40db-8a86-75aedd4f2a23,Don't Trust Fish,Neil Sharpson,"2-4, 5-7",pre-reader,picture-book,2025,True,C — 5-7 split,retag,"3-4, 5-6, 7-9",none,,Dont Trust Fish 2025 Sharpson. Comedic-paranoid fish-conspiracy. Triple-band.
C-045,9ecafe57-379b-4883-a410-b5f095437989,Drum Dream Girl,Margarita Engle,"2-4, 5-7",pre-reader,picture-book,2015,True,C — 5-7 split,retag,"3-4, 5-6, 7-9",none,,Drum Dream Girl 2015 Engle. Cuban-girl-drumming-defiance. Triple-band.
C-046,aa6d9b53-68b4-4d6f-804d-30858fe9501d,Enemy Pie,Derek Munson,"2-4, 5-7",pre-reader,picture-book,2000,True,C — 5-7 split,retag,"3-4, 5-6, 7-9",none,,Enemy Pie 2000 Munson. Friendship-unmade-by-time-spent. Triple-band.
C-047,2169090a-3ba3-4389-9d59-96a6313928d2,Extra Yarn,Mac Barnett,"2-4, 5-7",pre-reader,picture-book,2012,True,C — 5-7 split,retag,"3-4, 5-6, 7-9",none,,Extra Yarn 2012 Barnett. Caldecott Honor. Yarn-knit-color-into-gray-town. Triple-band.
C-048,e616e2ea-24f7-45d4-8767-65b81505b43a,Fireworks,Matthew Burgess,"2-4, 5-7",pre-reader,picture-book,2025,True,C — 5-7 split,retag,"3-4, 5-6, 7-9",none,,Fireworks 2025 Burgess. Sibling-anticipation-of-July-4th. Triple-band.
C-049,fe9950f6-4eab-4252-a098-de25830ae124,Frederick,Leo Lionni,"2-4, 5-7",pre-reader,picture-book,1967,False,C — 5-7 split,retag,"3-4, 5-6, 7-9",none,,Frederick 1967 Lionni. Pre-1990 (already browse-hidden). Canonical artist-mouse. Triple-band.
C-050,ba0c7b74-edef-46b9-ac5f-5e492144459c,Hair Love,Matthew A. Cherry,"2-4, 5-7",pre-reader,picture-book,2019,True,C — 5-7 split,retag,"3-4, 5-6, 7-9",none,,Hair Love 2019 Cherry. Father-daughter-hair-tutorial. Coretta Scott King Honor. Triple-band.
C-051,6df0d6b8-5528-486b-ac8d-7af57da421ed,Hot Dog,Doug Salati,"2-4, 5-7",pre-reader,picture-book,2022,True,C — 5-7 split,retag,"3-4, 5-6, 7-9",none,,Hot Dog 2022 Salati. Caldecott Medal. City-dog-finds-shore. Triple-band.
C-052,a0a9265c-c1e6-42f8-a89a-d4218e91eac3,How Dinosaurs Went Extinct: A Safety Guide,Ame Dyckman,"2-4, 5-7",pre-reader,picture-book,2023,True,C — 5-7 split,retag,"3-4, 5-6, 7-9",none,,How Dinosaurs Went Extinct 2023 Dyckman. Comedic-safety-guide premise. Triple-band.
C-053,a3ee120a-fd01-4952-8d48-c095a9c4ca8a,How to Count to 1,Casper Salmon,"2-4, 5-7",pre-reader,picture-book,2023,True,C — 5-7 split,retag,"3-4, 5-6, 7-9",none,,How to Count to 1 2023 Salmon. Comic-counting subversion. Triple-band.
C-054,69c7aa1b-e76e-4d86-831f-4e11bf64564b,I Like Myself!,Karen Beaumont,"2-4, 5-7",pre-reader,picture-book,2004,True,C — 5-7 split,retag,"3-4, 5-6, 7-9",none,,I Like Myself 2004 Beaumont. Self-affirmation classic. Triple-band.
C-055,8bbb56d2-d371-4708-aa59-6fa2c6c27214,"Iggy Peck, Architect",Andrea Beaty,"2-4, 5-7",pre-reader,picture-book,2007,True,C — 5-7 split,retag,"3-4, 5-6, 7-9",none,,Iggy Peck Architect 2007 Beaty. Engineer-from-toddler narrative. Triple-band.
C-056,ecc79c13-3650-4904-8dc5-a1ba61000232,In Every Life,Marla Frazee,"2-4, 5-7",pre-reader,picture-book,2023,True,C — 5-7 split,retag,"5-6, 7-9",amy-approved,The wordless final pages depict the end of a life.,"APPROVED per Amy directive (grief/mortality central; Heads Up applied). In Every Life 2023 Frazee. Wordless human + animal life parallel; ""final pages stop you completely"" suggests grief/death recognition. Drops 3-4 — final-page emotional weight not for 3-year-old. Beth confirms whether 5-6 fit holds with adult framing."
C-057,867cc1c0-1217-4cab-8e58-84b3563a9951,Invisible Things,Andy J. Pizza,"2-4, 5-7",pre-reader,picture-book,2023,True,C — 5-7 split,retag,"3-4, 5-6, 7-9",none,,Invisible Things 2023 Pizza. Make-the-invisible-visible. Triple-band.
C-058,4fe5696f-a74f-4be2-8a83-2bfd6a63a725,Ish,Peter Reynolds,"2-4, 5-7",pre-reader,picture-book,2004,True,C — 5-7 split,retag,"3-4, 5-6, 7-9",none,,Ish 2004 Reynolds. Drawing-as-process classic. Triple-band.
C-059,dd309e54-98ed-48e5-a3ab-16a0542017f8,Lilly's Purple Plastic Purse,Kevin Henkes,"2-4, 5-7",pre-reader,picture-book,1996,True,C — 5-7 split,retag,"3-4, 5-6, 7-9",none,,Lillys Purple Plastic Purse 1996 Henkes. Beloved-teacher-confiscation. Triple-band.
C-060,4b6a73aa-6697-4825-95bd-10ee3c421ab1,Make Way for Ducklings,Robert McCloskey,"2-4, 5-7",pre-reader,picture-book,1941,False,C — 5-7 split,retag,"5-6, 7-9",none,,Make Way for Ducklings 1941 McCloskey. Pre-1990 (already browse-hidden). Caldecott Medal. Boston-mother-duck. Drops 3-4 not because of content but length — 8 ducklings + city-traffic stakes work better at 5+.
C-061,eefd9881-2568-477d-b194-38ee0ad5b41f,Making Art,Diana Ejaita,"2-4, 5-7",pre-reader,picture-book,2025,True,C — 5-7 split,retag,"5-6, 7-9",none,,Making Art 2025 Ejaita. Process-of-making-art + West African textile tradition. Drops 3-4 — process-vs-product concept needs 5+ to absorb.
C-062,74adedf5-42d5-44e9-91b7-58f26aa8b2d8,Mama Miti: Wangari Maathai and the Trees of Kenya,Donna Jo Napoli,"2-4, 5-7",pre-reader,picture-book,2010,True,C — 5-7 split,retag,"3-4, 5-6, 7-9",none,,Mama Miti 2010 Napoli. Wangari Maathai picture-bio. Triple-band.
C-063,afe8975e-de44-4f66-b232-0a93212ab7ba,Maybe Something Beautiful,F. Isabel Campoy & Theresa Howell,"2-4, 5-7",pre-reader,picture-book,2016,True,C — 5-7 split,retag,"3-4, 5-6, 7-9",none,,Maybe Something Beautiful 2016 Campoy/Howell. Mural-transforms-neighborhood. Triple-band.
C-064,cdafec6b-7f9b-4469-98cc-2ba297387371,Mike Mulligan and His Steam Shovel,Virginia Lee Burton,"2-4, 5-7",pre-reader,picture-book,1939,False,C — 5-7 split,retag,"3-4, 5-6, 7-9",none,,Mike Mulligan 1939 Burton. Pre-1990 (already browse-hidden). Caldecott Honor. Steam-shovel canonical. Triple-band.
C-065,98dc0f3d-9fca-43ed-a79d-bd805395e6c7,Miss Rumphius,Barbara Cooney,"2-4, 5-7",pre-reader,picture-book,1982,False,C — 5-7 split,retag,"5-6, 7-9",none,,Miss Rumphius 1982 Cooney. Pre-1990 (already browse-hidden). Canonical lupine-seeds-life-arc. Drops 3-4 — life-spanning arc reads better 5+.
C-066,67c7c414-aa58-4089-9c10-479bf96067ab,Nell Plants a Tree,Anne Wynter,"2-4, 5-7",pre-reader,picture-book,2023,True,C — 5-7 split,retag,"3-4, 5-6, 7-9",none,,"Nell Plants a Tree 2023 Wynter. 100-year-tree-and-community arc. Triple-band — the tree image holds 3-4, multi-generation arc pulls older."
C-067,d857f408-25a5-4b40-b85c-2b0847a94aad,Officer Buckle and Gloria,Peggy Rathmann,"2-4, 5-7",pre-reader,picture-book,1995,True,C — 5-7 split,retag,"3-4, 5-6, 7-9",none,,Officer Buckle and Gloria 1995 Rathmann. Caldecott Medal. Safety-and-buddy classic. Triple-band.
C-068,c37d386a-384f-4ebc-a192-d022a160982c,Over and Under the Pond,Kate Messner,"2-4, 5-7",pre-reader,picture-book,2017,True,C — 5-7 split,retag,"3-4, 5-6, 7-9",none,,Over and Under the Pond 2017 Messner. Hidden-ecosystem-narrative. Triple-band.
C-069,413fd0ea-1b8e-412e-a3c8-8fb52e1614ea,Owl Moon,Jane Yolen,"2-4, 5-7",pre-reader,picture-book,1987,False,C — 5-7 split,retag,"3-4, 5-6, 7-9",none,,Owl Moon 1987 Yolen. Pre-1990 (already browse-hidden). Caldecott Medal. Father-child-owl-walk classic. Triple-band.
C-070,b99bb54f-d140-4be5-9905-868da408ea9d,"Rosie Revere, Engineer",Andrea Beaty,"2-4, 5-7",pre-reader,picture-book,2013,True,C — 5-7 split,retag,"3-4, 5-6, 7-9",none,,Rosie Revere Engineer 2013 Beaty. Quitting-vs-iterating-engineer narrative. Triple-band.
C-071,b843eeb9-cbac-46e8-91f8-67528a761b72,Roxaboxen,Alice McLerran,"2-4, 5-7",pre-reader,picture-book,1991,True,C — 5-7 split,retag,"3-4, 5-6, 7-9",none,,Roxaboxen 1991 McLerran. Caldecott Honor. Children-build-stone-city-in-desert. Triple-band.
C-072,3374fa70-9372-46c2-84a2-d4de5f808858,Sam and Dave Dig a Hole,Mac Barnett,"2-4, 5-7",pre-reader,picture-book,2014,True,C — 5-7 split,retag,"3-4, 5-6, 7-9",none,,Sam and Dave Dig a Hole 2014 Barnett. Caldecott Honor. Comic-near-miss premise. Triple-band.
C-073,fc2b9d38-99f0-470f-8f2f-dc896bb523ee,Stellaluna,Janell Cannon,"2-4, 5-7",pre-reader,picture-book,1993,True,C — 5-7 split,retag,"3-4, 5-6, 7-9",none,,Stellaluna 1993 Cannon. Bat-raised-by-birds classic. Triple-band.
C-074,32efc50d-50b3-4b06-b7d8-590d66b9e9d8,Sulwe,Lupita Nyong'o,"2-4, 5-7",pre-reader,picture-book,2019,True,C — 5-7 split,retag,"3-4, 5-6, 7-9",none,,Sulwe 2019 Nyongo. Coretta Scott King Honor. Skin-color-affirmation. Triple-band.
C-075,75af5533-9a1e-4b78-ac74-82ed89b7d115,Swimmy,Leo Lionni,"2-4, 5-7",pre-reader,picture-book,1963,False,C — 5-7 split,retag,"3-4, 5-6, 7-9",none,,Swimmy 1963 Lionni. Pre-1990 (already browse-hidden). Caldecott Honor. Cooperation classic. Triple-band.
C-076,52ad8126-48d6-41b3-a97a-0cb4cedc2099,Sylvester and the Magic Pebble,William Steig,"2-4, 5-7",pre-reader,picture-book,1969,False,C — 5-7 split,retag,"5-6, 7-9",amy-approved,"Sylvester is missing for a year while his parents grieve, believing him dead.",APPROVED per Amy directive (grief/mortality central; Heads Up applied). Sylvester and the Magic Pebble 1969 Steig. Pre-1990 (already browse-hidden). Caldecott Medal. Sustained family-grief at center (parents thinking their son is dead). Drops 3-4 (genuine grief stretches over many pages). Beth confirms whether 5-6 fit holds with adult support.
C-077,f3dc1bda-55bd-4cf9-b5e8-e0d1a0a0fa12,The Biggest Bear,Lynd Ward,"2-4, 5-7",pre-reader,picture-book,1952,False,C — 5-7 split,retag,"5-6, 7-9",amy-approved,,REMOVED per Amy directive (sustained classroom/peer cruelty arcs). Original audit rationale: Biggest Bear 1952 Ward. Pre-1990 (already browse-hidden). Caldecott Medal. Boy-raises-bear-cub-cant-keep-it. Animal-released-into-wild emotional weight. Drops 3-4. Beth confirms. RE-INSERTED post-Phase-6A: Session 13 substring-match logic swept this row into removal incorrectly. Original audit decision restored. Filed as calibration finding.
C-078,22e98cd3-6db4-4346-b4ac-df8b770c97bf,The Day the Crayons Quit,Drew Daywalt,"2-4, 5-7",pre-reader,picture-book,2013,True,C — 5-7 split,retag,"3-4, 5-6, 7-9",none,,Day the Crayons Quit 2013 Daywalt. Crayons-mailbox-grievances comic. Triple-band.
C-079,51b5caee-1c68-41db-8be6-a053df58b774,The Dot,Peter H. Reynolds,"2-4, 5-7",pre-reader,picture-book,2003,True,C — 5-7 split,retag,"3-4, 5-6, 7-9",duplicate,,The Dot 2003 Reynolds — DUPLICATE of row 172 (also tagged 5-7 only). De-dup required. Single-dot-as-art classic. Triple-band.
C-080,2279424a-cf6b-4916-b1ab-a5b9a259a6e4,The Giving Tree,Shel Silverstein,"2-4, 5-7",pre-reader,picture-book,1964,False,C — 5-7 split,remove-from-database,,amy-approved,,REMOVED per Amy directive (sustained classroom/peer cruelty arcs). Original audit rationale: The Giving Tree 1964 Silverstein. Pre-1990 (already browse-hidden). Lifelong-giving-no-thanks ambiguous classic. Drops 3-4 — emotional ambiguity past 3-year-old comprehension. Beth confirms whether to retain in plan-generator pulls under what framing — book is genuinely contested in modern parenting circles.
C-081,7898ea87-a970-4736-aed4-4853c99e7a04,The Keeping Quilt,Patricia Polacco,"2-4, 5-7",pre-reader,picture-book,1988,False,C — 5-7 split,retag,"3-4, 5-6, 7-9",none,,Keeping Quilt 1988 Polacco. Pre-1990 (already browse-hidden). Multi-generational immigrant-quilt. Triple-band.
C-082,c91b8f1f-ee92-473d-98d6-b5fadcb9f097,The Lighthouse Keeper,Eugenio Fernández Vázquez,"2-4, 5-7",pre-reader,picture-book,2025,True,C — 5-7 split,retag,"5-6, 7-9",none,,The Lighthouse Keeper 2025 Vázquez. Solitude + purpose meditation. Drops 3-4 — solitude-as-subject too abstract.
C-083,7b51ed13-7aff-498d-bef0-5917d58b88fd,The Listening Walk,Paul Showers,"2-4, 5-7",pre-reader,picture-book,1991,True,C — 5-7 split,retag,"3-4, 5-6, 7-9",none,,The Listening Walk 1991 Showers. Sound-attention without-talking. Triple-band.
C-084,ef8874ad-9b6f-4064-9066-c6838f9290e4,The Little House,Virginia Lee Burton,"2-4, 5-7",pre-reader,picture-book,1942,False,C — 5-7 split,retag,"3-4, 5-6, 7-9",none,,The Little House 1942 Burton. Pre-1990 (already browse-hidden). Caldecott Medal. House-watches-city. Triple-band.
C-085,6a899655-e69e-41bb-a5c6-1b6f498c7985,The Lorax,Dr. Seuss,"2-4, 5-7",pre-reader,picture-book,1971,False,C — 5-7 split,remove-from-database,,amy-approved,,REMOVED per Amy directive (best-guess approval). Pre-1990 (1971). Industrial-destruction-of-ecosystem morality tale with extinction-of-Truffulas as central premise. Removing per same logic as other pre-1990 period-content books — the morality-tale framing has aged into political-charged territory that does not match Wizkoo voice. Original: The Lorax 1971 Seuss. Pre-1990 (already browse-hidden). Industrial-destruction-of-ecosystem morality tale. Drops 3-4 — extinction-of-Truffulas as central premise needs 5+ to land. Beth confirms framing for plan-generator pulls.
C-086,cb7e34e5-ae22-4901-8833-1632ca317434,The Recess Queen,Alexis O'Neill,"2-4, 5-7",pre-reader,picture-book,2002,True,C — 5-7 split,retag,"3-4, 5-6, 7-9",none,,Recess Queen 2002 ONeill. Bully-meets-friendliness. Triple-band.
C-087,d9e4d160-c321-4088-aa30-6f75fdd9b1cf,The Relatives Came,Cynthia Rylant,"2-4, 5-7",pre-reader,picture-book,1985,False,C — 5-7 split,retag,"3-4, 5-6, 7-9",none,,Relatives Came 1985 Rylant. Pre-1990 (already browse-hidden). Caldecott Honor. Family-reunion warmth. Triple-band.
C-088,a91f8ae6-8fb6-43cd-9181-24d896e9bd19,The Snail and the Whale,Julia Donaldson,"2-4, 5-7",pre-reader,picture-book,2003,True,C — 5-7 split,retag,"3-4, 5-6, 7-9",none,,Snail and the Whale 2003 Donaldson. World-tour-and-rescue rhyme. Triple-band.
C-089,3063c2bc-0e82-497d-806b-bdb62bcd24ed,The Truth about Dragons,Julie Leung,"2-4, 5-7",pre-reader,picture-book,2023,True,C — 5-7 split,retag,"3-4, 5-6, 7-9",none,,Truth about Dragons 2023 Leung. Western-vs-Eastern dragon mythology. Triple-band — comparative-mythology lands at every age.
C-090,5bd407cd-074f-404c-adea-02af3c449cd3,The Ugly Five,Julia Donaldson,"2-4, 5-7",pre-reader,picture-book,2017,True,C — 5-7 split,retag,"3-4, 5-6, 7-9",none,,Ugly Five 2017 Donaldson. Savanna-uglies + parental-love rhyme. Triple-band.
C-091,773a213f-f1ed-4df8-9a6a-f400de573c50,The Water Princess,Susan Verde,"2-4, 5-7",pre-reader,picture-book,2016,True,C — 5-7 split,retag,"3-4, 5-6, 7-9",amy-approved,,APPROVED per Amy directive (best-guess approval). Burkina Faso real-world story (Georgie Badiel) by author from the region. Water-scarcity content. Same logic as authored Indigenous content — author authority handles representation; no Heads Up needed. Approving 3-4 + 5-6 + 7-9. Original: Water Princess 2016 Verde. Burkina Faso girl walks miles for water. Real-world poverty/scarcity. Beth confirms whether 3-4 fit holds — global-scarcity framing needs adult support.
C-092,81ad82ba-60b4-4d23-b774-cf8839308b6f,The Yellow Bus,Loren Long,"2-4, 5-7",pre-reader,picture-book,2024,True,C — 5-7 split,retag,"3-4, 5-6, 7-9",none,,Yellow Bus 2024 Long. Bus-finds-new-purposes-after-route. Triple-band.
C-093,4207d9b3-eb32-454e-84b1-2655737f6804,This Is Not My Hat,Jon Klassen,"2-4, 5-7",pre-reader,picture-book,2012,True,C — 5-7 split,retag,"3-4, 5-6, 7-9",none,,This Is Not My Hat 2012 Klassen. Caldecott Medal. Stolen-hat-comic dramatic-irony. Triple-band.
C-094,16a917e6-21c1-4d6f-98d7-7db99bd63f3b,Thunder Cake,Patricia Polacco,"2-4, 5-7",pre-reader,picture-book,1990,True,C — 5-7 split,retag,"3-4, 5-6, 7-9",none,,Thunder Cake 1990 Polacco. Grandmother-cures-thunder-fear. Triple-band — the warmth lands at every age.
C-095,3f342aec-3941-4d69-ab06-02534d97bcae,Tops and Bottoms,Janet Stevens,"2-4, 5-7",pre-reader,picture-book,1995,True,C — 5-7 split,retag,"3-4, 5-6, 7-9",none,,Tops and Bottoms 1995 Stevens. Caldecott Honor. Trickster-hare + plant-anatomy. Triple-band.
C-096,9216b1b4-e511-470d-812b-807dd7074942,Unflappable,Matthew Ward,"2-4, 5-7",pre-reader,picture-book,2023,True,C — 5-7 split,retag,"3-4, 5-6, 7-9",none,,Unflappable 2023 Ward. Engineering-comedy. Triple-band.
C-097,e8dab9b4-63ba-485f-8314-e2f09773d625,We Are Water Protectors,Carole Lindstrom,"2-4, 5-7",pre-reader,picture-book,2020,True,C — 5-7 split,retag,"3-4, 5-6, 7-9",amy-approved,,APPROVED per Amy directive (Indigenous authorship handles representation; no Heads Up needed). We Are Water Protectors 2020 Lindstrom. Caldecott Medal. Ojibwe water-protection prophecy. Politically charged subject (pipeline-as-black-snake). Beth confirms whether 3-4 fit holds — environmental-justice framing typically wants 5+.
C-098,e15a32d2-db46-45a1-b7c0-4bd0bc90bde8,Wemberly Worried,Kevin Henkes,"2-4, 5-7",pre-reader,picture-book,2000,True,C — 5-7 split,retag,"3-4, 5-6, 7-9",none,,Wemberly Worried 2000 Henkes. School-anxiety-finds-fellow-worrier. Triple-band.
C-099,7fb484a2-68af-4f00-8168-a64ab5a3de94,What Do You Do with a Chance,Kobi Yamada,"2-4, 5-7",pre-reader,picture-book,2018,True,C — 5-7 split,retag,"3-4, 5-6, 7-9",none,,What Do You Do with a Chance 2018 Yamada. Chance-floats-by allegory. Triple-band.
C-100,e6420aaf-1a25-4930-9f0d-ba75334893dc,Amelia Bedelia,Peggy Parish,5-7,early-reader,early-reader,1963,False,C — 5-7 split,retag,"5-6, 7-9",none,,"Amelia Bedelia 1963 Parish. Pre-1990 (already browse-hidden). Canonical literal-language comedy. 5-6 native, 7-9 fluency-builders."
C-101,a87ce494-6264-494e-9861-a58e6dd3fd37,Little Bear,Else Holmelund Minarik,5-7,early-reader,early-reader,1957,False,C — 5-7 split,retag,"5-6, 7-9",none,,Little Bear 1957 Minarik. Pre-1990 (already browse-hidden). Canonical. 5-6 + 7-9.
C-102,268d5a5b-54b3-4d63-945d-9b1abd58d4db,Worm and Caterpillar Are Friends,Kaz Windness,5-7,early-reader,early-reader,2023,True,C — 5-7 split,retag,"5-6, 7-9",none,,Worm and Caterpillar Are Friends 2023 Windness. Friendship + metamorphosis early-reader. 5-6 + 7-9.
C-103,f1a40664-c949-42b4-afdf-1df0dc3f441c,A Flea for Justice: Marian Wright Edelman Stands Up for Change,Valerie Bolling,5-7,early-reader,nonfiction,2025,True,C — 5-7 split,retag,"5-6, 7-9",none,,A Flea for Justice: Marian Wright Edelman 2025 Bolling. Childrens Defense Fund + civil rights. 5-6 + 7-9.
C-104,89ce5948-df69-44d0-8c56-aa3873fdb223,"A Line Can Go Anywhere: The Brilliant, Resilient Life of Artist Ruth Asawa",Caroline McAlister,5-7,early-reader,nonfiction,2026,True,C — 5-7 split,retag,"5-6, 7-9",amy-approved,,"APPROVED per Amy directive (civil-rights-era backdrop, not subject; representation-rich content). A Line Can Go Anywhere: Ruth Asawa 2026 McAlister. Japanese American incarceration camp + Asawas art origin. Heads Up territory. Beth confirms framing."
C-105,e93977d6-f035-4871-8148-3a25f2d78a1e,Before Colors: Where Pigments and Dyes Come From,Annette Bay Pimentel,5-7,early-reader,nonfiction,2023,True,C — 5-7 split,retag,"5-6, 7-9",none,,Before Colors: Where Pigments Come From 2023 Pimentel. Materials-science of color. 5-6 + 7-9.
C-106,31a38fbb-d870-4725-b154-298e1993bd82,"Blast Off!: The Story of Mary Sherman Morgan, America's First Female Rocket Scientist",Suzanne Slade,5-7,early-reader,nonfiction,2023,True,C — 5-7 split,retag,"5-6, 7-9",none,,Blast Off! Mary Sherman Morgan 2023 Slade. Americas first female rocket scientist (50-year secrecy). 5-6 + 7-9.
C-107,ab228eee-437b-4c36-a41f-bb5227a72cd8,"Change Is in the Air: The Hidden Discoveries of Eunice Newton Foote, the First Climate Scientist",Rebecca Donnelly,5-7,early-reader,nonfiction,2026,True,C — 5-7 split,retag,"5-6, 7-9",none,,Change Is in the Air: Eunice Newton Foote 2026 Donnelly. 1856 climate-science discovery + credit-stolen. 5-6 + 7-9.
C-108,6afdb8b6-c7b4-4608-a2f6-7879808da19c,"Creep, Leap, Crunch! A Food Chain Story",Jody Jensen Shaffer,5-7,early-reader,nonfiction,2023,True,C — 5-7 split,retag,"5-6, 7-9",none,,Creep Leap Crunch! 2023 Shaffer. Food-chain primer. 5-6 + 7-9.
C-109,d3176829-93dd-4713-ba5f-756782c72da2,Debbie Allen's Rise to Fame,Tami Charles,5-7,early-reader,nonfiction,2025,True,C — 5-7 split,retag,"5-6, 7-9",amy-approved,,"APPROVED per Amy directive (civil-rights-era backdrop, not subject; representation-rich content). Debbie Allens Rise to Fame 2025 Charles. Racism-faced-as-child-ballerina + career arc. Heads Up territory. Beth confirms."
C-110,d4217ade-e4f8-446c-8d5c-ff1428961ed6,Digging Up Dinosaurs,Aliki,5-7,early-reader,nonfiction,1988,False,C — 5-7 split,retag,"5-6, 7-9",none,,Digging Up Dinosaurs 1988 Aliki. Pre-1990 (already browse-hidden). Canonical Aliki. 5-6 + 7-9.
C-111,fd8a6ff7-1048-4215-876e-d706c20bdb66,Fighting With Love: The Legacy of John Lewis,Lesa Cline-Ransome,5-7,early-reader,nonfiction,2025,True,C — 5-7 split,remove-from-database,,amy-approved,,"REMOVED per Amy directive (civil-rights-era books where violence is the subject, not backdrop). Original audit rationale: Fighting With Love: John Lewis 2025 Cline-Ransome. Edmund Pettus Bridge beating + sustained civil rights work. Heads Up territory (state violence against children depicted). Beth confirms."
C-112,f9a830bc-648c-4897-aaa4-ba2fa0a2e771,Finding Home: Amazing Places Animals Live,Mike Unwin,5-7,early-reader,nonfiction,2025,True,C — 5-7 split,retag,"5-6, 7-9",none,,Finding Home: Animal Habitats 2025 Unwin. Twelve-animals-twelve-habitats. 5-6 + 7-9.
C-113,9d4e9dea-4b4e-4e70-ab09-5e5ceb712b8d,Flower Talk,Sara Levine,5-7,early-reader,nonfiction,2019,True,C — 5-7 split,retag,"5-6, 7-9",none,,Flower Talk 2019 Levine. Pollinator-communication. 5-6 + 7-9.
C-114,6cb2d4ed-8a25-4293-ada9-c26ab331afd6,Golden Gate: Building the Mighty Bridge,Elizabeth Partridge,5-7,early-reader,nonfiction,2025,True,C — 5-7 split,remove-from-database,,amy-approved,,"REMOVED per Amy directive (civil-rights-era books where violence is the subject, not backdrop). Original audit rationale: Golden Gate: Building the Mighty Bridge 2025 Partridge. Worker-deaths-during-construction implied. Beth confirms whether 5-6 framing handles the workplace-fatality content."
C-115,020bb6d5-45fe-4d88-99e6-9319751c0598,How a Bear Became a Book: The Collaboration That Created Winnie-the-Pooh,Annette Bay Pimentel,5-7,early-reader,nonfiction,2026,True,C — 5-7 split,retag,"5-6, 7-9",none,,How a Bear Became a Book: Winnie-the-Pooh 2026 Pimentel. Real-bear-to-book collaboration. 5-6 + 7-9.
C-116,c21c1a05-1ece-44c2-82c8-a9fefcac2796,Just in Case: Saving Seeds in the Svalbard Global Seed Vault,Megan Clendenan,5-7,early-reader,nonfiction,2025,True,C — 5-7 split,retag,"5-6, 7-9",none,,Just in Case: Svalbard Seed Vault 2025 Clendenan. Civilizational-backup nonfiction. 5-6 + 7-9.
C-117,d63988e0-b0a0-4caa-8f9a-0d99578a4a53,Napesni/Renegade: The Story of a Wild Bison,Marcie R. Rendon,5-7,early-reader,nonfiction,2025,True,C — 5-7 split,retag,"5-6, 7-9",amy-approved,,APPROVED per Amy directive (Indigenous authorship handles representation; no Heads Up needed). Napesni/Renegade: Wild Bison 2025 Rendon. 200-year bison near-extinction + Indigenous reservation context. Indigenous representation done by Indigenous author. Beth confirms framing.
C-118,fdf9f565-4fae-4ca3-82dc-bc0ec27930d8,Never Give Up: Dr. Katalin Karikó and the Race to the COVID-19 Vaccine,Debbie Dadey,5-7,early-reader,nonfiction,2024,True,C — 5-7 split,retag,"5-6, 7-9",none,,Never Give Up: Karikó and COVID-19 2024 Dadey. 40-year mRNA persistence story. 5-6 + 7-9.
C-119,e9ff6801-04b5-4fcd-95a0-5aac18f98586,Ode to Grapefruit: How James Earl Jones Found His Voice,Kari Lavelle,5-7,early-reader,nonfiction,2025,True,C — 5-7 split,retag,"5-6, 7-9",none,,Ode to Grapefruit: James Earl Jones 2025 Lavelle. Stutter-to-voice biography. 5-6 + 7-9.
C-120,fb8514c6-dd24-4491-a3fe-c6efba4687d4,"Santiago Saw Things Differently: Santiago Ramón y Cajal, Scientific Artist",Christine Iverson,5-7,early-reader,nonfiction,2023,True,C — 5-7 split,retag,"5-6, 7-9",none,,Santiago Saw Things Differently: Ramón y Cajal 2023 Iverson. Drawing neurons + brain science. 5-6 + 7-9.
C-121,a717fa07-f68a-436e-910c-d7a078c7d8aa,Shining Star: Vera Rubin Discovers Dark Matter,Suzanne Slade,5-7,early-reader,nonfiction,2023,True,C — 5-7 split,retag,"5-6, 7-9",none,,Shining Star: Vera Rubin 2023 Slade. Dark-matter discovery + dismissal. 5-6 + 7-9.
C-122,d95072da-e349-4f02-bb8c-4f074646ae5f,The Camel Library: A True Story from Pakistan,Marzieh Abbas,5-7,early-reader,nonfiction,2025,True,C — 5-7 split,retag,"5-6, 7-9",none,,Camel Library: Pakistan 2025 Abbas. Camel-as-mobile-library nonfiction. 5-6 + 7-9.
C-123,616acf9b-6cda-49ec-a43b-7f704e5a93f0,The Dream Builder's Blueprint: Dr. King's Message to Young People,Alice Faye Duncan,5-7,early-reader,nonfiction,2026,True,C — 5-7 split,retag,"5-6, 7-9",none,,Dream Builders Blueprint: Dr. King 2026 Duncan. Erasure poem from 1967 King speech to teens. 5-6 + 7-9.
C-124,71aacee5-d8a6-47ae-a69f-dc7cf0afe970,The Fabulous Fannie Farmer: The Woman Who Changed the Way America Cooks,Emma Bland Smith,5-7,early-reader,nonfiction,2024,True,C — 5-7 split,retag,"5-6, 7-9",none,,Fabulous Fannie Farmer 2024 Smith. Standardized-measurement biography. 5-6 + 7-9.
C-125,e51b27a0-3ab6-4a9a-adeb-3419d475c92e,The Friendship Train: A True Story of Helping and Healing After World War II,Debbie Levy,5-7,early-reader,nonfiction,2025,True,C — 5-7 split,retag,"5-6, 7-9",none,,Friendship Train 2025 Levy. 1947 American food-aid + French gift train. 5-6 + 7-9.
C-126,a67ffa2a-5ddb-43ef-95ee-702572c3a7a3,The Great Lakes: Our Freshwater Treasure,Barb Rosenstock,5-7,early-reader,nonfiction,2025,True,C — 5-7 split,retag,"5-6, 7-9",none,,Great Lakes: Freshwater Treasure 2025 Rosenstock. Geological + Anishinaabe + contemporary. 5-6 + 7-9.
C-127,0617f359-3ded-47b4-ae70-9a8c7cafe126,The Secret Life of a Sea Turtle,Maddalena Bearzi,5-7,early-reader,nonfiction,2026,True,C — 5-7 split,retag,"5-6, 7-9",none,,Secret Life of a Sea Turtle 2026 Bearzi. Sea turtle life-cycle + dangers. 5-6 + 7-9.
C-128,ff48b7ac-28e1-4e6a-984a-b266f23ccf9e,The Skeleton Inside You,Philip Balestrino,5-7,early-reader,nonfiction,1989,False,C — 5-7 split,retag,"5-6, 7-9",none,,Skeleton Inside You 1989 Balestrino. Pre-1990 (already browse-hidden). Canonical anatomy. 5-6 + 7-9.
C-129,722f52c3-6bc0-419d-a79b-c82849b83baa,"We Are American, Too",Kristen Mei Chase,5-7,early-reader,nonfiction,2026,True,C — 5-7 split,retag,"5-6, 7-9",none,,We Are American Too 2026 Chase. Asian American identity + family history. 5-6 + 7-9.
C-130,71cf6a77-21f7-42c2-8868-8b3867016890,Wombats Are Pretty Weird: A (Not So) Serious Guide,Abi Cushman,5-7,early-reader,nonfiction,2023,True,C — 5-7 split,retag,"5-6, 7-9",none,,Wombats Are Pretty Weird 2023 Cushman. Wombat biology + comic. 5-6 + 7-9.
C-131,57f72fc4-28b7-40a3-93d9-a238ca3b15c5,You Can Move Mountains: The Artful Life of Painter Bob Ross,Richard Ho,5-7,early-reader,nonfiction,2026,True,C — 5-7 split,retag,"5-6, 7-9",none,,You Can Move Mountains: Bob Ross 2026 Ho. Bob Ross biography. 5-6 + 7-9.
C-132,38e1a8cf-2ac9-414f-a693-6cb01188c1b8,A Flicker of Hope: A Story of Migration,Cynthia Harmony,5-7,early-reader,picture-book,2025,True,C — 5-7 split,retag,"5-6, 7-9",amy-approved,,APPROVED per Amy directive (best-guess approval). Child-migration parallel narrative. Migration content handled with parallel-bird-migration grace. Approving 5-6 + 7-9. Original: A Flicker of Hope: Migration 2025 Harmony. Child-migration parallel-with-bird-migration. Migration content can be tender. Beth confirms framing.
C-133,dc1d1d42-ddf4-4135-939f-a38df5639ba3,Afloat,Kirli Saunders,5-7,early-reader,picture-book,2025,True,C — 5-7 split,retag,"5-6, 7-9",none,,Afloat 2025 Saunders. Indigenous flood-knowledge solution. 5-6 + 7-9.
C-134,bb09c5f5-da2c-41f0-932f-40008ee4a227,Bee Dance,Rick Chrustowski,5-7,early-reader,picture-book,2015,True,C — 5-7 split,retag,"5-6, 7-9",none,,Bee Dance 2015 Chrustowski. Honeybee waggle-dance science. 5-6 + 7-9.
C-135,1bf4d23c-e1d8-4670-a224-9a1375e1260a,Boxes for Katje,Candace Fleming,5-7,early-reader,picture-book,2003,True,C — 5-7 split,retag,"5-6, 7-9",amy-approved,,"APPROVED per Amy directive (civil-rights-era backdrop, not subject; representation-rich content). Boxes for Katje 2003 Fleming. Post-WWII Dutch town receives American care package. War aftermath context. Heads Up territory. Beth confirms."
C-136,8e478229-9125-411e-b7b8-7a51dc714b93,Brave,Weshoyot Alvitre,5-7,early-reader,picture-book,2025,True,C — 5-7 split,retag,"5-6, 7-9",amy-approved,,"APPROVED per Amy directive (Indigenous authorship handles representation; no Heads Up needed). Brave 2025 Alvitre. ""Reclamation of bravery through Native American lens — brave things history books dont mention."" Indigenous-authored Native-American history reclamation. Drops 3-4 (concept of suppressed-history reclamation needs 5+ to land). Beth confirms whether 5-6 fit holds with adult support — depending on how the suppression of culture is depicted, may want 7-9 only."
C-137,1c0ade34-f023-4e66-b5b7-a3aff9ad5ee7,Broken,X. Fang,5-7,early-reader,picture-book,2025,True,C — 5-7 split,retag,"5-6, 7-9",none,,"Broken 2025 Fang. ""Child breaks grandmothers cup, blames cat."" Moral-arc + intergenerational-mistake. 5-6 + 7-9 fit. Could also work 3-4 read-aloud but the moral-realization arc benefits from 5+."
C-138,c20f6e38-458d-498e-99fd-888520897f47,Building Our House,Jonathan Bean,5-7,early-reader,picture-book,2013,True,C — 5-7 split,retag,"5-6, 7-9",none,,Building Our House 2013 Bean. Family-builds-house seasonally. 5-6 + 7-9.
C-139,74fca92f-7b4c-4fb8-ae2a-faf42357682e,Cece Loves Science,Kimberly Derting,5-7,early-reader,picture-book,2018,True,C — 5-7 split,retag,"5-6, 7-9",none,,Cece Loves Science 2018 Derting. Child-designs-experiment narrative. 5-6 + 7-9.
C-140,2f2b023f-1da6-43f1-ba87-7cd177e87077,"City Summer, Country Summer",Kiese Laymon,5-7,early-reader,picture-book,2025,True,C — 5-7 split,retag,"5-6, 7-9",none,,City Summer Country Summer 2025 Laymon. Three Black boys urban + rural summer. 5-6 + 7-9.
C-141,864002ca-20a7-446f-acdf-f3e561045a4b,Dragon Flower,Chen Jiang Hong,5-7,early-reader,picture-book,2025,True,C — 5-7 split,retag,"5-6, 7-9",none,,Dragon Flower 2025 Hong. Chinese mythology + brush-painting. 5-6 + 7-9.
C-142,2c233aaf-1132-4bf9-aeea-0f93cf6f1b4f,Grief Is an Elephant,Tamara Ellis Smith,5-7,early-reader,picture-book,2023,True,C — 5-7 split,retag,"5-6, 7-9",amy-approved,The book is about grief directly; loss of a loved one is the subject.,APPROVED per Amy directive (grief/mortality central; Heads Up applied). Grief Is an Elephant 2023 Smith. Direct grief-narrative for kids. Heads Up territory. Beth confirms framing.
C-143,76b05da2-4bc2-4984-834b-608f1a735241,Honeybird Blue,Taunya English,5-7,early-reader,picture-book,2026,True,C — 5-7 split,retag,"5-6, 7-9",none,,Honeybird Blue 2026 English. Father-daughter bird-walk. 5-6 + 7-9.
C-144,1e6c0a94-6ab8-4cf4-b551-d35db3ee30f5,How Many Seeds in a Pumpkin?,Margaret McNamara,5-7,early-reader,picture-book,2007,True,C — 5-7 split,retag,"5-6, 7-9",none,,How Many Seeds in a Pumpkin 2007 McNamara. Math + size-vs-yield. 5-6 + 7-9.
C-145,38172710-2447-45d0-860f-cadf6945ad61,How to Write a Poem,Kwame Alexander,5-7,early-reader,picture-book,2023,True,C — 5-7 split,retag,"5-6, 7-9",none,,How to Write a Poem 2023 Alexander. Poetry-as-attention. 5-6 + 7-9.
C-146,14145661-8867-4553-b544-611760b58060,In the Desert,David Elliott,5-7,early-reader,picture-book,2025,True,C — 5-7 split,retag,"5-6, 7-9",duplicate,,"In the Desert 2025 Elliott — DUPLICATE of row 145 (also tagged 5-7 only, same year, same author, same hook structure). De-dup required."
C-147,5cfaf66f-6dd2-4aa5-a040-b7839ed3368e,In the Desert: Poems of the Sahara,David Elliott,5-7,early-reader,picture-book,2025,True,C — 5-7 split,retag,"5-6, 7-9",duplicate,,In the Desert: Poems of the Sahara 2025 Elliott — DUPLICATE of row 144. De-dup required.
C-148,41667289-65ac-4a0d-93ab-c32b157b5600,Island Storm,Brian Floca,5-7,early-reader,picture-book,2025,True,C — 5-7 split,retag,"5-6, 7-9",none,,Island Storm 2025 Floca. Weather + going-farther-from-home. 5-6 + 7-9.
C-149,59d6dc24-da05-4440-a6ec-700b8376f0f0,Little Rebels,Yuyi Morales,5-7,early-reader,picture-book,2025,True,C — 5-7 split,retag,"5-6, 7-9",none,,Little Rebels 2025 Morales. Historical-rebels-as-children. 5-6 + 7-9.
C-150,3e3ebe0b-16b7-45bc-b233-6dd49c7eab1f,Mae and Gerty and the Matter with Matter,Elaine Vickers,5-7,early-reader,picture-book,2023,True,C — 5-7 split,retag,"5-6, 7-9",none,,Mae and Gerty and the Matter with Matter 2023 Vickers. Sister-as-states-of-matter. 5-6 + 7-9.
C-151,2586df9d-d90d-475b-8e21-23c1656afec8,Mama Panya's Pancakes,Mary Chamberlin & Rich Chamberlin,5-7,early-reader,picture-book,2005,True,C — 5-7 split,retag,"5-6, 7-9",none,,Mama Panyas Pancakes 2005 Chamberlin. Kenyan community-share-pancakes math. 5-6 + 7-9.
C-152,a896d96e-4ccc-48bc-8e45-d8a8450e57d8,Moon Song,Michaela Goade,5-7,early-reader,picture-book,2025,True,C — 5-7 split,retag,"5-6, 7-9",none,,Moon Song 2025 Goade. Tlingit/Haida moon tradition. Caldecott-winner. 5-6 + 7-9.
C-153,373d6813-bed4-4458-9fda-3c8566a6a6ff,My Strange Shrinking Parents,Zeno Sworder,5-7,early-reader,picture-book,2023,True,C — 5-7 split,remove-from-database,,amy-approved,,REMOVED per Amy directive (sustained classroom/peer cruelty arcs). Original audit rationale: My Strange Shrinking Parents 2023 Sworder. Immigrant-parents-shrink-with-overwork visual metaphor. Heavy on parental sacrifice. Beth confirms — possibly 7-9 only depending on metaphor reception at 5-6.
C-154,559451d4-05cc-4bc7-8d8c-e9ee0c911270,Old Blue Is My Home,Lita Judge,5-7,early-reader,picture-book,2025,True,C — 5-7 split,retag,"5-6, 7-9",amy-approved,,APPROVED per Amy directive (best-guess approval). Child living in van. Housing-instability narrative handled with iridescent watercolor and absolute love (per hook). Representational content for kids in unconventional housing. Approving 5-6 + 7-9. Original: Old Blue Is My Home 2025 Judge. Child living in van. Housing-instability narrative. Beth confirms.
C-155,8afd68f7-9ff5-4ee3-aa94-11fccfaa97e8,One Day a Mayfly,Shirley Marr,5-7,early-reader,picture-book,2025,True,C — 5-7 split,retag,"5-6, 7-9",amy-approved,The mayfly lives and dies within a single day; mortality is central.,APPROVED per Amy directive (grief/mortality central; Heads Up applied). One Day a Mayfly 2025 Marr. Mayfly has one day to live. Mortality theme central. Beth confirms whether 5-6 fit holds.
C-156,3f03eaeb-cf10-4d80-9e50-69376b0eb293,One Day at the Bottom of the Deep Blue Sea,Daniel Bernstrom,5-7,early-reader,picture-book,2025,True,C — 5-7 split,retag,"5-6, 7-9",none,,One Day at the Bottom of the Deep Blue Sea 2025 Bernstrom. Girl-outsmarts-shark + deep-sea inventory. 5-6 + 7-9.
C-157,6bd180f9-7b83-49c4-9bda-6da64f1e5fdd,Planting the Wild Garden,Kathryn O. Galbraith,5-7,early-reader,picture-book,2011,True,C — 5-7 split,retag,"5-6, 7-9",none,,Planting the Wild Garden 2011 Galbraith. Seed-dispersal mechanisms. 5-6 + 7-9.
C-158,0ebe6185-20ba-4934-b206-14a17be92d15,Rumpelstiltskin,Mac Barnett,5-7,early-reader,picture-book,2026,True,C — 5-7 split,retag,"5-6, 7-9",none,,Rumpelstiltskin 2026 Barnett. Mac Barnett retelling. 5-6 + 7-9.
C-159,bd8424be-a34e-48be-8c9a-d218fd5ab4bd,Ruthie Rose's Big Idea: A Poetry Story,John Schu,5-7,early-reader,picture-book,2025,True,C — 5-7 split,retag,"5-6, 7-9",amy-approved,,REMOVED per Amy directive (sustained classroom/peer cruelty arcs). Original audit rationale: Ruthie Roses Big Idea 2025 Schu. Sharing-as-growing-an-idea. 5-6 + 7-9. RE-INSERTED post-Phase-6A: Session 13 substring-match logic swept this row into removal incorrectly. Original audit decision restored. Filed as calibration finding.
C-160,efaed6ec-9a0a-4fee-9413-8e137ffae9e7,Sakina and the Uninvited Guests,Zahra Marwan,5-7,early-reader,picture-book,2025,True,C — 5-7 split,retag,"5-6, 7-9",none,,Sakina and the Uninvited Guests 2025 Marwan. Museum-visit + art-as-history. 5-6 + 7-9.
C-161,c3c1d469-8f19-4fe2-849b-d2086a5e32e8,Sea in My Cells,Laura Alary,5-7,early-reader,picture-book,2025,True,C — 5-7 split,retag,"5-6, 7-9",none,,Sea in My Cells 2025 Alary. Water-cycle through human body. 5-6 + 7-9.
C-162,e2c73b81-552f-4cb2-b171-aba8200cea73,Seven Skies All at Once,Ted Kooser,5-7,early-reader,picture-book,2025,True,C — 5-7 split,retag,"5-6, 7-9",none,,Seven Skies All at Once 2025 Kooser. Sky-poems through rainstorm. 5-6 + 7-9.
C-163,da5b14b2-cede-4fac-9f15-f909f0c9bcd9,Stalactite and Stalagmite: A Big Tale From a Little Cave,Drew Beckmeyer,5-7,early-reader,picture-book,2025,True,C — 5-7 split,retag,"5-6, 7-9",amy-approved,,REMOVED per Amy directive (sustained classroom/peer cruelty arcs). Original audit rationale: Stalactite and Stalagmite 2025 Beckmeyer. Cave-formations-witness-history. 5-6 + 7-9. RE-INSERTED post-Phase-6A: Session 13 substring-match logic swept this row into removal incorrectly. Original audit decision restored. Filed as calibration finding.
C-164,2c9db5d8-fe20-4e87-8add-6cb4c56b701f,Still Life,Alex London,5-7,early-reader,picture-book,2024,True,C — 5-7 split,retag,"5-6, 7-9",none,,Still Life 2024 London. Painter-vs-coming-alive comic. 5-6 + 7-9.
C-165,c74b07be-1021-45cd-94f3-454d568b3da1,Stone Soup,Jon J Muth,5-7,early-reader,picture-book,2003,True,C — 5-7 split,retag,"5-6, 7-9",none,,Stone Soup 2003 Muth. Caldecott Honor. Three-monks-share-soup. 5-6 + 7-9.
C-166,3932edb2-aea6-455d-be7b-d13100d9cae3,Sundust,Zeke Peña,5-7,early-reader,picture-book,2025,True,C — 5-7 split,retag,"5-6, 7-9",none,,Sundust 2025 Peña. Desert-landscape visual journey. 5-6 + 7-9.
C-167,fbbd7850-73da-4b53-9c22-46b928ce02d1,Swirl by Swirl: Spirals in Nature,Joyce Sidman,5-7,early-reader,picture-book,2011,True,C — 5-7 split,retag,"5-6, 7-9",none,,Swirl by Swirl: Spirals in Nature 2011 Sidman. Spirals across nature. 5-6 + 7-9.
C-168,4b5f2b74-6606-4d42-a618-4ac1db4dd43f,Tanning the Hide,Karina Iceberg,5-7,early-reader,picture-book,2026,True,C — 5-7 split,retag,"5-6, 7-9",amy-approved,,APPROVED per Amy directive (Indigenous authorship handles representation; no Heads Up needed). Tanning the Hide 2026 Iceberg. Aleut-Alutiiq community tanning. Indigenous tradition by Indigenous author. Animal-hide-tanning content (post-hunt). Beth confirms framing for 5-6 fit.
C-169,1e8c9021-9258-4612-a5d9-222682cdcbe3,The Clock,Pam Fong,5-7,early-reader,picture-book,2025,True,C — 5-7 split,retag,"5-6, 7-9",none,,The Clock 2025 Fong. Gare dOrsay clock history. 5-6 + 7-9.
C-170,4f11b53c-6250-47bf-80ca-8778c3c644c4,The Darkest Dark,Chris Hadfield,5-7,early-reader,picture-book,2016,True,C — 5-7 split,retag,"5-6, 7-9",none,,Darkest Dark 2016 Hadfield. Astronaut Hadfield + fear-of-dark biography. 5-6 + 7-9.
C-171,9ad06389-431f-4d26-b414-3f4c7e887032,The Day the Books Disappeared,Joanna Ho,5-7,early-reader,picture-book,2025,True,C — 5-7 split,retag,"5-6, 7-9",none,,Day the Books Disappeared 2025 Ho. Wishes-and-loss narrative. 5-6 + 7-9.
C-172,10d5d8c1-b00a-41e6-b9c8-415819b1ab76,The Dot,Peter H. Reynolds,5-7,early-reader,picture-book,2003,True,C — 5-7 split,remove-from-database,,amy-approved,,"DUPLICATE removal per Amy directive — kept canonical copy elsewhere in corpus. Original audit rationale: The Dot 2003 Reynolds — DUPLICATE of row 79 above (also B-079 in current corpus tag — wait, this is C-172 in display order; this entry is the 5-7-only second copy of the 2-4+5-7 first copy). De-dup required."
C-173,e6035f6d-fe19-4018-a253-97e023950147,The Fantastic Undersea Life of Jacques Cousteau,Dan Yaccarino,5-7,early-reader,picture-book,2009,True,C — 5-7 split,retag,"5-6, 7-9",none,,Fantastic Undersea Life of Jacques Cousteau 2009 Yaccarino. Cousteau biography. 5-6 + 7-9.
C-174,1bf8f9d6-ec31-4a51-b64f-7ca3dd8ef50a,The Good Egg,Jory John,5-7,early-reader,picture-book,2019,True,C — 5-7 split,retag,"5-6, 7-9",none,,The Good Egg 2018 John. Perfectionism-cracks-up. 5-6 + 7-9.
C-175,3ed5cb33-d727-4358-a28e-59f861a4ccfb,The History of We,Nikkolas Smith,5-7,early-reader,picture-book,2025,True,C — 5-7 split,retag,"5-6, 7-9",none,,History of We 2025 Smith. Human-history-from-Africa + cultures. 5-6 + 7-9.
C-176,33335f36-1a1d-458f-997e-ef9e5e2c4902,The Invisible Parade,Leigh Bardugo and John Picacio,5-7,early-reader,picture-book,2025,True,C — 5-7 split,retag,"5-6, 7-9",none,,Invisible Parade 2025 Bardugo/Picacio. New Orleans Mardi Gras + ancestors. 5-6 + 7-9.
C-177,f7aebc9f-6d92-4da4-9de8-610f8423081b,The Iridescence of Birds,Patricia MacLachlan,5-7,early-reader,picture-book,2014,True,C — 5-7 split,retag,"5-6, 7-9",none,,Iridescence of Birds 2014 MacLachlan. Young Matisse + pigeon-color. 5-6 + 7-9.
C-178,96ef15a2-8de8-41d9-8dcb-bdea5c51d673,The Last Stand,Antwan Eady,5-7,early-reader,picture-book,2025,True,C — 5-7 split,retag,"5-6, 7-9",none,,The Last Stand 2025 Eady. Black-owned grocery + chain-store displacement. 5-6 + 7-9.
C-179,2f5f79d2-37cc-4e37-99a6-faf11d44d7a2,The Library in the Woods,R. Gregory Christie,5-7,early-reader,picture-book,2025,True,C — 5-7 split,retag,"5-6, 7-9",none,,Library in the Woods 2025 Christie. Black community-built library narrative. 5-6 + 7-9.
C-180,136580be-f8f4-4eec-a195-e71b9ca2f2a0,The Most Magnificent Thing,Ashley Spires,5-7,early-reader,picture-book,2014,True,C — 5-7 split,retag,"5-6, 7-9",duplicate,,Most Magnificent Thing 2014 Spires — DUPLICATE of row 181. De-dup required.
C-181,fbeac55d-117f-41f9-a184-3379bb6b3e5d,The Most Magnificent Thing,Ashley Spires,5-7,early-reader,picture-book,2014,True,C — 5-7 split,remove-from-database,,amy-approved,,DUPLICATE removal per Amy directive — kept canonical copy elsewhere in corpus. Original audit rationale: Most Magnificent Thing 2014 Spires — DUPLICATE of row 178. De-dup required.
C-182,8b1eb658-0636-439f-8671-01ec44e019b0,The Name Jar,Yangsook Choi,5-7,early-reader,picture-book,2001,True,C — 5-7 split,retag,"5-6, 7-9",duplicate,,Name Jar 2001 Choi — DUPLICATE of row 181 (next row). De-dup required. Korean-girl-name-acceptance classic.
C-183,8c8af4c0-4610-4402-9e7a-ce2ec930d15f,The Name Jar,Yangsook Choi,5-7,early-reader,picture-book,2001,True,C — 5-7 split,remove-from-database,,amy-approved,,DUPLICATE removal per Amy directive — kept canonical copy elsewhere in corpus. Original audit rationale: Name Jar 2001 Choi — DUPLICATE of row 180. Same audit.
C-184,d88a55cb-2abe-467d-b373-63da0415438a,The Outermost Mouse,Lauren Wolk,5-7,early-reader,picture-book,2026,True,C — 5-7 split,retag,"5-6, 7-9",none,,Outermost Mouse 2026 Wolk. Cape-Cod-mouse storm narrative. 5-6 + 7-9.
C-185,d167c53f-f92b-4c19-b0c9-54523931a26c,The Slightly Spooky Tale of Fox and Mole,Cecilia Heikkilä,5-7,early-reader,picture-book,2025,True,C — 5-7 split,retag,"5-6, 7-9",none,,Slightly Spooky Tale of Fox and Mole 2025 Heikkilä. Friendship-imbalance-resolved. 5-6 + 7-9.
C-186,ad14c910-df68-417f-9831-6383a5c1f4ee,Those Shoes,Maribeth Boelts,5-7,early-reader,picture-book,2007,True,C — 5-7 split,retag,"5-6, 7-9",duplicate,,Those Shoes 2007 Boelts — DUPLICATE of row 185. De-dup required. Coveted-shoes + thrift narrative.
C-187,74e813b3-e721-4ef1-8ae7-9f68b6e028b2,Those Shoes,Maribeth Boelts,5-7,early-reader,picture-book,2007,True,C — 5-7 split,remove-from-database,,amy-approved,,DUPLICATE removal per Amy directive — kept canonical copy elsewhere in corpus. Original audit rationale: Those Shoes 2007 Boelts — DUPLICATE of row 184. Same audit.
C-188,6dfde4e8-3ea9-4721-b5b7-c7f85aadd8e9,Tiny Creatures: The World of Microbes,Nicola Davies,5-7,early-reader,picture-book,2014,True,C — 5-7 split,retag,"5-6, 7-9",none,,Tiny Creatures: Microbes 2014 Davies. Microbe biology. 5-6 + 7-9.
C-189,8340e93f-8287-4680-8e85-994578912a5b,To See an Owl,Matthew Cordell,5-7,early-reader,picture-book,2025,True,C — 5-7 split,retag,"5-6, 7-9",none,,To See an Owl 2025 Cordell. Patient owl-search. 5-6 + 7-9.
C-190,e7e123fd-3d9b-40ec-a247-576cd0eadccc,What Do You Do With an Idea?,Kobi Yamada,5-7,early-reader,picture-book,2014,True,C — 5-7 split,retag,"5-6, 7-9",duplicate,,What Do You Do With an Idea 2014 Yamada — DUPLICATE of row 189. De-dup required.
C-191,510c58ce-c543-4993-a103-dfd1d3ac0f41,What Do You Do With an Idea?,Kobi Yamada,5-7,early-reader,picture-book,2014,True,C — 5-7 split,remove-from-database,,amy-approved,,DUPLICATE removal per Amy directive — kept canonical copy elsewhere in corpus. Original audit rationale: What Do You Do With an Idea 2014 Yamada — DUPLICATE of row 188. Same audit.
C-192,5fb33474-a3aa-494f-9f93-359fbf1a2159,Will's Race for Home,Jewell Parker Rhodes,5-7,early-reader,picture-book,2025,True,C — 5-7 split,retag,"5-6, 7-9",amy-approved,,"APPROVED per Amy directive (civil-rights-era backdrop, not subject; representation-rich content). Wills Race for Home 2025 Rhodes. Black jockeys during Reconstruction. 5-6 + 7-9."
C-193,aca6c7d2-5c3b-4aed-9de3-d3c6690056d9,Xolo: How One Good Dog Saved Humankind,Donna Barba Higuera,5-7,early-reader,picture-book,2025,True,C — 5-7 split,retag,"5-6, 7-9",none,,Xolo: How One Good Dog Saved Humankind 2025 Higuera. Aztec mythology + Xoloitzcuintli. 5-6 + 7-9.
C-194,dc77e1c0-9c84-4b26-ac88-c447ec6146d6,Bat and the Business of Ferrets,Elana K. Arnold,5-7,independent,chapter-book,2025,True,C — 5-7 split,retag,"5-6, 7-9",amy-approved,,APPROVED per Amy directive (developmental edge call; no Heads Up needed). Bat and the Business of Ferrets 2025 Arnold. Autistic protagonist + neighborhood mystery. Beth confirms whether 5-6 fit holds — chapter-book autism-rep usually wants 7+ floor.
C-195,8b2ea0be-bf21-4a2c-a4c0-bba3e132b99a,Clementine,Sara Pennypacker,5-7,independent,chapter-book,2006,True,C — 5-7 split,retag,"5-6, 7-9",none,,Clementine 2006 Pennypacker. Canonical chapter-book. 5-6 + 7-9.
C-196,b30ff031-e7a8-4331-822d-a69e0fd23caf,Fia Hosein Finds Her Beat,Tracey Baptiste,5-7,independent,chapter-book,2026,True,C — 5-7 split,retag,"5-6, 7-9",amy-approved,,APPROVED per Amy directive (developmental edge call; no Heads Up needed). Fia Hosein Finds Her Beat 2026 Baptiste. Trinidad-immigrant-losing-accent narrative. Identity-loss-with-language theme. Beth confirms 5-6 fit holds.
C-197,19013de9-4f4a-4440-a09e-892784d69cba,Flat Stanley,Jeff Brown,5-7,independent,chapter-book,1964,False,C — 5-7 split,retag,"5-6, 7-9",none,,Flat Stanley 1964 Brown. Pre-1990 (already browse-hidden). Canonical. 5-6 + 7-9.
C-198,702a637c-d97e-44e1-a6cf-059a3e0ccd43,Mrs. Piggle-Wiggle,Betty MacDonald,5-7,independent,chapter-book,1947,False,C — 5-7 split,remove-from-database,,amy-approved,,"REMOVED per Amy directive (pre-1990 books with period-framing concerns). Original audit rationale: Mrs. Piggle-Wiggle 1947 MacDonald. Pre-1990 (already browse-hidden). Canonical. Beth confirms — period framing of ""cures"" for child behavior may have aged unevenly. Plan-generator pulls only."
C-199,ece6e720-e899-4d16-8b34-8ee6dd6b2e12,My Father's Dragon,Ruth Stiles Gannett,5-7,independent,chapter-book,1948,False,C — 5-7 split,retag,"5-6, 7-9",none,,My Fathers Dragon 1948 Gannett. Pre-1990 (already browse-hidden). Newbery Honor. 5-6 + 7-9.
C-200,51497abd-9e63-46b5-a45c-8e1cd0f4f085,Ramona the Pest,Beverly Cleary,5-7,independent,chapter-book,1968,False,C — 5-7 split,retag,"5-6, 7-9",none,,Ramona the Pest 1968 Cleary. Pre-1990 (already browse-hidden). Cleary canonical. 5-6 + 7-9.
C-201,65aa12d0-d4aa-4ad1-9ce7-1d17ac1304dd,Sideways Stories from Wayside School,Louis Sachar,5-7,independent,chapter-book,1978,False,C — 5-7 split,retag,"5-6, 7-9",none,,Sideways Stories from Wayside School 1978 Sachar. Pre-1990 (already browse-hidden). Canonical. 5-6 + 7-9.
C-202,b90ce443-978b-4bb8-aebb-915dc877be54,The Moffats,Eleanor Estes,5-7,independent,chapter-book,1941,False,C — 5-7 split,remove-from-database,,amy-approved,,REMOVED per Amy directive (pre-1990 books with period-framing concerns). Original audit rationale: Moffats 1941 Estes. Pre-1990 (already browse-hidden). WWI-era Connecticut family + financial-struggle. Beth confirms period framing.
C-203,9ae77054-f851-46ba-9ed1-d23eba9d9284,After the Rain,Eleanor Spicer Rice,5-7,independent,nonfiction,2026,True,C — 5-7 split,retag,"5-6, 7-9",none,,After the Rain 2026 Rice. Post-rain natural-world chemistry. 5-6 + 7-9.
C-204,0a10c794-5a1d-4a86-add4-977225aa055a,Cora's Beach Adventure,Sally M. Walker,5-7,independent,nonfiction,2026,True,C — 5-7 split,retag,"5-6, 7-9",none,,Coras Beach Adventure 2026 Walker. Beach-as-classroom science. 5-6 + 7-9.
C-205,6fa2ff94-4a46-487f-b5be-742708342e74,My Presentation Today Is About the Anaconda,Bibi Dumon Tak,5-7,independent,picture-book,2025,True,C — 5-7 split,retag,"5-6, 7-9",none,,My Presentation Today Is About the Anaconda 2025 Tak. Animal-class-reports comic. 5-6 + 7-9.
D-001,18a6f7b1-1724-4ec6-bf32-329d21c67619,Brown Girl Dreaming,Jacqueline Woodson,10-12,advanced,chapter-book,2014,True,,remove-from-database,,amy-approved,,"Duplicate of Brown Girl Dreaming canonical row e9cf5467. Stale first-draft entry from April 11 import session, ~67 seconds before the corrected canonical entry. Removed per Amy directive Session 13 follow-on."
D-002,5abb6a6c-7eae-4002-8c7a-56d402181843,We Are Not Free,Traci Chee (editor),10-12,independent,chapter-book,2020,True,,remove-from-database,,amy-approved,,Amy Session 13 directive (sustained classroom/peer cruelty) applied; book fell outside original three-population audit scope. Removed per Amy directive Session 13 coverage-audit follow-on.
D-003,454778a9-fd3d-4c91-af0a-900df0c9487b,Watership Down,Richard Adams,10-12,advanced,chapter-book,1972,True,,remove-from-database,,amy-approved,,"Pre-1990 + sustained animal violence (predator scenes, rabbit-vs-rabbit combat, human-caused warren destruction) at adult-tier intensity. Same logic as Gentle Ben removal."
D-004,c0259c16-6d6b-4721-970c-e2abb2aa31f2,Redwall,Brian Jacques,10-12,independent,chapter-book,1986,True,,remove-from-database,,amy-approved,,Pre-1990 + sustained animal-combat content across the series. Same logic as Watership Down removal.
D-005,04fe6e65-55e0-4908-8c2c-ba777226a1bd,The Sign of the Beaver,Elizabeth George Speare,10-12,independent,chapter-book,1983,True,,remove-from-database,,amy-approved,,Pre-1990 frontier-era white-boy/Native-boy friendship narrative with period framing concerns. Same logic as Little House removal.
D-006,0fdb403d-a93f-4bd2-b585-9f16a5e99e79,Island of the Blue Dolphins,Scott O'Dell,10-12,independent,chapter-book,1960,True,,remove-from-database,,amy-approved,,Pre-1990 Indigenous (Lone Woman of San Nicolas) story written by non-Indigenous author. Same logic as period-framing-by-non-Indigenous-author removals.
D-007,8ef2a95a-591a-425d-ba55-e61b93376c94,Impossible Escape,Steve Sheinkin,10-12,advanced,nonfiction,2023,True,,remove-from-database,,amy-approved,,Holocaust escape narrative; violence-as-subject. Same logic as Lions' Run removal.
D-008,e74470fc-0af5-4e0e-b91f-99ac204c4c17,The Boys Who Challenged Hitler,Phillip Hoose,10-12,independent,nonfiction,2015,True,,remove-from-database,,amy-approved,,Nazi-era resistance; violence-as-subject. Same logic as Holocaust/Nazi-era violence-as-subject removals.
D-009,22c5f14f-5de4-452a-aa4f-ae1c9dd5b666,"Fallout: Spies, Superbombs, and the Ultimate Cold War Showdown",Steve Sheinkin,10-12,advanced,nonfiction,2021,True,,remove-from-database,,amy-approved,,Cold War nuclear weapons + Cuban Missile Crisis; violence-as-subject.
D-010,c636a07b-30ac-4c72-9f2e-16295b8de345,Most Dangerous: Daniel Ellsberg and the Secret History of the Vietnam War,Steve Sheinkin,10-12,advanced,nonfiction,2015,True,,remove-from-database,,amy-approved,,Vietnam War + Pentagon Papers; violence-as-subject.
D-011,3e3eb02c-dcc1-424c-8f31-9874049685d6,Port Chicago 50,Steve Sheinkin,10-12,independent,nonfiction,2014,True,,remove-from-database,,amy-approved,,Military explosion + civil rights mutiny trial; violence-as-subject.
D-012,0b78eb0e-6340-46e6-9f60-17e1e2c595ba,"Never Caught, the Story of Ona Judge",Erica Armstrong Dunbar and Kathleen Van Cleve,10-12,independent,nonfiction,2019,True,,remove-from-database,,amy-approved,,Slavery as central subject (enslaved woman escaping George Washington's household); violence-as-subject. Same logic as civil-rights-era violence-as-subject removals.
D-013,4e39cc4b-e033-4f76-9079-219e2ca14057,Undefeated: Jim Thorpe and the Carlisle Indian School Football Team,Steve Sheinkin,10-12,independent,nonfiction,2017,True,,remove-from-database,,amy-approved,,Carlisle Indian Industrial School = boarding-school violence against Indigenous children implied throughout; violence-as-subject.
D-014,4b949473-c1d6-478e-9d32-aece92e29bd5,Guts,Raina Telgemeier,10-12,independent,graphic-novel,2019,True,,retag,10-12,none,"Raina's anxiety, panic attacks, and recurring stomach symptoms are the book's subject; some readers will see themselves, others may find it activating.",Approved with heads_up applied. Memoir; identity narrative not removed; parents get context they may want.
