id,title,author,orbital_score,reading_level,book_format,parent_role,hook,status,browse_visible,cover_image_url,year_published,age_bands,themes,subjects
64786a7e-2554-43b3-a1d6-269c03c9e3fa,A Different Pond,Bao Phi,5,pre-reader,picture-book,read-together,A father and son go fishing before dawn. The pond is in Minneapolis. The memory is in Vietnam.,active,True,https://covers.openlibrary.org/b/isbn/9781623708030-L.jpg,2017,"2-4, 5-7","family-labor, father-son, fishing, food-sourcing, immigration, Vietnam","geography, history, science, social-emotional"
720a7d1a-2fb2-4e06-b397-8aaad0d36d68,A House for Hermit Crab,Eric Carle,4,pre-reader,picture-book,read-together,"Every month, Hermit Crab adds something new to his shell. By December, he has outgrown it entirely.",active,False,https://covers.openlibrary.org/b/isbn/9780320067044-L.jpg,1987,2-4,"calendar, change, growth, marine-biology, ocean, symbiosis","math, science, social-emotional"
f64f1281-5773-481e-aa59-a2396bb0ff9e,A Seed Grows,Antoinette Portis,4,pre-reader,nonfiction,read-together,A single seed's complete journey from soil to sunflower to seed again — with a fold-out at the end that is the full-grown plant itself.,active,True,https://covers.openlibrary.org/b/id/12527189-L.jpg,2022,"2-4, 5-7","germination, growth, plant-life-cycle, pollination, seeds",science
3e69cb1a-89cd-42dd-aebf-08e56f5f3777,A-Ztec: A Bilingual Alphabet Book,Emmanuel Valtierra,4,pre-reader,picture-book,read-together,"The alphabet told in Spanish, Nahuatl, Mayan, and other Mesoamerican languages — a reminder that American history goes 3,000 years deeper than the English alphabet.",active,True,https://m.media-amazon.com/images/I/91UQQATxAeL._SL500_.jpg,2025,"2-4, 5-7","bilingual, indigenous-languages, Mesoamerican-languages, Nahuatl, Spanish",
25a09dce-3b01-46a5-8331-4d101a250924,Aggie and the Ghost,Matthew Forsythe,3,pre-reader,picture-book,read-together,Aggie's new house comes with a ghost — and they must negotiate house rules before they can coexist.,active,True,https://covers.openlibrary.org/b/isbn/9781534478213-L.jpg,2025,2-4,"conflict-resolution, friendship, ghosts, new-home, rules",social-emotional
2b83a332-fb31-482e-a34b-f46ab56e3b5b,Alberto Salas Plays Paka Paka con la Papa,Sara Andrea Fajardo,5,early-reader,nonfiction,read-side-by-side,Alberto Salas hunts for wild potatoes in the Andes Mountains to preserve biodiversity before they go extinct — and potato conservation is more urgent than you think.,active,True,https://m.media-amazon.com/images/I/91WEqS-X5SL._SL500_.jpg,2025,"2-4, 5-7","biodiversity, conservation, Peru, potatoes, science",
61c912a2-2699-4243-907c-9e6899cb2c98,Alexander and the Terrible Horrible No Good Very Bad Day,Judith Viorst,5,pre-reader,picture-book,read-together,"Alexander's day is a masterclass in catastrophizing — and the punchline is that some days are just bad, even in Australia.",active,False,https://covers.openlibrary.org/b/id/433572-L.jpg,1972,"2-4, 5-7","bad-days, emotions, empathy, humor, perspective",
becc0e7e-b20e-4141-8b9c-cd750c8c5ab3,Anything,Rebecca Stead,3,pre-reader,picture-book,read-together,How many anythings can you wish for? The spread that answers this question is one of the most visually abundant pages in recent children's books.,active,True,https://covers.openlibrary.org/b/isbn/9781797229744-L.jpg,2025,"2-4, 5-7","childhood, friendship, imagination, possibility, wishes",social-emotional
0b6f5c1e-fb5c-44b3-a092-88c2bd1a4876,At the Window,Hope Lim,4,pre-reader,picture-book,read-together,"Two neighbors connect through their apartment windows — and when one window goes dark, the child learns to open her own.",active,True,https://covers.openlibrary.org/b/isbn/9781536224788-L.jpg,2025,"2-4, 5-7","community, friendship, loss, neighbors, observation, windows",social-emotional
053ef464-08e1-4939-88e5-40e55ceb1b8f,Awe!,Jilanne Hoffman,3,pre-reader,picture-book,read-together,"Awe is not just a feeling — it's a scientifically studied emotion that shrinks your sense of self, connects you to something larger, and makes you measurably kinder. This book opens that emotion for the youngest readers.",active,True,,2026,2-4,"awe, nature, observation, science-of-emotion, wonder",
6e1f2676-03fb-4c8f-a973-09578100de31,Bartleby,Matt Phelan,3,pre-reader,picture-book,read-together,Bartleby is a dapper polar bear who knows exactly who he is — and the book is a modern classic for children who feel the pressure to be someone different.,active,True,https://m.media-amazon.com/images/I/91owfGoVg7L._SL500_.jpg,2026,"2-4, 5-7","authenticity, community, identity, polar-bear, self-acceptance",social-emotional
9e1fbf66-af89-42cc-a91d-f4e6fe717e33,Beautiful Black Boy,Sophia Robinson,2,pre-reader,picture-book,read-together,"A joyful, affirmational celebration of Black boyhood — every spread an explosion of color and pride, with words designed to live in a child's head.",active,True,https://m.media-amazon.com/images/I/71dkEpJHzYL._SL500_.jpg,2026,2-4,"affirmation, Black-joy, celebration, confidence, identity",social-emotional
bfe96837-cc37-4a92-bebd-3c915c74752b,Beautiful Oops,Barney Saltzberg,4,pre-reader,picture-book,read-together,"Every rip, spill, and smudge becomes a new creation — the most joyful case for growth mindset ever bound between covers.",active,True,https://covers.openlibrary.org/b/id/6596371-L.jpg,2010,2-4,"art, creativity, growth-mindset, mistakes",
7a308cb7-81a3-44f8-ae7e-e41e427df1e5,Before Colors,Javier Saez Castan,4,pre-reader,picture-book,read-together,"Before there were colors, there was light — and this picture book is a physics lesson about perception disguised as a bedtime question.",active,True,https://m.media-amazon.com/images/I/71qGZIw5WbL._SL500_.jpg,2025,2-4,"color, perception, physics-of-light, vision, wonder",
f938c883-c767-4295-a10c-bfab15d77719,Big,Vashti Harrison,5,pre-reader,picture-book,read-together,A baby girl grows up hearing the word 'big' used as a wound — and eventually turns it into a crown.,active,True,https://covers.openlibrary.org/b/id/13470283-L.jpg,2023,"2-4, 5-7","acceptance, body-image, identity, kindness, self-love",social-emotional
30a2566e-39e9-4ee2-afa7-d61909179798,Blueberries for Sal,Robert McCloskey,4,pre-reader,picture-book,read-together,A little girl and a bear cub both follow the wrong mother in the blueberry patch — a perfect parallel story about summer food and staying close.,active,False,https://covers.openlibrary.org/b/id/11307420-L.jpg,1948,2-4,"foraging, Maine, mother-child, nature, seasons","science, social-emotional"
9bf459f7-ad66-4fed-a9e8-021ac99d3177,Brave Irene,William Steig,4,pre-reader,picture-book,read-together,Irene delivers a ballgown through a blizzard for her sick mother — and the snow is so real you feel it.,active,False,https://covers.openlibrary.org/b/id/224313-L.jpg,1986,"2-4, 5-7","determination, love, weather, winter",
81517935-02ce-4970-a526-362a924ce474,Caboose,Travis Jonker,3,pre-reader,picture-book,read-together,A hippo is always first in line — until the day she's banished to the back. What happens to a child who has always led?,active,True,https://covers.openlibrary.org/b/id/15090683-L.jpg,2025,2-4,"cooperation, hippo, humor, power, school-line",social-emotional
c6dbe5d7-1c9f-4315-be27-2f89f0d3cea5,Caps for Sale,Esphyr Slobodkina,4,pre-reader,picture-book,read-together,A peddler falls asleep under a tree with caps stacked on his head. Every monkey in the tree takes one.,active,False,https://covers.openlibrary.org/b/isbn/9780694700042-L.jpg,1940,2-4,"commerce, imitation, monkeys, patterns, problem-solving","math, science, social-emotional"
48978b94-9845-4908-be85-85e77a60edae,Chicka Chicka Boom Boom,Bill Martin Jr.,4,pre-reader,picture-book,read-together,All 26 letters race up the coconut tree — a phonics party with a structural collapse and a rhythm that sticks for life.,active,False,https://covers.openlibrary.org/b/id/1320266-L.jpg,1989,2-4,"alphabet, coconut-tree, letters, phonics, rhyme",language-arts
0b93858b-1484-42c5-993b-59aa28e6a98c,Chooch Helped,Andrea L. Rogers,4,pre-reader,picture-book,read-together,Sissy's little brother Chooch helps with everything — whether anyone asked him to or not — and the frustration is exactly right.,active,True,https://covers.openlibrary.org/b/isbn/9781646144792-L.jpg,2024,"2-4, 5-7","family, growing-up, helping, humor, siblings",social-emotional
25aba46b-c9ce-40d3-be9c-a0e32a8a8c07,Chrysanthemum,Kevin Henkes,4,pre-reader,picture-book,read-together,A girl named Chrysanthemum loves her name until school teaches her to be ashamed of it — and one teacher quietly gives it back.,active,True,https://covers.openlibrary.org/b/id/6712201-L.jpg,1991,"2-4, 5-7","belonging, identity, kindness, names, school",
ad2a033f-c5f0-4e35-bbeb-2e736bbba0f4,Click Clack Moo: Cows That Type,Doreen Cronin,5,early-reader,picture-book,read-together,The cows find a typewriter and write demands to the farmer — a barnyard negotiation that accidentally teaches labor history and the power of written language.,active,True,https://covers.openlibrary.org/b/id/5725264-L.jpg,2000,"2-4, 5-7","animals, communication, labor, negotiation, writing",
4ed65746-1652-494c-95fd-649d3f1053b9,Clifford the Big Red Dog,Norman Bridwell,4,pre-reader,picture-book,read-together,Emily Elizabeth's love for her tiny puppy makes him the biggest dog in the world — and the town has to rearrange itself around Clifford.,active,False,https://covers.openlibrary.org/b/id/383686-L.jpg,1963,2-4,"community, dogs, friendship, size, suburban",
6da4c965-62db-4138-9f65-faba4c100ebe,Corduroy,Don Freeman,4,pre-reader,picture-book,read-together,A department store bear with a missing button waits for someone to love him — and a girl with not quite enough money proves that love doesn't need to be perfect.,active,False,https://covers.openlibrary.org/b/id/1333207-L.jpg,1968,2-4,"acceptance, bears, belonging, friendship",social-emotional
1f2900b1-9c81-4b0e-a4e5-dd2e47d20cb6,Count on Me,Miguel Tanco,5,pre-reader,picture-book,read-together,"A girl who sees math everywhere: in spider webs, in sliced oranges, in the way birds sit on a wire.",active,True,https://covers.openlibrary.org/b/isbn/9780735265752-L.jpg,2018,2-4,"beauty-in-math, daily-life, math, observation, parent-child, patterns","art, math, social-emotional"
a53b0201-8939-4aee-9a07-a3d0a8f4f96e,"Cranky, Crabby Crow (Saves the World)",Corey R. Tabor,3,pre-reader,picture-book,read-together,Crow seems cranky and mean and scares everyone away — and he is actually on a top-secret mission that will stun his friends.,active,True,https://m.media-amazon.com/images/I/91nhFj01UML._SL500_.jpg,2025,2-4,"crow, friendship, humor, stealth, superhero",social-emotional
6acd87a9-74c3-4720-84c0-14a9f636d84e,Creepy Carrots!,Aaron Reynolds,4,pre-reader,picture-book,read-together,Jasper Rabbit loves carrots. Then the carrots start following him. Or do they?,active,True,https://covers.openlibrary.org/b/isbn/9781442402973-L.jpg,2012,2-4,"carrots, fear, garden, humor, imagination, paranoia, problem-solving","language-arts, science, social-emotional"
07b8665d-05d3-45a6-9122-8726aa6aca95,Croco,Azul López,2,pre-reader,picture-book,read-together,Croco is stuck in a hole — and tries every solution imaginable before finding the one that actually works.,active,True,https://m.media-amazon.com/images/I/71tiz4feyVL._SL500_.jpg,2025,2-4,"crocodile, humor, problem-solving, resilience, stuck",social-emotional
f3d4d000-1cb9-4367-a921-c5b7a92d75cd,Dad,Christian Robinson,3,pre-reader,picture-book,read-together,"Christian Robinson's love letter to his own father — depicting a dad who is vulnerable, imperfect, gentle, and deeply human.",active,True,https://covers.openlibrary.org/b/id/320591-L.jpg,2026,2-4,"complexity, family, father, love, vulnerability",social-emotional
92abc47c-b823-4963-865a-df090866dbd4,"Dad, I Miss You",Nadia Sammurtok,3,pre-reader,picture-book,read-together,An Inuit child misses their father — and the specific landscape of the Arctic holds both the missing and the love.,active,True,https://covers.openlibrary.org/b/isbn/9781772274820-L.jpg,2025,2-4,"father, grief, Inuit, longing, missing",social-emotional
7c8af3b6-effe-4be0-ac84-d509ed9734da,Dawn: Watch the World Awaken,Marc Martin,4,pre-reader,picture-book,read-together,Dawn breaks over a forest lake — and every creature's awakening is a precise observation of how nature opens each day.,active,True,https://covers.openlibrary.org/b/id/15115606-L.jpg,2025,2-4,"dawn, light, nature, observation, wildlife",
059bbc49-9742-4eae-8200-2bbd64e79188,Diary of a Spider,Doreen Cronin,4,early-reader,picture-book,read-together,"A spider's diary reveals the misunderstood life of arachnids — including web architecture, fly diplomacy, and the annual spider molt.",active,True,https://covers.openlibrary.org/b/id/20186-L.jpg,2005,"2-4, 5-7","arachnids, humor, perspective, science, webs",
ff3e0389-e6f9-4b05-965b-39e3b5586f77,Diary of a Worm,Doreen Cronin,5,early-reader,picture-book,read-together,A worm's diary reveals the underground world most children have never thought about — and makes soil ecology genuinely unforgettable.,active,True,https://covers.openlibrary.org/b/id/1937663-L.jpg,2003,"2-4, 5-7","decomposition, humor, perspective, soil-ecology, underground",
684ebd3f-446d-4e68-b20a-dd5fe819d7d9,Doctor De Soto,William Steig,4,pre-reader,picture-book,read-together,A mouse dentist treats a fox — and has to outwit the fox before the fox eats him at the end of the appointment.,active,False,https://covers.openlibrary.org/b/id/6303135-L.jpg,1982,"2-4, 5-7","cleverness, dentistry, problem-solving, trust",
1ba03b53-9997-46c0-aa65-c72caef1974c,Don't Eat the Birthday Boy!,Donna Barba Higuera,3,early-reader,picture-book,read-together,"A monster was assigned to scare a child — but the child is having a birthday party, and the monster has a problem.",active,True,https://m.media-amazon.com/images/I/81Ce8sMr6EL._SL500_.jpg,2026,"2-4, 5-7","birthday, friendship, humor, hunger, monster",social-emotional
7b780b79-8ed2-4fb4-9559-f8031e1c0a18,Don't Let the Pigeon Drive the Bus,Mo Willems,4,pre-reader,picture-book,read-together,The bus driver asks you to keep the pigeon from driving — and the pigeon will try every rhetorical trick he knows.,active,True,https://covers.openlibrary.org/b/id/544664-L.jpg,2003,2-4,"humor, persuasion, reader-engagement, rules",
2b0e837b-e50b-40db-8a86-75aedd4f2a23,Don't Trust Fish,Neil Sharpson,4,pre-reader,picture-book,read-together,Fish have been plotting against us the whole time — and this book is a warning delivered with the comedic timing of a master.,active,True,https://m.media-amazon.com/images/I/61iozKi2BkL._SL500_.jpg,2025,"2-4, 5-7","absurdist, fish, humor, ocean, unreliable-narrator",
c4bb0ab6-ee4c-4a3f-86fc-9666f291e713,Dragons Love Tacos,Adam Rubin,4,pre-reader,picture-book,read-together,Dragons love tacos — but they have a fatal weakness for salsa that triggers the funniest consequence in picture book history.,active,True,https://covers.openlibrary.org/b/id/8085856-L.jpg,2012,2-4,"cause-effect, food, humor, imagination",
c00d0d42-e25d-45d2-aa3b-84605898acb2,Drawn Onward,Daniel Nayeri,5,early-reader,picture-book,read-together,"The text reads the same forward and backward — and so does grief, which takes you somewhere new while feeling like you're going in reverse.",active,True,https://covers.openlibrary.org/b/isbn/9780063277168-L.jpg,2024,"2-4, 5-7","grief, loss, love, memory, palindrome",
9ecafe57-379b-4883-a410-b5f095437989,Drum Dream Girl,Margarita Engle,5,pre-reader,picture-book,read-together,"On an island where only boys played drums, one girl heard music anyway.",active,True,https://covers.openlibrary.org/b/isbn/9780544102293-L.jpg,2015,"2-4, 5-7","barrier-breaking, Cuba, gender-roles, music, persistence, rhythm","art, history, social-emotional"
6ce545e9-8d59-40fb-87ca-0f66818d56bf,Duck and Goose,Tad Hills,4,pre-reader,picture-book,read-together,Duck and Goose fight over a polka-dotted ball that turns out to be an egg — and figure out how to be friends despite the misunderstanding.,active,True,https://covers.openlibrary.org/b/id/12036682-L.jpg,2006,2-4,"assumptions, friendship, problem-solving, sharing",social-emotional
aa6d9b53-68b4-4d6f-804d-30858fe9501d,Enemy Pie,Derek Munson,5,pre-reader,picture-book,read-together,A boy spends a whole summer day with his enemy to make the pie work — and discovers his enemy isn't an enemy at all.,active,True,https://covers.openlibrary.org/b/id/5263409-L.jpg,2000,"2-4, 5-7","assumptions, conflict-resolution, friendship, kindness, summer",social-emotional
a826ccf7-f052-446d-8946-ce11ace0ce49,Every Monday Mabel,Jashar Awan,2,pre-reader,picture-book,read-together,"Every Monday, Mabel drags her chair to the driveway to watch the garbage truck — and she doesn't care even slightly that her family thinks it's weird.",active,True,https://covers.openlibrary.org/b/id/14851927-L.jpg,2025,2-4,"community-helpers, garbage-trucks, identity, obsession, passion",social-emotional
f547f4a0-0624-44fb-b4d6-6d6a664ca59c,"Everywhere, Wonder",Matthew Swanson,4,pre-reader,picture-book,read-together,A book that teaches your child to ask questions the way a scientist does: by looking harder at ordinary things.,active,True,https://covers.openlibrary.org/b/isbn/9781338262674-L.jpg,2017,2-4,"curiosity, natural-world, observation, scientific-inquiry, seasons, wonder","language-arts, science, social-emotional"
2169090a-3ba3-4389-9d59-96a6313928d2,Extra Yarn,Mac Barnett,5,pre-reader,picture-book,read-together,Annabelle finds a box of yarn that never runs out — and knits color into a gray winter town until everyone has more than they need.,active,True,https://covers.openlibrary.org/b/id/7256065-L.jpg,2012,"2-4, 5-7","community, creativity, generosity, magic, winter",
72f52208-41f1-4441-94ee-3475335f7688,Fall Is for Beginnings,Rajani LaRocca,3,pre-reader,picture-book,read-together,The start of the school year is also the start of fall — and Ravi discovers that both arrivals bring more than he expected.,active,True,https://covers.openlibrary.org/b/isbn/9781419777400-L.jpg,2025,2-4,"beginnings, fall, friendship, school-year, seasons",
e616e2ea-24f7-45d4-8767-65b81505b43a,Fireworks,Matthew Burgess,4,pre-reader,picture-book,read-together,Two siblings count down a steamy July day to the fireworks — and the waiting is almost the whole point.,active,True,https://covers.openlibrary.org/b/isbn/9780063216723-L.jpg,2025,"2-4, 5-7","anticipation, city, July-4th, light, siblings, summer",
be1f945f-4b45-4c5e-bd65-232dbd7fbd2c,Fish and Wave,Sergio Ruzzier,3,early-reader,early-reader,read-side-by-side,"A fish and a wave are total opposites — and they become best friends anyway, which is the whole ocean in a sentence.",active,True,https://covers.openlibrary.org/b/id/12468639-L.jpg,2022,"2-4, 5-7","friendship, humor, loyalty, ocean, opposites",
145e26b0-1c36-4a02-886e-8b1583875661,Fox Has a Problem,Corey R. Tabor,3,early-reader,early-reader,read-side-by-side,"Fox has a problem — and every animal friend he asks gives him a completely different solution, which makes the problem much, much bigger.",active,True,https://covers.openlibrary.org/b/id/13666848-L.jpg,2023,"2-4, 5-7","communication, community, creativity, humor, problem-solving",
b5c2d026-d29b-4f9d-b5c2-c24ce733a0fd,Fox Versus Fox,Corey R. Tabor,3,early-reader,early-reader,read-side-by-side,"Fox meets another Fox — and they are immediately competitive about everything, including who is more Fox-like.",active,True,https://covers.openlibrary.org/b/id/10544791-L.jpg,2024,"2-4, 5-7","community, competition, humor, identity, self-acceptance",
fe9950f6-4eab-4252-a098-de25830ae124,Frederick,Leo Lionni,5,pre-reader,picture-book,read-together,"While his mouse family stores food for winter, Frederick stores colors, words, and sunlight — and saves them all when the cold and dark close in.",active,False,https://covers.openlibrary.org/b/id/254689-L.jpg,1967,"2-4, 5-7","art, community, creativity, purpose, seasons","art, science, social-emotional"
58924788-0849-4803-9668-dcb1a1af3465,Freight Train,Donald Crews,4,pre-reader,board-book,read-together,"A red caboose, an orange tank car, a yellow hopper car, and a black steam engine. Moving. Caldecott Honor.",active,False,https://covers.openlibrary.org/b/isbn/9781907912047-L.jpg,1978,2-4,"colors, motion, speed, trains, transportation","art, math, science"
f0247dc5-ea52-4988-a520-1b58c49846fa,Frog and Toad Are Friends,Arnold Lobel,5,early-reader,early-reader,read-together,Five short stories about two very different friends — and the most loving argument for loyalty in early chapter book form.,active,False,https://covers.openlibrary.org/b/id/11303047-L.jpg,1970,"2-4, 5-7","friendship, kindness, loyalty, nature, seasons",
a06d73c5-0ef8-4cd0-98b5-1323a742ad62,From Seed to Plant,Gail Gibbons,4,early-reader,nonfiction,read-together,"The complete plant life cycle from seed to flower to fruit to new seed — accurate, illustrated, and impossible to forget.",active,True,https://covers.openlibrary.org/b/id/4035545-L.jpg,1991,"2-4, 5-7","gardening, life-cycle, plants, pollination, seeds",science
0e90b8a7-1aac-409a-9910-10ec840296a5,George and Martha,James Marshall,4,pre-reader,picture-book,read-together,Five short stories about two hippos who are best friends — and who test every assumption about what friendship requires.,active,False,https://covers.openlibrary.org/b/id/257111-L.jpg,1972,2-4,"consideration, friendship, honesty, humor",social-emotional
ea2a918c-ba66-4d0b-8035-daa668fade8e,Gigi and Ojiji,Melissa Iwai,3,early-reader,early-reader,read-side-by-side,Gigi doesn't speak her grandfather's language — but they find a way to say everything that matters without words.,active,True,https://covers.openlibrary.org/b/id/12468649-L.jpg,2022,"2-4, 5-7","daily-life, family, grandparent-bond, language-barrier, love",social-emotional
9da2c9d7-8402-4de8-b6c8-b8c670b46e86,Good Golden Sun,Brendan Wenzel,4,pre-reader,picture-book,read-together,The sun's energy flows through an entire ecosystem in one day — from the top of the food chain to the bottom and back — in a book that is visually unlike anything else.,active,True,https://m.media-amazon.com/images/I/81p8Cc+YzqL._SL500_.jpg,2025,2-4,"ecosystem, life, light, solar-energy, sun",science
aff545fa-511e-4399-b6b4-1c2029ee0b53,Goodnight Gorilla,Peggy Rathmann,4,pre-reader,picture-book,read-together,A gorilla steals the zookeeper's keys and sets every animal free for the night — told almost entirely in pictures.,active,True,https://covers.openlibrary.org/b/id/9460708-L.jpg,1994,2-4,"animals, humor, nighttime, sequence, zoo",
99dab38b-e906-4cbb-a14d-7c3662017d9c,Goodnight Moon,Margaret Wise Brown,5,pre-reader,board-book,read-together,The most soothing two minutes in childhood — and a secret lesson in language pattern and the night sky.,active,False,https://covers.openlibrary.org/b/id/35556-L.jpg,1947,2-4,"bedtime, language, night-sky, routine, stars","language-arts, science"
442c6618-0291-4ea9-a376-dbcf47383b48,Green Eggs and Ham,Dr. Seuss,4,pre-reader,picture-book,read-together,Sam-I-Am will not stop asking — and his relentless persuasion campaign is secretly a phonics lesson and an argument for open-mindedness.,active,False,https://covers.openlibrary.org/b/id/231746-L.jpg,1960,2-4,"persuasion, phonics, rhyme, trying-new-things",
6c4b17d3-91d8-43ca-9693-1c943fabd262,Growing Vegetable Soup,Lois Ehlert,4,pre-reader,picture-book,read-together,A parent and child grow every vegetable in their soup from seed to pot — the farm-to-table story at its most elemental.,active,False,https://covers.openlibrary.org/b/id/10768249-L.jpg,1987,2-4,"cooking, farming, food, plants, seasons",
85bea2e1-c46a-4df7-84c4-768780144e69,Grumpy Monkey,Suzanne Lang,4,pre-reader,picture-book,read-together,Jim Panzee does not want to be happy today — and no amount of cheerful advice will change that.,active,True,https://covers.openlibrary.org/b/id/10218127-L.jpg,2018,2-4,"animals, emotional-regulation, humor, self-awareness",
ba0c7b74-edef-46b9-ac5f-5e492144459c,Hair Love,Matthew A. Cherry,4,pre-reader,picture-book,read-together,"Daddy has never done Zuri's hair before. He watches tutorials, breaks a comb, and makes a mess. Then he gets it right.",active,True,https://covers.openlibrary.org/b/isbn/9780593111949-L.jpg,2019,"2-4, 5-7","Black-culture, father-daughter, hair, identity, learning","art, science, social-emotional"
0d1302d0-b5cf-4e39-a4c0-359f0622f804,Harold and the Purple Crayon,Crockett Johnson,4,pre-reader,picture-book,read-together,"Harold draws his entire world into existence with one crayon — and when something goes wrong, he draws a solution.",active,False,https://covers.openlibrary.org/b/id/50758-L.jpg,1955,2-4,"creativity, imagination, problem-solving, self-direction",
7bc55181-dde1-4725-9bf3-d59f4817b557,"Henry, Like Always",Jenn Bailey,3,early-reader,early-reader,read-side-by-side,Henry's school day follows the exact same sequence every day — and the day it doesn't is the whole story.,active,True,https://covers.openlibrary.org/b/id/13306050-L.jpg,2023,"2-4, 5-7","community, consistency, friendship, school-routine, worry",social-emotional
6df0d6b8-5528-486b-ac8d-7af57da421ed,Hot Dog,Doug Salati,5,pre-reader,picture-book,read-together,A city dog on the hottest day of summer finds his way to the shore — and the whole arc of relief is something any child who has ever been too warm will understand.,active,True,https://covers.openlibrary.org/b/id/14560346-L.jpg,2022,"2-4, 5-7","dogs, heat, New-York-City, seasons, summer, urban-nature",
665c09d6-2481-4644-aaa9-8453d527439e,How a House Is Built,Gail Gibbons,4,early-reader,nonfiction,read-together,"Every step of building a house from blueprint to moving day — clear, accurate, and illustrated like a technical diagram a child can love.",active,True,https://covers.openlibrary.org/b/id/4037408-L.jpg,1990,"2-4, 5-7","architecture, community, construction, engineering, materials",science
a0a9265c-c1e6-42f8-a89a-d4218e91eac3,How Dinosaurs Went Extinct: A Safety Guide,Ame Dyckman,4,pre-reader,picture-book,read-together,Dinosaurs went extinct because they didn't follow basic safety rules — and the evidence is presented with courtroom seriousness.,active,True,https://m.media-amazon.com/images/I/91fxbkD3DSL._SL500_.jpg,2023,"2-4, 5-7","dinosaurs, extinction, humor, paleontology, safety",
59825a90-3e9c-4274-8451-0692c31be197,How Do Dinosaurs Say Goodnight,Jane Yolen,4,pre-reader,picture-book,read-together,"Real dinosaur species have bedtime tantrums — and then, eventually, they go to sleep just like children.",active,True,https://covers.openlibrary.org/b/id/6682726-L.jpg,2000,2-4,"bedtime, behavior, dinosaurs, family, humor",
a3ee120a-fd01-4952-8d48-c095a9c4ca8a,How to Count to 1,Casper Salmon,3,pre-reader,picture-book,read-together,The instructions are simple: count to one. No higher. The math and the comedy are perfectly balanced.,active,True,https://m.media-amazon.com/images/I/71jsCdHhzML._SL500_.jpg,2023,"2-4, 5-7","counting, humor, math, one, visual-jokes",
b757bb46-56e4-46c3-81fe-35d5d71049d4,How to Find a Fox,Nilah Magruder,4,pre-reader,picture-book,read-together,She goes into the woods to find a fox. She does not find one. She finds everything else.,active,True,https://covers.openlibrary.org/b/isbn/9781250846563-L.jpg,2016,2-4,"failure, foxes, observation, patience, tracking, woodland","science, social-emotional"
1ec03ea0-db35-4e75-b6e0-3a16a9a54ee0,How to Hatch: A Gosling's Guide to Breaking Free,Sara Holly Ackerman,4,pre-reader,nonfiction,read-together,A gosling inside an egg narrates the exact scientific process of hatching — and the pep talk she gives herself along the way is both biologically accurate and genuinely encouraging.,active,True,https://m.media-amazon.com/images/I/81QWqTwvo-L._SL500_.jpg,2026,"2-4, 5-7","biology, eggs, gosling, hatching, perseverance",
941f636f-b69a-400d-a8f4-ccf669a9220e,I Did It!,Michael Emberley,3,early-reader,early-reader,read-side-by-side,"A little bear finally does something all by himself — and the brimming pride is completely out of proportion to the task, which is exactly right.",active,True,https://covers.openlibrary.org/b/id/12537683-L.jpg,2022,"2-4, 5-7","failure, humor, independence, pride, toddler-milestones",social-emotional
ee80fc08-e859-41e1-9112-a219cd469a82,"I Hear the Snow, I Smell the Sea",Janice Milusich,3,early-reader,picture-book,read-together,A child experiences snow and sea through sound and smell rather than sight — and the world opens differently when you experience it through different senses.,active,True,https://covers.openlibrary.org/b/isbn/9780593308172-L.jpg,2025,"2-4, 5-7","disability, perception, sea, senses, snow",
69c7aa1b-e76e-4d86-831f-4e11bf64564b,I Like Myself!,Karen Beaumont,3,pre-reader,picture-book,read-together,A girl with wild curls declares everything she loves about herself and dares the world to disagree.,active,True,https://covers.openlibrary.org/b/isbn/9780152020132-L.jpg,2004,"2-4, 5-7","body-awareness, identity, individuality, self-esteem","language-arts, social-emotional"
51eca779-fae5-4bb2-afea-e91abf52840d,If You Give a Mouse a Cookie,Laura Numeroff,4,pre-reader,picture-book,read-together,One cookie triggers an unstoppable chain reaction — the funniest math lesson about cause and effect ever written.,active,False,https://covers.openlibrary.org/b/id/50977-L.jpg,1985,2-4,"cause-effect, humor, predictions, sequence",
7a8abd24-5ca4-4313-9fbf-e67f5780b5df,If You Give a Pig a Pancake,Laura Numeroff,4,pre-reader,picture-book,read-together,A pig's pancake breakfast spirals into a day of cause-and-effect chaos — and along the way introduces maple syrup production and food science.,active,True,https://covers.openlibrary.org/b/id/51172-L.jpg,1998,2-4,"cause-effect, cooking, humor, sequence",
f166d77a-714a-461a-88ba-53e0c2b7b86a,If You Plant a Seed,Kadir Nelson,4,pre-reader,picture-book,read-together,Plant a seed of selfishness and watch what grows. Plant a seed of kindness and watch what grows.,active,True,https://covers.openlibrary.org/b/isbn/9780062298898-L.jpg,2015,2-4,"cause-and-effect, gardening, generosity, seeds, sharing","science, social-emotional"
8bbb56d2-d371-4708-aa59-6fa2c6c27214,"Iggy Peck, Architect",Andrea Beaty,5,pre-reader,picture-book,read-together,A boy who has been building things since he was two constructs a bridge out of shoes and string.,active,True,https://covers.openlibrary.org/b/isbn/9781520095714-L.jpg,2007,"2-4, 5-7","architecture, creativity, engineering, persistence, STEM","art, history, science, social-emotional"
17998ab4-fa54-43d1-8609-2f8fa815b497,In a Small Small Pond,Denise Fleming,4,pre-reader,picture-book,read-together,A year at a small pond through the eyes of the creatures who live there — rhyme and pulp-paper art make ecology unforgettable.,active,True,https://covers.openlibrary.org/b/id/7887568-L.jpg,1993,2-4,"amphibians, nature-observation, pond-life, rhyme, seasons",
ecc79c13-3650-4904-8dc5-a1ba61000232,In Every Life,Marla Frazee,5,pre-reader,picture-book,read-together,A wordless journey through a human life and an animal life running parallel — and the final pages will stop you completely.,active,True,https://covers.openlibrary.org/b/id/13218032-L.jpg,2023,"2-4, 5-7","birth, community, death, family, life-cycle, seasons",
36270554-2d9b-4027-b7f0-5c1814a1a682,Inch by Inch,Leo Lionni,4,pre-reader,picture-book,read-together,An inchworm survives by making himself useful — and every bird he measures is a real species with a real wingspan.,active,False,https://covers.openlibrary.org/b/id/1466391-L.jpg,1960,2-4,"birds, cleverness, math, measurement, problem-solving",
867cc1c0-1217-4cab-8e58-84b3563a9951,Invisible Things,Andy J. Pizza,4,pre-reader,picture-book,read-together,"Everything important is invisible — and this book makes the invisible visible, one page at a time.",active,True,https://covers.openlibrary.org/b/isbn/9781797223889-L.jpg,2023,"2-4, 5-7","curiosity, invisible-forces, observation, science, wonder",
098a57d8-bcb7-4334-9ee8-c408e755ed75,Is It Spring?,Kevin Henkes,3,pre-reader,picture-book,read-together,"Spring announces itself haltingly — snow one day, buds the next — and the book captures the specific emotional experience of waiting for the season to finally arrive.",active,True,https://m.media-amazon.com/images/I/91pPNoEK4yL._SL500_.jpg,2026,2-4,"hope, seasons, spring, waiting, weather",
4fe5696f-a74f-4be2-8a83-2bfd6a63a725,Ish,Peter Reynolds,4,pre-reader,picture-book,read-together,Ramon gives up drawing after his brother laughs — until his sister shows him a wall full of his ish drawings she has saved.,active,True,https://covers.openlibrary.org/b/id/516306-L.jpg,2004,"2-4, 5-7","acceptance, art, creativity, growth-mindset, perfectionism",
a0882c53-43f7-464a-9184-06451c1d8f5f,Jovita Wore Pants: The Story of a Mexican Freedom Fighter,Aida Salazar,5,early-reader,nonfiction,read-side-by-side,Jovita Idár disguised herself as a man to fight in the Mexican Revolution — and her journalism and medicine saved more lives than her rifle.,active,True,https://m.media-amazon.com/images/I/818n95yeDcL._SL500_.jpg,2023,"2-4, 5-7","courage, gender, identity, Mexican-history, women-in-war",
9a3b440a-19f8-4e4a-b911-9d55fb113519,Jumanji,Chris Van Allsburg,5,early-reader,picture-book,read-together,Two bored children start a board game and discover every move releases a real jungle animal into their house.,active,False,https://covers.openlibrary.org/b/id/255573-L.jpg,1981,"2-4, 5-7","adventure, animals, consequences, danger, imagination",
b147c16a-1c98-4973-864e-59ab4c1bf942,Knuffle Bunny,Mo Willems,4,pre-reader,picture-book,read-together,"Trixie can't yet speak — but she knows the laundromat has her bunny, and getting the message across is the whole emergency.",active,True,https://covers.openlibrary.org/b/id/2815321-L.jpg,2004,2-4,"communication, language-development, loss, parent-child",
d8da174b-ef98-40c0-9aad-303aabbbf302,Leo the Late Bloomer,Robert Kraus,4,pre-reader,picture-book,read-together,"Leo can't read or draw or eat neatly — until one day he can, and the whole jungle breathes out.",active,False,https://covers.openlibrary.org/b/id/672529-L.jpg,1971,2-4,"belief, growth, late-development, patience, reading",
dd309e54-98ed-48e5-a3ab-16a0542017f8,Lilly's Purple Plastic Purse,Kevin Henkes,4,pre-reader,picture-book,read-together,Lilly adores her teacher until he takes her purse away — and then she writes him a note she immediately regrets.,active,True,https://covers.openlibrary.org/b/id/432406-L.jpg,1996,"2-4, 5-7","emotions, impulse-control, regret, school, writing",
8d689bd5-3fae-4871-b65c-482ea37eba91,Little Blue Truck,Alice Schertle,4,pre-reader,picture-book,read-together,Little Blue Truck greets every farm animal by name and gets stuck in the mud — and every friend he made rushes to push him free.,active,True,https://covers.openlibrary.org/b/id/2325432-L.jpg,2008,2-4,"animals, farm, helping, kindness, trucks",
565cb2b4-e06a-4bbd-83d5-bc0294d0072e,Lola,Karla Arenas Valenti,4,early-reader,picture-book,read-side-by-side,"Lola must make a choice between two spirits — one offering everything she wants, one asking for something she doesn't yet understand.",active,True,https://covers.openlibrary.org/b/isbn/9780593177013-L.jpg,2024,"2-4, 5-7","choices, consequences, folk-tales, identity, Mexican-heritage",
f54e371e-c2c5-47a2-8d78-fad01a3a2cb2,Loops,Jashar Awan,2,pre-reader,picture-book,read-together,"A story told almost entirely through circles, loops, and spirals — each shape carrying the emotional weight of loneliness, frustration, and joy without a word needing to do the work.",active,True,https://m.media-amazon.com/images/I/713WiTgcdUL._SL500_.jpg,2026,2-4,"circles, emotions, shapes, spirals, visual-language",social-emotional
4b6a73aa-6697-4825-95bd-10ee3c421ab1,Make Way for Ducklings,Robert McCloskey,5,pre-reader,picture-book,read-together,A mother duck navigates the city of Boston to find a safe home for her ducklings — and an entire city stops to help her do it.,active,False,https://covers.openlibrary.org/b/id/400659-L.jpg,1941,"2-4, 5-7","Boston, city, community, problem-solving, urban-nature","geography, science, social-emotional"
eefd9881-2568-477d-b194-38ee0ad5b41f,Making Art,Diana Ejaita,3,pre-reader,picture-book,read-together,Making art is making meaning — and Ejaita's visual language draws from West African textile tradition to show a child why the process matters more than the product.,active,True,https://covers.openlibrary.org/b/isbn/9780593660157-L.jpg,2025,"2-4, 5-7","African-textile, art-making, creativity, pattern, process",
74adedf5-42d5-44e9-91b7-58f26aa8b2d8,Mama Miti: Wangari Maathai and the Trees of Kenya,Donna Jo Napoli,5,pre-reader,picture-book,read-together,"A Kenyan woman plants one tree, then convinces an entire country to plant thirty million more.",active,True,https://covers.openlibrary.org/b/isbn/9781416935056-L.jpg,2010,"2-4, 5-7","activism, Africa, environment, trees, women-in-history","geography, history, science, social-emotional"
afe8975e-de44-4f66-b232-0a93212ab7ba,Maybe Something Beautiful,F. Isabel Campoy & Theresa Howell,4,pre-reader,picture-book,read-together,A gray neighborhood. A girl with paint. A muralist who says yes. The walls come alive.,active,True,https://covers.openlibrary.org/b/isbn/9781974931392-L.jpg,2016,"2-4, 5-7","color, community-art, murals, neighborhood-transformation, San-Diego, urban-renewal","art, geography, social-emotional"
c55c93ee-800a-4f25-b313-b90f8e81b453,Menudo Sunday: A Spanglish Counting Book,María Dolores Águila,3,pre-reader,picture-book,read-together,"Two abuelitos, three primos, four tías, and their dogs gather to make menudo on Sunday — and counting the family is as important as the recipe.",active,True,https://covers.openlibrary.org/b/isbn/9780593462256-L.jpg,2025,2-4,"counting, family, menudo, Mexican-culture, Sunday",
cdafec6b-7f9b-4469-98cc-2ba297387371,Mike Mulligan and His Steam Shovel,Virginia Lee Burton,5,pre-reader,picture-book,read-together,Mike and his steam shovel Mary Anne dig the town hall cellar in one day — and find that being useful takes many forms.,active,False,https://covers.openlibrary.org/b/id/1196476-L.jpg,1939,"2-4, 5-7","change, engineering, machines, teamwork, work","history, science"
98dc0f3d-9fca-43ed-a79d-bd805395e6c7,Miss Rumphius,Barbara Cooney,5,pre-reader,picture-book,read-together,Alice Rumphius travels the world and then scatters lupine seeds across the Maine coast — and makes the whole coast more beautiful.,active,False,https://covers.openlibrary.org/b/id/106372-L.jpg,1982,"2-4, 5-7","beauty, environment, flowers, legacy, Maine",
07b9091f-2db4-42a9-87da-bf19c2773f75,Mistaco,Eliza Kinkz,3,pre-reader,picture-book,read-together,A girl can't roll a round tortilla to save her life — and her abuelo will eat every single misshapen one.,active,True,https://covers.openlibrary.org/b/isbn/9780593700235-L.jpg,2025,2-4,"abuela, family, food, mistakes, tortillas",social-emotional
31acd605-c68d-4caf-9101-83f2a7c319a9,Mixed: A Colorful Story,Arree Chung,4,pre-reader,picture-book,read-together,"Reds, Yellows, and Blues live together. Then they decide they are different. A mixed-color child changes everything.",active,True,https://covers.openlibrary.org/b/isbn/9781250142733-L.jpg,2018,2-4,"art, color-mixing, community, primary-colors, segregation, unity","art, science, social-emotional"
afdd6964-9729-4b39-bc67-7e61f4ec1abd,My Daddy Is a Cowboy,Stephanie Seales,3,early-reader,picture-book,read-together,A girl and her father take an early morning horseback ride through their city — six starred reviews for a book about just-us time that the Coretta Scott King committee found essential.,active,True,https://covers.openlibrary.org/b/id/14637947-L.jpg,2025,"2-4, 5-7","city, cowboy, father-daughter, horseback, morning",social-emotional
75394ecd-118a-43d1-b61c-12ee40b0f9c8,My Heart Fills with Happiness,Monique Gray Smith,4,pre-reader,board-book,read-together,Bannock baking with a grandmother. Drumming and singing. These are the moments when a heart fills up.,active,True,https://covers.openlibrary.org/b/isbn/9781459809574-L.jpg,2016,2-4,"family, gratitude, happiness, Indigenous-culture, senses","art, science, social-emotional"
67c7c414-aa58-4089-9c10-479bf96067ab,Nell Plants a Tree,Anne Wynter,4,pre-reader,picture-book,read-together,Nell plants a tree — and the book follows that tree across 100 years of community life.,active,True,https://covers.openlibrary.org/b/id/13214873-L.jpg,2023,"2-4, 5-7","community, legacy, planting, time, trees",
9ee7984d-8aad-4886-a270-05b920df4649,Night Walk,Jason Cockcroft,3,pre-reader,picture-book,read-together,A boy and his grandfather walk to Grandma's favorite place at night — and the walk is about loss and what the stars keep.,active,True,https://covers.openlibrary.org/b/id/14845574-L.jpg,2025,2-4,"grandfather, loss, memory, night, stars",
3f0ad030-5fa9-48c8-953f-401439f02449,Nightsong,Sally Soweol Han,3,pre-reader,picture-book,read-together,"A boy rides home on a bus and discovers the whole world is singing to him — the rain, the wind, the city — if he's still and listening.",active,True,https://m.media-amazon.com/images/I/91a8tk9PExL._SL500_.jpg,2025,2-4,"city, listening, nature, onomatopoeia, sound",
bfb3cd70-4933-42ff-b14d-861e9627c19f,Not a Box,Antoinette Portis,4,pre-reader,picture-book,read-together,It is not a box. It is a race car. It is not a box. It is a mountain. Except it is definitely a box.,active,True,https://covers.openlibrary.org/b/isbn/9780061123238-L.jpg,2006,2-4,"creativity, imagination, perspective, play, transformation","art, language-arts, social-emotional"
d857f408-25a5-4b40-b85c-2b0847a94aad,Officer Buckle and Gloria,Peggy Rathmann,5,pre-reader,picture-book,read-together,Officer Buckle's safety speeches put everyone to sleep — until Gloria the police dog starts acting them out behind his back.,active,True,https://covers.openlibrary.org/b/id/259549-L.jpg,1995,"2-4, 5-7","dogs, humor, safety, school, teamwork",
d5fec630-3776-41c7-9ede-018d1df57c84,Once Upon a Book,Grace Lin,5,early-reader,picture-book,read-side-by-side,A girl opens a book and falls directly into it — and the book inside the book is this one.,active,True,https://covers.openlibrary.org/b/id/13188287-L.jpg,2023,"2-4, 5-7","books, imagination, magic, reading, storytelling",
f83c9cf8-0ffe-4194-8ca9-f17884ed9582,Our Lake,Angie Kang,3,pre-reader,picture-book,read-together,A community gathers around a lake through every season — and the lake holds them all.,active,True,https://covers.openlibrary.org/b/isbn/9780593698235-L.jpg,2025,2-4,"belonging, community, lake, nature, seasons",
aa660822-a08c-424f-b413-132f477ff8dc,Our Mothers' Names: Love in Many Languages,Uma Menon,4,pre-reader,picture-book,read-together,Children all over the world call their mothers something different — and the language they use holds the whole culture it comes from.,active,True,https://covers.openlibrary.org/b/isbn/9781536249149-L.jpg,2025,2-4,"diversity, family, language, mothers, multilingualism",
c37d386a-384f-4ebc-a192-d022a160982c,Over and Under the Pond,Kate Messner,5,pre-reader,picture-book,read-together,A mother and son paddle across a pond while an entire hidden world hunts and builds beneath their boat.,active,True,https://covers.openlibrary.org/b/isbn/9781452145426-L.jpg,2017,"2-4, 5-7","above-and-below, ecosystems, habitats, pond-life, seasons","geography, language-arts, science"
de0bdff0-25f4-442e-9fb1-b38b045cb1c0,Over in the Meadow,John Langstaff,4,pre-reader,picture-book,read-together,"A counting song about meadow animals and their young — ten mother-child pairs, ten different behaviors, one meadow ecosystem.",active,False,https://covers.openlibrary.org/b/id/114456-L.jpg,1957,2-4,"animals, counting, habitats, nature, rhyme",
5280e340-b84c-45df-aa64-ab6c93be3436,Owl and Penguin,Vikram Madan,3,early-reader,early-reader,read-side-by-side,Owl loves night and Penguin loves day — and their schedule conflict is the funniest biology lesson in early reader history.,active,True,https://covers.openlibrary.org/b/id/12975480-L.jpg,2022,"2-4, 5-7","friendship, habitat, humor, night-vs-day, opposites",
0a65cafe-2ed4-437b-91f7-c3d8b97ff8e3,Owl at Home,Arnold Lobel,4,early-reader,early-reader,read-together,"Owl tries to befriend the moon, worries about bumps in the night, and makes tear-water tea — quiet, strange, and deeply comforting.",active,False,https://covers.openlibrary.org/b/id/5254767-L.jpg,1975,"2-4, 5-7","comfort, friendship, home, nature, seasons",
413fd0ea-1b8e-412e-a3c8-8fb52e1614ea,Owl Moon,Jane Yolen,5,pre-reader,picture-book,read-together,A child and her father hike into the snowy woods at night to find an owl — and the silence teaches more than any classroom could.,active,False,https://covers.openlibrary.org/b/id/259420-L.jpg,1987,"2-4, 5-7","birds, father-daughter, nature-observation, patience, winter","science, social-emotional"
c4bd77c6-eebc-43fb-ba90-39d6efcd571a,Papá's Magical Water-Jug Clock,Jesús Trejo,4,pre-reader,picture-book,read-together,A boy's father builds a clock out of water jugs — and the invention teaches both time measurement and the engineering of improvisation.,active,True,https://covers.openlibrary.org/b/isbn/9798855152029-L.jpg,2023,2-4,"creativity, Mexican-American, resourcefulness, time, water",
ab20702c-51aa-4c26-814c-05f829ced34d,Pencil,Hye-Eun Kim,3,pre-reader,picture-book,read-together,A pencil and a child draw each other into being — and the concept of imagination as a creative loop opens the very nature of drawing.,active,True,https://covers.openlibrary.org/b/isbn/9781662665530-L.jpg,2025,2-4,"creativity, drawing, imagination, line, transformation",
277210ae-377e-4e7f-8f1e-024f5351679b,Planting a Rainbow,Lois Ehlert,4,pre-reader,picture-book,read-together,A family plants bulbs in fall and watches every color of the rainbow bloom in spring — and every flower named is real.,active,False,https://covers.openlibrary.org/b/id/1120515-L.jpg,1988,2-4,"colors, flowers, garden, plants, seasons",
e1799254-5eb7-47d1-80a4-53498c75d9a3,Popo the Xolo,Paloma Angelina Lopez,3,early-reader,picture-book,read-together,"The xoloitzcuintli is the oldest dog breed in the Americas — and this is the story of one who has been a companion to people across 3,000 years of Mexican history.",active,True,https://m.media-amazon.com/images/I/71ZYP4kSVRL._SL500_.jpg,2025,"2-4, 5-7","Aztec, companionship, dogs, mythology, xoloitzcuintli",
acabaf79-91f6-4fdb-82d8-993ccddf41ca,Press Here,Herve Tullet,4,pre-reader,picture-book,read-together,Press the yellow dot. Turn the page. You did that. The first interactive book that uses no technology.,active,True,https://covers.openlibrary.org/b/isbn/9780811879545-L.jpg,2011,2-4,"cause-and-effect, colors, counting, instructions, interaction","art, math, science"
127de517-98be-493e-8a0f-8982fb30b5de,Rain!,Linda Ashman,4,pre-reader,picture-book,read-together,"Same rain, two people, completely different days. The simplest lesson in perspective your child will ever get.",active,True,https://covers.openlibrary.org/b/isbn/9780544880375-L.jpg,2013,2-4,"empathy, mood, perspective, rain, urban-life, weather","language-arts, science, social-emotional"
b99bb54f-d140-4be5-9905-868da408ea9d,"Rosie Revere, Engineer",Andrea Beaty,4,pre-reader,picture-book,read-together,A quiet girl who builds inventions in secret learns from her great-great-aunt that the only real failure is quitting.,active,True,https://covers.openlibrary.org/b/isbn/9781644730362-L.jpg,2013,"2-4, 5-7","engineering, failure, invention, persistence, women-in-STEM","history, science, social-emotional"
b843eeb9-cbac-46e8-91f8-67528a761b72,Roxaboxen,Alice McLerran,5,pre-reader,picture-book,read-together,Children in an Arizona town build a city from stones and bottles in the desert — and it becomes more real than the real town.,active,True,https://covers.openlibrary.org/b/id/27404-L.jpg,1991,"2-4, 5-7","childhood, community, desert-southwest, imagination, play",
4bcea89e-df02-456b-8119-d1231f83b861,Runaway Bunny,Margaret Wise Brown,5,pre-reader,picture-book,read-together,A little bunny runs away in every possible form — and his mother follows through mountains and rivers and air until he gives up and stays.,active,False,https://covers.openlibrary.org/b/id/8743590-L.jpg,1942,2-4,"family, love, nature, security",
3374fa70-9372-46c2-84a2-d4de5f808858,Sam and Dave Dig a Hole,Mac Barnett,5,pre-reader,picture-book,read-together,Sam and Dave dig straight down looking for something spectacular — and pass right by diamonds without knowing it.,active,True,https://m.media-amazon.com/images/I/91tgyymBJ5L._SL500_.jpg,2014,"2-4, 5-7","geology, humor, layers, persistence, underground",
fc2b9d38-99f0-470f-8f2f-dc896bb523ee,Stellaluna,Janell Cannon,4,pre-reader,picture-book,read-together,A young bat falls from her mother's arms and must live as a bird — until she discovers that being herself is better than fitting in.,active,True,https://covers.openlibrary.org/b/id/11026591-L.jpg,1993,"2-4, 5-7","animal-science, bats, belonging, friendship, identity",
3812272a-c4ae-4966-9f81-d93ab32544bd,Stop That Mop!,Jonathan Fenske,3,early-reader,early-reader,read-side-by-side,"The mop is out of control, and nobody told it the rules — comedy and cause-and-effect logic for beginning readers.",active,True,https://covers.openlibrary.org/b/isbn/9781665932721-L.jpg,2025,"2-4, 5-7","cause-and-effect, chaos, cleaning, humor, mops",
32efc50d-50b3-4b06-b7d8-590d66b9e9d8,Sulwe,Lupita Nyong'o,5,pre-reader,picture-book,read-together,A girl whose skin is the color of midnight learns that the night sky is where stars live.,active,True,https://covers.openlibrary.org/b/isbn/9781534425378-L.jpg,2019,"2-4, 5-7","beauty-standards, colorism, Kenyan-culture, night-sky, self-acceptance, skin-color, stars","art, science, social-emotional"
f91b7100-69c7-424a-b9bc-8bf4379057c3,Sunday,Marcelo Tolentino,2,pre-reader,picture-book,read-together,Sunday is the slow day — the day that belongs to the whole family — and this book makes you feel what that rest actually means.,active,True,https://covers.openlibrary.org/b/isbn/9798989858811-L.jpg,2025,2-4,"family, rest, slow-day, Sunday, togetherness",social-emotional
75af5533-9a1e-4b78-ac74-82ed89b7d115,Swimmy,Leo Lionni,4,pre-reader,picture-book,read-together,A small black fish leads his red school to swim together in the shape of a giant fish — and teaches camouflage and cooperation in one image.,active,False,https://covers.openlibrary.org/b/id/5017594-L.jpg,1963,"2-4, 5-7","camouflage, community, ocean, problem-solving, teamwork","science, social-emotional"
52ad8126-48d6-41b3-a97a-0cb4cedc2099,Sylvester and the Magic Pebble,William Steig,5,pre-reader,picture-book,read-together,Sylvester finds a magic pebble and turns himself into a rock — and has to wait through every season until his family's grief accidentally saves him.,active,False,https://covers.openlibrary.org/b/id/12727145-L.jpg,1969,"2-4, 5-7","family, fear, identity, magic, seasons",
ca8399a2-59c4-4965-8a08-d56d2e7f08fe,Teaching for Change: How Septima Clark Led the Civil Rights Movement to Voting Justice,Yvonne Clark-Rhines and Monica Clark-Robinson,5,early-reader,nonfiction,read-and-discuss,"Septima Clark taught thousands of Black Southerners to read and write — because in 1960s America, you couldn't register to vote if you couldn't pass a literacy test.",active,True,https://m.media-amazon.com/images/I/81RYQfK1FvL._SL500_.jpg,2026,"2-4, 5-7","civil-rights, education, literacy, Septima-Clark, voting-rights",
ef7c753b-eecf-48fb-a364-2f8eb23b3f2e,The Arguers,Corinna Luyken,3,early-reader,picture-book,read-together,"A new fairy tale that feels as old as time — about two characters who are relentlessly, hilariously, unstoppably arguing — from one of the most visually distinctive voices in children's books.",active,True,https://covers.openlibrary.org/b/id/15090410-L.jpg,2025,"2-4, 5-7","argument, conflict, fairy-tale, humor, resolution",
e0b1627b-cacd-4c09-933e-7925c4561507,The Bear Out There,Jess Hannigan,4,pre-reader,picture-book,read-together,A know-it-all girl explains everything about the bear outside — and the reader can see from the very first page that she's completely wrong.,active,True,https://covers.openlibrary.org/b/id/14945931-L.jpg,2025,2-4,"bears, Goldilocks-twist, humor, overconfidence, perspective",
e233c979-8bb2-4fa5-9104-12f044ebbbd3,The Big Red Barn,Margaret Wise Brown,4,pre-reader,picture-book,read-together,"A farm day from morning to night — every animal named, every sound captured, the whole cycle complete.",active,False,https://covers.openlibrary.org/b/id/51035-L.jpg,1989,2-4,"animals, day-cycle, farm, seasons, sleep",
f3dc1bda-55bd-4cf9-b5e8-e0d1a0a0fa12,The Biggest Bear,Lynd Ward,4,pre-reader,picture-book,read-together,Johnny brings home a bear cub — and learns the hard way that wild animals and farms don't mix for long.,active,False,https://covers.openlibrary.org/b/id/255418-L.jpg,1952,"2-4, 5-7","bears, consequences, New-England, responsibility, wild-animals",
c9224cbe-4a82-4c0b-aab0-9d6141021e5c,The Book With No Pictures,B.J. Novak,4,pre-reader,picture-book,read-together,A book that forces adults to say increasingly ridiculous things out loud — and proves that words alone are entertainment.,active,True,https://covers.openlibrary.org/b/id/7306621-L.jpg,2014,2-4,"humor, language-play, reader-engagement, reading",
652a4a92-4fe3-4c8d-b1f6-b63dc21bb6bb,The Carrot Seed,Ruth Krauss,4,pre-reader,picture-book,read-together,A boy plants a carrot seed while everyone tells him it won't grow — and it grows.,active,False,https://covers.openlibrary.org/b/id/10935277-L.jpg,1945,2-4,"belief, gardening, growth, patience, persistence",
22e98cd3-6db4-4346-b4ac-df8b770c97bf,The Day the Crayons Quit,Drew Daywalt,5,pre-reader,picture-book,read-together,"Duncan's crayons each have a grievance — and their letters reveal color theory, fair use, and the full spectrum of artistic frustration.",active,True,https://covers.openlibrary.org/b/id/8314152-L.jpg,2013,"2-4, 5-7","colors, communication, creativity, humor, perspective",
51b5caee-1c68-41db-8be6-a053df58b774,The Dot,Peter H. Reynolds,4,pre-reader,picture-book,read-together,A girl who says she cannot draw makes a single dot. Then everything changes.,active,True,https://covers.openlibrary.org/b/isbn/9781948381741-L.jpg,2003,"2-4, 5-7","art, creativity, growth, mentorship, self-doubt, self-expression","art, language-arts, social-emotional"
013bbf8b-3c5c-485a-b29e-0e5475779d8f,The Garden of Abdul Gasazi,Chris Van Allsburg,4,early-reader,picture-book,read-together,A boy chases a dog into a forbidden garden — and comes out unsure of what is real.,active,False,https://covers.openlibrary.org/b/id/255534-L.jpg,1979,"2-4, 5-7","consequences, dogs, imagination, magic, mystery",
2279424a-cf6b-4916-b1ab-a5b9a259a6e4,The Giving Tree,Shel Silverstein,5,pre-reader,picture-book,read-together,A tree gives everything she has to a boy she loves across a lifetime — and the book refuses to tell you how to feel about it.,active,False,https://covers.openlibrary.org/b/id/8981758-L.jpg,1964,"2-4, 5-7","generosity, growing-up, nature, relationships, seasons",
56289d90-91d3-41bd-8cbc-d38ccaf53bf0,The Hair Book,Andrea J. Brown-Wood,3,pre-reader,picture-book,read-together,A celebration of Black hair through generations — the verse goes straight to the heart and the art is a loving archive of Black beauty across time.,active,True,https://covers.openlibrary.org/b/id/8157718-L.jpg,2026,2-4,"Black-hair, celebration, culture, heritage, identity",social-emotional
31dbad49-7025-4c99-8245-4e12bbe74d79,The Hello Goodbye Window,Norton Juster,4,pre-reader,picture-book,read-together,"The kitchen window at Nanna and Poppy's house is where everything happens — hello, goodbye, and all the in-between.",active,True,https://covers.openlibrary.org/b/id/6929671-L.jpg,2005,2-4,"daily-life, grandparents, magic-in-ordinary",social-emotional
64b561f6-80ac-4bcc-b8b8-48831eaedb7a,The Honey Bee,Kirsten Hall,5,pre-reader,picture-book,read-together,A poem that hums. Your child will never look at a flower the same way after this one.,active,True,https://covers.openlibrary.org/b/isbn/9781665904841-L.jpg,2018,2-4,"bees, community-labor, food-systems, interdependence, pollination, seasons","language-arts, science"
7898ea87-a970-4736-aed4-4853c99e7a04,The Keeping Quilt,Patricia Polacco,5,pre-reader,picture-book,read-together,A quilt made from immigrant clothing travels through four generations — a family history you can touch.,active,False,https://covers.openlibrary.org/b/id/2078991-L.jpg,1988,"2-4, 5-7","family-history, immigration-to-US, memory, quilts, traditions",
c91b8f1f-ee92-473d-98d6-b5fadcb9f097,The Lighthouse Keeper,Eugenio Fernández Vázquez,3,pre-reader,picture-book,read-together,A lighthouse keeper and the sailors his light guides — a meditation on purpose and solitude that has astonishing visual depth.,active,True,https://m.media-amazon.com/images/I/91-I+ErxTdL._SL500_.jpg,2025,"2-4, 5-7","connection, lighthouse, purpose, sea, solitude",
7b51ed13-7aff-498d-bef0-5917d58b88fd,The Listening Walk,Paul Showers,4,pre-reader,picture-book,read-together,"A girl and her father walk through the neighborhood without talking, and the world gets incredibly loud.",active,True,https://covers.openlibrary.org/b/isbn/9780060216375-L.jpg,1991,"2-4, 5-7","neighborhood, observation, science-inquiry, senses, sound","language-arts, science, social-emotional"
ef8874ad-9b6f-4064-9066-c6838f9290e4,The Little House,Virginia Lee Burton,5,pre-reader,picture-book,read-together,A little house watches the city grow up around her across a century — and finally finds her way back to the countryside.,active,False,https://covers.openlibrary.org/b/id/8772064-L.jpg,1942,"2-4, 5-7","change, city-vs-country, environment, history, seasons","history, science, social-emotional"
6a899655-e69e-41bb-a5c6-1b6f498c7985,The Lorax,Dr. Seuss,5,pre-reader,picture-book,read-together,The Once-ler builds an industry that destroys an ecosystem — and a small orange creature tries to stop him one tree at a time.,active,False,https://covers.openlibrary.org/b/id/422253-L.jpg,1971,"2-4, 5-7","consequences, conservation, ecology, environment, industry",
10ca9ca4-fd5c-47bf-899c-cb3c10960301,The Napping House,Audrey Wood,4,pre-reader,picture-book,read-together,Everyone in the napping house piles on top of everyone else — until a tiny flea wakes the whole stack.,active,False,https://covers.openlibrary.org/b/id/114437-L.jpg,1984,2-4,"animals, cumulative-story, family, rain, sleep",
1ad99951-287e-4460-8df5-fbe74420d633,The Pout-Pout Fish,Deborah Diesen,4,pre-reader,picture-book,read-together,A glum fish believes he was born to spread dreary wearies — until a stranger's kiss changes his whole understanding of himself.,active,True,https://covers.openlibrary.org/b/id/8813366-L.jpg,2008,2-4,"community, emotions, ocean, self-expression",
cb7e34e5-ae22-4901-8833-1632ca317434,The Recess Queen,Alexis O'Neill,4,pre-reader,picture-book,read-together,"Mean Jean rules recess — until a new girl asks her to jump rope, and genuine friendliness resets the whole playground.",active,True,https://covers.openlibrary.org/b/id/276464-L.jpg,2002,"2-4, 5-7","bullying, change, courage, kindness, school",social-emotional
d9e4d160-c321-4088-aa30-6f75fdd9b1cf,The Relatives Came,Cynthia Rylant,5,pre-reader,picture-book,read-together,The relatives drive up from Virginia for the summer and fill every corner of the house — and the reunion is so warm it practically radiates off the page.,active,False,https://covers.openlibrary.org/b/id/4995900-L.jpg,1985,"2-4, 5-7","family, hospitality, reunion, summer, Virginia",
a91f8ae6-8fb6-43cd-9181-24d896e9bd19,The Snail and the Whale,Julia Donaldson,5,pre-reader,picture-book,read-together,"A tiny snail hitches a ride on a whale's tail and sees the whole world, until the whale needs the snail to save her.",active,True,https://covers.openlibrary.org/b/isbn/9781529023831-L.jpg,2003,"2-4, 5-7","courage, ecosystems, oceans, scale, world-geography","geography, language-arts, science, social-emotional"
3063c2bc-0e82-497d-806b-bdb62bcd24ed,The Truth about Dragons,Julie Leung,4,pre-reader,picture-book,read-together,Western dragons hoard gold and breathe fire; Eastern dragons bring rain and good fortune — and both are true.,active,True,https://m.media-amazon.com/images/I/91lPc6+MFcL._SL500_.jpg,2023,"2-4, 5-7","dragons, East-West-comparison, folklore, mythology, truth",
5bd407cd-074f-404c-adea-02af3c449cd3,The Ugly Five,Julia Donaldson,4,pre-reader,picture-book,read-together,"The wildebeest, hyena, vulture, warthog, and marabou stork are the ugliest animals on the savanna, and their babies think they are beautiful.",active,True,https://covers.openlibrary.org/b/isbn/9781784231033-L.jpg,2017,"2-4, 5-7","adaptation, African-animals, beauty, savanna, self-acceptance","geography, science, social-emotional"
f1d7c793-3417-4213-b9df-0a777d0ec403,The Very Hungry Caterpillar,Eric Carle,5,pre-reader,board-book,read-together,One tiny egg becomes a butterfly — and along the way teaches counting and one of biology's most astonishing transformations.,active,False,https://covers.openlibrary.org/b/id/7835968-L.jpg,1969,2-4,"counting, days-of-week, food, life-cycle, metamorphosis","math, science"
387d5b96-6ce7-4c00-a517-feea455729fb,The Very Quiet Cricket,Eric Carle,4,pre-reader,picture-book,read-together,"A cricket who can't yet chirp meets creature after creature — and the wait for his first sound teaches patience, communication, and insect biology.",active,True,https://covers.openlibrary.org/b/id/259476-L.jpg,1990,2-4,"communication, insects, nature, patience, sound",science
773a213f-f1ed-4df8-9a6a-f400de573c50,The Water Princess,Susan Verde,5,pre-reader,picture-book,read-together,"Based on Georgie Badiel's childhood in Burkina Faso, a girl walks miles for water.",active,True,https://covers.openlibrary.org/b/isbn/9786053706915-L.jpg,2016,"2-4, 5-7","Africa, daily-life, geography, social-justice, water-access","geography, history, science, social-emotional"
68871a75-fe24-4269-b1a9-2c83e1a589a4,The Way I Feel,Janan Cain,4,pre-reader,picture-book,read-together,"One emotion per page, fully inhabited — the most precise emotional vocabulary primer for young children.",active,True,https://covers.openlibrary.org/b/id/6815337-L.jpg,2000,2-4,"emotions, feelings, self-regulation, vocabulary",social-emotional
81ad82ba-60b4-4d23-b774-cf8839308b6f,The Yellow Bus,Loren Long,5,pre-reader,picture-book,read-together,"A school bus ages out of her route and finds unexpected new purpose — as shelter for the unhoused, home for goats, reef for fish.",active,True,https://covers.openlibrary.org/b/id/14844383-L.jpg,2024,"2-4, 5-7","aging, change, community, environment, purpose, time",
723695f6-6f46-46a9-ace7-489368e8a998,There Was a Party for Langston,Jason Reynolds,5,early-reader,picture-book,read-together,Every poet who came after Langston Hughes threw him a party without knowing it — and this book is an invitation to that party.,active,True,https://covers.openlibrary.org/b/id/14398973-L.jpg,2023,"2-4, 5-7","American-history, art, creative-legacy, Langston-Hughes, poetry",
4207d9b3-eb32-454e-84b1-2655737f6804,This Is Not My Hat,Jon Klassen,4,pre-reader,picture-book,read-together,A small fish in a stolen hat believes he will never be found — and the reader knows better the whole time.,active,True,https://covers.openlibrary.org/b/id/10207424-L.jpg,2012,"2-4, 5-7","consequences, ethics, humor, ocean, perspective",
16a917e6-21c1-4d6f-98d7-7db99bd63f3b,Thunder Cake,Patricia Polacco,5,pre-reader,picture-book,read-together,"Grandma gives a frightened granddaughter a secret task before the thunder arrives — and by the time the storm hits, brave is what she already is.",active,True,https://covers.openlibrary.org/b/id/259509-L.jpg,1990,"2-4, 5-7","bravery, cooking, fear, grandparent-bond, weather",
d39cfd58-7a23-480d-8e1c-a82179da2f55,"Tiny, Perfect Things",M.H. Clark,4,pre-reader,picture-book,read-together,"A grandfather and grandchild walk through their neighborhood looking for tiny, perfect things. They find them everywhere.",active,True,https://covers.openlibrary.org/b/isbn/9781946873064-L.jpg,2018,2-4,"attention, grandparent-bond, nature, observation, small-things, wonder","language-arts, science, social-emotional"
b30985e9-8191-4af9-a34b-975972e36415,"To Market, To Market",Anushka Ravishankar,4,pre-reader,picture-book,read-together,A woman goes to market and buys animals. Each one causes more chaos. The counting gets wilder.,active,True,https://covers.openlibrary.org/b/isbn/9788186211991-L.jpg,2007,2-4,"animals, chaos, commerce, counting, humor, Indian-market, trade","geography, language-arts, math"
b8fe33d4-df40-4627-836b-2596e8734c90,Too Much: An Overwhelming Day,Jolene Gutierrez,4,pre-reader,picture-book,read-together,"The world gives a little girl too much — too loud, too bright, too everything — until her mother's sheet-hug wraps the whole day back in.",active,True,https://covers.openlibrary.org/b/isbn/9781647008154-L.jpg,2023,2-4,"emotions, family, overwhelm, self-regulation, sensory-processing",social-emotional
3f342aec-3941-4d69-ab06-02534d97bcae,Tops and Bottoms,Janet Stevens,5,pre-reader,picture-book,read-together,A quick-witted hare tricks a lazy bear into farming — and every trick is rooted in real plant anatomy.,active,True,https://covers.openlibrary.org/b/id/3933061-L.jpg,1995,"2-4, 5-7","agriculture, cleverness, garden, plants, problem-solving",
4fd887ec-6984-4664-8564-e72eee0b5463,Towed by Toad,Jashar Awan,3,early-reader,early-reader,read-side-by-side,Toad wants to tow everything — and the humor of what a toad can and cannot actually tow escalates perfectly.,active,True,https://covers.openlibrary.org/b/id/14818562-L.jpg,2024,2-4,"friendship, humor, persistence, toad, vehicles",
71eabd85-0599-49f2-867b-b3de4230a3fb,Tuck Me In! A Science Bedtime Story,Nathan W. Pyle,4,pre-reader,picture-book,read-together,A parent tucks in a child at bedtime — and the science of what happens to your body during sleep is quietly woven into every page.,active,True,https://m.media-amazon.com/images/I/71zEZ9uE9tL._SL500_.jpg,2025,2-4,"bedtime, cells, nighttime, rest, science",science
9216b1b4-e511-470d-812b-807dd7074942,Unflappable,Matthew Ward,4,pre-reader,picture-book,read-together,Three flightless birds build increasingly elaborate machines to get airborne — and every failure is a lesson in engineering.,active,True,https://covers.openlibrary.org/b/id/14465019-L.jpg,2023,"2-4, 5-7","birds, design-process, engineering, flight, persistence",
e8dab9b4-63ba-485f-8314-e2f09773d625,We Are Water Protectors,Carole Lindstrom,5,pre-reader,picture-book,read-together,An Ojibwe girl hears her grandmother's prophecy about a black snake that will poison the water. Caldecott Medal.,active,True,https://covers.openlibrary.org/b/isbn/9781250780997-L.jpg,2020,"2-4, 5-7","activism, environment, Indigenous-rights, pipelines, water","geography, history, science, social-emotional"
73c66d22-6836-4eb8-90fb-de8ba318f613,We Go Way Back: A Story of Life on Earth and How It All Began,Idan Ben-Barak,5,early-reader,picture-book,read-side-by-side,"Life started 3.8 billion years ago — and this book traces the full line from first cell to you, in a way that somehow fits in 48 pages.",active,True,https://m.media-amazon.com/images/I/91A5G-lWIYL._SL500_.jpg,2023,"2-4, 5-7","biology, cells, evolution, origin-of-life, time",science
e15a32d2-db46-45a1-b7c0-4bd0bc90bde8,Wemberly Worried,Kevin Henkes,4,pre-reader,picture-book,read-together,Wemberly worries about everything — and school brings a thousand new worries until she finds another worrier just like her.,active,True,https://covers.openlibrary.org/b/id/432694-L.jpg,2000,"2-4, 5-7","anxiety, friendship, school, starting, worry",social-emotional
7fb484a2-68af-4f00-8168-a64ab5a3de94,What Do You Do with a Chance,Kobi Yamada,4,pre-reader,picture-book,read-together,A chance floats by and the child lets it go — and wonders ever after what would have happened.,active,True,https://covers.openlibrary.org/b/id/8402989-L.jpg,2018,"2-4, 5-7","chance, courage, growth, opportunity, regret",social-emotional
6b59dd98-013d-4778-b284-6a6fd5deb6f8,Where the Wild Things Are,Maurice Sendak,5,pre-reader,picture-book,read-together,Max sails to a land of monsters and discovers that home is the most powerful place of all — and that anger is something you can return from.,active,False,https://covers.openlibrary.org/b/id/50842-L.jpg,1963,2-4,"anger, emotional-regulation, home, imagination, wild-creatures","language-arts, social-emotional"
1f607623-2a18-431a-a092-98a523a298ac,Wind Watchers,Micha Archer,3,pre-reader,picture-book,read-together,"Children find joy, awe, and reverence in the wind — and Archer's collage illustrations make the invisible visible.",active,True,https://m.media-amazon.com/images/I/A1fMSXUw8yL._SL500_.jpg,2025,2-4,"children, joy, nature, observation, wind",
b1858f24-47bf-4366-9c8a-6f8b6a7a1beb,A Drop of Water,Walter Wick,5,independent,nonfiction,read-side-by-side,"Macro photographs so close to water you can see it think about whether to freeze, boil, or float.",active,True,https://covers.openlibrary.org/b/isbn/9780590221979-L.jpg,1997,"5-7, 8-10","photography, science-inquiry, states-of-matter, water-cycle, weather","art, geography, science"
f1a40664-c949-42b4-afdf-1df0dc3f441c,A Flea for Justice: Marian Wright Edelman Stands Up for Change,Valerie Bolling,5,early-reader,nonfiction,read-and-discuss,Marian Wright Edelman founded the Children's Defense Fund after realizing the civil rights movement had not yet reached the most vulnerable Americans — the children living in poverty.,active,True,https://covers.openlibrary.org/b/isbn/9781623545826-L.jpg,2025,5-7,"advocacy, children's-defense, civil-rights, Marian-Wright-Edelman, poverty",
38e1a8cf-2ac9-414f-a693-6cb01188c1b8,A Flicker of Hope: A Story of Migration,Cynthia Harmony,4,early-reader,picture-book,read-together,A child's migration story is told in parallel with a bird's migration — two creatures crossing uncertain distances toward something they can't yet see.,active,True,https://covers.openlibrary.org/b/id/14580497-L.jpg,2025,5-7,"bird, hope, journey, migration, refugee",
89ce5948-df69-44d0-8c56-aa3873fdb223,"A Line Can Go Anywhere: The Brilliant, Resilient Life of Artist Ruth Asawa",Caroline McAlister,4,early-reader,nonfiction,read-side-by-side,"Ruth Asawa spent her childhood in a Japanese American incarceration camp, where she learned to draw — and became one of the most innovative sculptors of the 20th century.",active,True,https://covers.openlibrary.org/b/isbn/9781250310378-L.jpg,2026,5-7,"Japanese-American, Ruth-Asawa, sculpture, wire, WWII-incarceration",
fb45189c-ae1c-4c48-afa1-d28b2f08acd8,A Rover's Story,Jasmine Warga,5,independent,chapter-book,read-side-by-side,A Mars rover learns what it means to be human from the humans who built him — and asks whether empathy can be programmed.,active,True,https://covers.openlibrary.org/b/id/12961667-L.jpg,2023,"5-7, 8-10","empathy, human-connection, Mars, robotics, space-exploration",
843303ec-5968-4384-a319-452755e169fb,Actual Size,Steve Jenkins,5,early-reader,nonfiction,read-side-by-side,A gorilla's hand is this big. Open the page. It is actual size.,active,True,https://covers.openlibrary.org/b/isbn/9788426134998-L.jpg,2004,"5-7, 8-10","animals, biology, comparison, measurement, scale","art, math, science"
dc1d1d42-ddf4-4135-939f-a38df5639ba3,Afloat,Kirli Saunders,3,early-reader,picture-book,read-together,A community faces a flood — and the Elder's indigenous knowledge provides the solution no one else thought of.,active,True,https://covers.openlibrary.org/b/id/14859266-L.jpg,2025,5-7,"collaboration, community, Elder, flood, indigenous-wisdom",
9ae77054-f851-46ba-9ed1-d23eba9d9284,After the Rain,Eleanor Spicer Rice,4,independent,nonfiction,read-side-by-side,"What happens in the natural world in the minutes and hours after rain falls? The answer involves chemistry, soil biology, and the most underrated creatures on Earth.",active,True,https://m.media-amazon.com/images/I/81oxx9v9xkL._SL500_.jpg,2026,5-7,"ecology, petrichor, rain, soil, worms",science
1c5e53e9-5189-40a1-9de1-8e0a7ccf16a9,Almost Underwear: How a Piece of Cloth Traveled from Kitty Hawk to the Moon and Mars,Jonathan Roth,5,independent,nonfiction,read-and-discuss,"The outer material of the Space Shuttle wasn't metal or glass — it was a specialized fabric quilted like a blanket, two inches thick. And one of its ancestors flew on the Wright Brothers' first airplane at Kitty Hawk.",active,True,https://covers.openlibrary.org/b/id/14810609-L.jpg,2025,"5-7, 8-10","aerospace, fabric, Kitty-Hawk, materials-science, space-shuttles",
e6420aaf-1a25-4930-9f0d-ba75334893dc,Amelia Bedelia,Peggy Parish,4,early-reader,early-reader,read-side-by-side,Amelia Bedelia takes every instruction she's given completely literally — and the chaos is a perfect lesson in the ambiguity of language.,active,False,https://covers.openlibrary.org/b/id/33823-L.jpg,1963,5-7,"community, humor, language, malapropisms",
1f6aad44-0cb4-4910-9b6b-229bd02189fb,Barbed Wire Between Us,Mia Wenjen,5,early-reader,nonfiction,read-and-discuss,"Japanese Americans incarcerated during WWII and young Latinx immigrants detained at the US-Mexico border today — two histories of children behind fences, one book.",active,True,https://m.media-amazon.com/images/I/71bkKQwsr5L._SL500_.jpg,2026,"5-7, 8-10","immigration, injustice, Japanese-American-incarceration, parallel, two-histories",
dc77e1c0-9c84-4b26-ac88-c447ec6146d6,Bat and the Business of Ferrets,Elana K. Arnold,3,independent,chapter-book,read-side-by-side,"Bat's ferret is central to a neighborhood mystery — and Bat, who is on the autism spectrum, approaches the mystery with the same methodical logic he applies to everything.",active,True,https://covers.openlibrary.org/b/isbn/9780063385153-L.jpg,2025,5-7,"bat, ferrets, friendship, mystery, small-animals",
bb09c5f5-da2c-41f0-932f-40008ee4a227,Bee Dance,Rick Chrustowski,5,early-reader,picture-book,read-side-by-side,A honeybee finds flowers. Then she goes home and dances the directions.,active,True,https://covers.openlibrary.org/b/isbn/9780805099195-L.jpg,2015,5-7,"bee-communication, foraging, hive-structure, math-in-nature, pollination, waggle-dance","math, science"
e93977d6-f035-4871-8148-3a25f2d78a1e,Before Colors: Where Pigments and Dyes Come From,Annette Bay Pimentel,5,early-reader,nonfiction,read-side-by-side,"Every color you've ever used started as something else — a rock, a plant, an insect, a shell — and this book shows exactly where.",active,True,https://covers.openlibrary.org/b/id/14333279-L.jpg,2023,5-7,"art, chemistry, color, history, pigments",
800fea57-6662-4603-ba6a-713c9dddd4d5,Ben Franklin's Almanac,Candace Fleming,5,independent,nonfiction,read-side-by-side,"Benjamin Franklin's life in scrapbook form — his inventions, his wit, his politics, and his contradictions all on the same page.",active,True,https://covers.openlibrary.org/b/id/435931-L.jpg,2003,"5-7, 8-10","American-history, Benjamin-Franklin, colonial-life, invention, wit",
31a38fbb-d870-4725-b154-298e1993bd82,"Blast Off!: The Story of Mary Sherman Morgan, America's First Female Rocket Scientist",Suzanne Slade,5,early-reader,nonfiction,read-side-by-side,Mary Sherman Morgan invented the fuel that launched America's first satellite — and no one outside the program knew for 50 years.,active,True,https://m.media-amazon.com/images/I/91wnMrPZFkL._SL500_.jpg,2023,5-7,"engineering, propellants, rockets, space-race, women-in-science",
ecb5ab1f-95d8-4715-8323-d001546e9099,Blockhead: The Life of Fibonacci,Joseph D'Agnese,5,early-reader,picture-book,read-side-by-side,A medieval Italian kid everyone called Blockhead discovered the number pattern that holds sunflowers and galaxies together.,active,True,https://covers.openlibrary.org/b/isbn/9780805063059-L.jpg,2010,"5-7, 8-10","Italy, math, medieval-history, nature, patterns","geography, history, math, science"
d5f135cf-43f0-47fa-b8e4-03e5ddaa14a1,Blockhead: The Life of Fibonacci,Joseph D'Agnese,5,early-reader,picture-book,read-side-by-side,The boy they called Blockhead saw numbers in everything. He was right.,active,True,https://covers.openlibrary.org/b/isbn/9780805063059-L.jpg,2010,"5-7, 8-10","biography, Fibonacci-sequence, math-in-nature, medieval-Italy, number-theory, patterns","art, history, math, science"
b57183ab-d9a4-4f90-90da-6ea888345ecb,"Bounce! The Wonderful, Wacky, World-Changing History of Rubber",Sarah Albee,4,independent,nonfiction,read-side-by-side,"Rubber changed the modern world — and its story involves Mesoamerican ball games, Charles Goodyear's obsession, and the chemistry of vulcanization.",active,True,https://m.media-amazon.com/images/I/81PGOBlMvQL._SL500_.jpg,2023,"5-7, 8-10","chemistry, history, industry, rubber, vulcanization",
1bf4d23c-e1d8-4670-a224-9a1375e1260a,Boxes for Katje,Candace Fleming,5,early-reader,picture-book,read-side-by-side,"After WWII destroyed her Dutch town, a girl receives a box from a stranger in America, and one box becomes hundreds.",active,True,https://covers.openlibrary.org/b/isbn/9780374309220-L.jpg,2003,5-7,"generosity, international-aid, mail, Netherlands, WWII-aftermath","geography, history, social-emotional"
8e478229-9125-411e-b7b8-7a51dc714b93,Brave,Weshoyot Alvitre,3,early-reader,picture-book,read-side-by-side,A reclamation of what bravery means through a Native American lens — because the brave things the history books don't mention are the ones that kept a culture alive.,active,True,https://covers.openlibrary.org/b/isbn/9780593531600-L.jpg,2025,5-7,"bravery, courage, identity, land, Native-American",
1c0ade34-f023-4e66-b5b7-a3aff9ad5ee7,Broken,X. Fang,3,early-reader,picture-book,read-together,A child breaks grandmother's favorite cup — and blames the cat. The moral arc is simple; the illustration is astonishing.,active,True,https://covers.openlibrary.org/b/isbn/9781774882009-L.jpg,2025,5-7,"blame, Chinese-culture, honesty, mistake, responsibility",social-emotional
c20f6e38-458d-498e-99fd-888520897f47,Building Our House,Jonathan Bean,5,early-reader,picture-book,read-side-by-side,"A family builds their own house from the ground up. Every board, every nail, every season.",active,True,https://covers.openlibrary.org/b/isbn/9780374380236-L.jpg,2013,5-7,"building, construction, family, house-building, seasons, teamwork, tools","art, math, science"
8fc585a6-3849-4abe-9b04-e29313b05529,By the Great Horn Spoon!,Sid Fleischman,4,independent,chapter-book,read-side-by-side,A Boston boy and his aunt's butler sail around Cape Horn to the California Gold Rush — and the butler's dignity is his greatest survival tool.,active,False,https://covers.openlibrary.org/b/id/14427875-L.jpg,1963,"5-7, 8-10","adventure, California, cleverness, Gold-Rush, ships",
adbdfed4-533a-4cd6-91be-f3af0d023496,Call Me Roberto!: The Story of Roberto Clemente,Nathalie Alonso,4,independent,nonfiction,read-side-by-side,Roberto Clemente refused to be called Bob — and that refusal was the beginning of everything else he refused.,active,True,https://m.media-amazon.com/images/I/91Adz68NRlL._SL500_.jpg,2023,"5-7, 8-10","baseball, courage, Puerto-Rico, racism, Roberto-Clemente",
74fca92f-7b4c-4fb8-ae2a-faf42357682e,Cece Loves Science,Kimberly Derting,4,early-reader,picture-book,read-side-by-side,Cece has a question about her dog. She does not Google it. She designs an experiment.,active,True,https://covers.openlibrary.org/b/isbn/9780062946089-L.jpg,2018,5-7,"data-collection, dogs, experiment, hypothesis, observation, scientific-method","language-arts, math, science"
ab228eee-437b-4c36-a41f-bb5227a72cd8,"Change Is in the Air: The Hidden Discoveries of Eunice Newton Foote, the First Climate Scientist",Rebecca Donnelly,5,early-reader,nonfiction,read-side-by-side,"Eunice Newton Foote discovered that CO2 traps heat in the atmosphere in 1856 — and because she was a woman, John Tyndall got the credit three years later.",active,True,https://m.media-amazon.com/images/I/81OWA11HLPL._SL500_.jpg,2026,5-7,"climate-science, CO2, greenhouse-effect, suffrage, women-in-science",
fa6321a2-dc99-44c0-bf99-c6c9e1c68fe7,Charlotte's Web,E.B. White,5,independent,chapter-book,read-side-by-side,"A spider writes words in her web to save a pig — and asks children to think about friendship, mortality, and what a life well spent looks like.",active,False,https://covers.openlibrary.org/b/id/8461797-L.jpg,1952,"5-7, 8-10","death, farm-life, friendship, seasons, spiders, writing","language-arts, science, social-emotional"
77e83662-03df-4ab5-88a6-46ae6bd05fc3,City Safari: A Young Naturalist's Guide to Discovering Nature in the City,Jenette Restivo,4,independent,nonfiction,read-side-by-side,"The city is a wildlife refuge hiding in plain sight — and this field guide gives children the tools to find it, identify it, and record it.",active,True,https://covers.openlibrary.org/b/isbn/9781493088157-L.jpg,2025,"5-7, 8-10","citizen-science, city, nature, observation, urban-ecology",science
2f2b023f-1da6-43f1-ba87-7cd177e87077,"City Summer, Country Summer",Kiese Laymon,3,early-reader,picture-book,read-together,"Three Black boys spend a summer in the city and a summer in the country, finding that both are home in ways neither could have expected.",active,True,https://covers.openlibrary.org/b/isbn/9780593405567-L.jpg,2025,5-7,"Black-joy, city-vs-country, family, friendship, summer",social-emotional
8b2ea0be-bf21-4a2c-a4c0-bba3e132b99a,Clementine,Sara Pennypacker,4,independent,chapter-book,read-side-by-side,"Clementine has a terrible week — but the disasters are all her own very logical ideas, and her relationship with her principal is the funniest in chapter book literature.",active,True,https://covers.openlibrary.org/b/id/7368598-L.jpg,2006,5-7,"art, Boston, friendship, humor, school",
0a10c794-5a1d-4a86-add4-977225aa055a,Cora's Beach Adventure,Sally M. Walker,4,independent,nonfiction,read-side-by-side,"A day of science-based discovery at the shore — tide pools, sand, birds, and the scientific method modeled through genuine curiosity.",active,True,https://m.media-amazon.com/images/I/81Nz5pvXvGL._SL500_.jpg,2026,5-7,"beach, marine-biology, observation, science, tide-pools",science
6afdb8b6-c7b4-4608-a2f6-7879808da19c,"Creep, Leap, Crunch! A Food Chain Story",Jody Jensen Shaffer,4,early-reader,nonfiction,read-side-by-side,"From worm to robin to hawk to decomposer — the food chain is a circle, and this book walks it complete.",active,True,https://covers.openlibrary.org/b/id/14549627-L.jpg,2023,5-7,"ecology, energy-transfer, food-chain, habitats, predation",science
d3176829-93dd-4713-ba5f-756782c72da2,Debbie Allen's Rise to Fame,Tami Charles,4,early-reader,nonfiction,read-side-by-side,Debbie Allen fought racism to study ballet as a child — and became one of the most powerful figures in American television and dance.,active,True,https://m.media-amazon.com/images/I/81eV-ZHQCvL._SL500_.jpg,2025,5-7,"choreographer, dancer, Debbie-Allen, perseverance, television",
d4217ade-e4f8-446c-8d5c-ff1428961ed6,Digging Up Dinosaurs,Aliki,5,early-reader,nonfiction,read-side-by-side,The dinosaur in the museum did not walk in through the front door. Someone dug it up bone by bone.,active,False,https://covers.openlibrary.org/b/isbn/9781559943024-L.jpg,1988,5-7,"fossils, geology, museums, paleontology, scientific-process","art, history, math, science"
864002ca-20a7-446f-acdf-f3e561045a4b,Dragon Flower,Chen Jiang Hong,4,early-reader,picture-book,read-side-by-side,A mythological tale from China about a dragon and a flower whose fates are bound together — illustrated with brush painting techniques that are works of art.,active,True,https://covers.openlibrary.org/b/isbn/9781681379531-L.jpg,2025,5-7,"art, Chinese-mythology, dragon, flower, spirit-world",
41bb9133-6ede-4b29-8ee1-6dced433001c,Each Kindness,Jacqueline Woodson,4,early-reader,picture-book,read-side-by-side,"Maya was new. Chloe was not kind to her. Then Maya moved away, and the chance was gone.",active,True,https://covers.openlibrary.org/b/isbn/9780399246524-L.jpg,2012,"5-7, 8-10","exclusion, kindness, missed-chances, new-student, regret, ripple-effect","language-arts, science, social-emotional"
47703cc1-76a7-4f81-9335-e4ff5a3e17b8,Extreme Birdwatching: Measuring Change on a Galápagos Island,Loree Griffin Burns,5,independent,chapter-book,read-side-by-side,Rosemary and Peter Grant spent 40 years on a remote Galápagos island watching finches — and proved that evolution happens far faster than Darwin ever imagined.,active,True,https://m.media-amazon.com/images/I/81mmNj2YxbL._SL500_.jpg,2026,"5-7, 8-10","birds, Darwin-finches, evolution, fieldwork, Galapagos",science
b30ff031-e7a8-4331-822d-a69e0fd23caf,Fia Hosein Finds Her Beat,Tracey Baptiste,4,independent,chapter-book,read-side-by-side,"Fia just immigrated from Trinidad to Peppermint Falls — and she's terrified that as her accent fades, she's losing the part of herself that is most her.",active,True,https://m.media-amazon.com/images/I/81FTABo8ROL._SL500_.jpg,2026,5-7,"accent, identity, immigration, language, Trinidad",social-emotional
fd8a6ff7-1048-4215-876e-d706c20bdb66,Fighting With Love: The Legacy of John Lewis,Lesa Cline-Ransome,5,early-reader,nonfiction,read-and-discuss,John Lewis was beaten on the Edmund Pettus Bridge and went back 54 more times to walk it until the law finally changed — and this is the story of what he called 'good trouble.',active,True,https://covers.openlibrary.org/b/isbn/9798855024982-L.jpg,2025,5-7,"civil-rights, Congress, John-Lewis, legacy, nonviolent-protest",
f9a830bc-648c-4897-aaa4-ba2fa0a2e771,Finding Home: Amazing Places Animals Live,Mike Unwin,5,early-reader,nonfiction,read-side-by-side,"Twelve animals, twelve extraordinary habitats — from the deep ocean to Arctic ice to city storm drains — each adapted in ways that make survival look almost impossible and completely elegant.",active,True,https://covers.openlibrary.org/b/isbn/9781526638281-L.jpg,2025,5-7,"animals, biodiversity, ecology, habitats, survival",
19013de9-4f4a-4440-a09e-892784d69cba,Flat Stanley,Jeff Brown,4,independent,chapter-book,read-side-by-side,Stanley Lambchop wakes up flat and discovers that being flat has unexpected advantages — including being mailed to California.,active,False,https://covers.openlibrary.org/b/id/5140225-L.jpg,1964,5-7,"adventure, creativity, geography, Kansas, problem-solving",
9d4e9dea-4b4e-4e70-ab09-5e5ceb712b8d,Flower Talk,Sara Levine,5,early-reader,nonfiction,read-side-by-side,"Flowers are not just pretty. They are talking. Every petal, every scent, every stripe is a message to a pollinator.",active,True,https://covers.openlibrary.org/b/isbn/9781541519282-L.jpg,2019,5-7,"bees, botanical-communication, color-signals, flower-anatomy, plants, pollination","art, science"
25b9da9c-66ea-4175-ad35-38d8babe8d09,Found Sound,Meg Wolitzer and Charlie Panek,4,independent,chapter-book,read-and-discuss,Felix and his neighbor Marigold follow a series of musical clues on a sound-based scavenger hunt through their town — and the music they find opens the history of their community.,active,True,https://m.media-amazon.com/images/I/91cbKSgcTCL._SL500_.jpg,2026,"5-7, 8-10","friendship, music, scavenger-hunt, small-town, sound",
c33a58b7-cfb2-4498-9b8e-1edf2d3c3cd6,Frizzy,Claribel A. Ortega,4,independent,graphic-novel,read-side-by-side,Marlene wants to straighten her curly hair to fit in — and the journey back to her natural hair is the journey back to herself.,active,True,https://covers.openlibrary.org/b/id/12919216-L.jpg,2022,"5-7, 8-10","beauty-standards, Dominican-American, family, identity, natural-hair",
e399a9c3-7c4a-416a-b9bf-7c5a8c329a62,Gentle Ben,Walt Morey,4,independent,chapter-book,read-side-by-side,A boy in Alaska befriends a bear chained in a shed — and the friendship teaches him and everyone around him something about wildness and trust.,active,False,https://covers.openlibrary.org/b/id/360786-L.jpg,1965,"5-7, 8-10","Alaska, bears, family, friendship, wilderness",
6cb2d4ed-8a25-4293-ada9-c26ab331afd6,Golden Gate: Building the Mighty Bridge,Elizabeth Partridge,5,early-reader,nonfiction,read-side-by-side,Building the Golden Gate Bridge required solving engineering problems nobody had ever faced before — and doing it with the lives of workers who had no safety net except for a revolutionary net hung below.,active,True,https://covers.openlibrary.org/b/isbn/9781452135144-L.jpg,2025,5-7,"construction, engineering, Golden-Gate-Bridge, labor, San-Francisco",
4c6cbef2-3a58-4893-a552-b23f766ac041,Grand Canyon,Jason Chin,5,independent,nonfiction,read-side-by-side,"Every layer of rock in the Grand Canyon is a chapter of Earth's autobiography, and the oldest is two billion years old.",active,True,https://covers.openlibrary.org/b/isbn/9781596439504-L.jpg,2017,"5-7, 8-10","American-landscapes, deep-time, erosion, fossils, geology","art, geography, history, science"
2c233aaf-1132-4bf9-aeea-0f93cf6f1b4f,Grief Is an Elephant,Tamara Ellis Smith,5,early-reader,picture-book,read-together,"Grief takes up space, makes noise, gets in the way — and this book gives it exactly the right shape.",active,True,https://covers.openlibrary.org/b/isbn/9781797218120-L.jpg,2023,5-7,"family, grief, healing, loss, metaphor",social-emotional
6a24899d-cfae-4ce2-b045-c6756c48997a,Harriet the Spy,Louise Fitzhugh,5,independent,chapter-book,read-side-by-side,Harriet writes everything she observes about everyone in her notebook — until the notebook is found.,active,False,https://covers.openlibrary.org/b/id/12569145-L.jpg,1964,"5-7, 8-10","friendship, New-York-City, observation, secrets, writing","geography, language-arts, social-emotional"
37f69898-b81f-41eb-bd07-ff6c2cc1cd6f,"Hello, Stranger",Barbara O'Connor,4,independent,chapter-book,read-side-by-side,Two lonely kids in a small North Carolina town connect over a stray dog neither of them is allowed to keep.,active,True,https://m.media-amazon.com/images/I/81eBmxfYFwL._SL500_.jpg,2023,"5-7, 8-10","community, friendship, loneliness, rural-North-Carolina, stray-dog",
59f97dc6-96c7-41e5-822c-963cfae4beb4,Holding Her Own: The Exceptional Life of Jackie Ormes,Traci N. Todd,5,independent,nonfiction,read-and-discuss,Jackie Ormes was the first Black woman to publish a nationally syndicated cartoon strip — and she used it to say everything the newspapers wouldn't print.,active,True,https://covers.openlibrary.org/b/id/13106998-L.jpg,2023,"5-7, 8-10","Black-history, cartooning, civil-rights, Jackie-Ormes, women-in-media",
76b05da2-4bc2-4984-834b-608f1a735241,Honeybird Blue,Taunya English,4,early-reader,picture-book,read-side-by-side,A girl and her father go on a nature walk to find the many colors of birds — and the walk is about far more than birds.,active,True,https://m.media-amazon.com/images/I/81jfYPiJsYL._SL500_.jpg,2026,5-7,"birds, color, father-daughter, nature-walk, observation",
020bb6d5-45fe-4d88-99e6-9319751c0598,How a Bear Became a Book: The Collaboration That Created Winnie-the-Pooh,Annette Bay Pimentel,4,early-reader,nonfiction,read-side-by-side,"Before Winnie-the-Pooh was a book, he was a real bear at the London Zoo — and the collaboration between A.A. Milne and E.H. Shepard created one of the most beloved children's books in history.",active,True,https://m.media-amazon.com/images/I/912V+icdtBL._SL500_.jpg,2026,5-7,"A.A.-Milne, art-and-writing, collaboration, E.H.-Shepard, Winnie-the-Pooh",
1e6c0a94-6ab8-4cf4-b551-d35db3ee30f5,How Many Seeds in a Pumpkin?,Margaret McNamara,5,early-reader,picture-book,read-side-by-side,"Three pumpkins, three sizes. The smallest kid guesses the most seeds. He is right, and the reason is the math.",active,True,https://covers.openlibrary.org/b/isbn/9780375840142-L.jpg,2007,5-7,"botany, classroom, counting, estimation, math, pumpkins, skip-counting","math, science, social-emotional"
38172710-2447-45d0-860f-cadf6945ad61,How to Write a Poem,Kwame Alexander,4,early-reader,picture-book,read-side-by-side,Everything you need to write a poem is already around you — and this book shows you exactly where to look.,active,True,https://covers.openlibrary.org/b/id/13194974-L.jpg,2023,5-7,"creativity, language, observation, poetry, writing-craft",
cff4c227-257c-4f73-8825-5079a271e779,If You Made a Million,David M. Schwartz,5,early-reader,picture-book,read-side-by-side,"A magical mathematician shows kids what a million dollars actually looks like, and how a penny becomes one.",active,False,https://covers.openlibrary.org/b/isbn/9780688070182-L.jpg,1989,"5-7, 8-10","banking, economics, math, money, work","history, math, social-emotional"
14145661-8867-4553-b544-611760b58060,In the Desert,David Elliott,4,early-reader,picture-book,read-side-by-side,Poems and art pay tribute to the Sahara's abundant flora and fauna — a reminder that the world's largest desert is teeming with life.,active,True,https://covers.openlibrary.org/b/isbn/9781536249828-L.jpg,2025,5-7,"desert, fauna, flora, poems, Sahara",
5cfaf66f-6dd2-4aa5-a040-b7839ed3368e,In the Desert: Poems of the Sahara,David Elliott,4,early-reader,picture-book,read-side-by-side,Poems and art that prove the Sahara is teeming with life — and that a desert poem can be as precise as a field guide.,active,True,https://m.media-amazon.com/images/I/81NQ+d7Fm8L._SL500_.jpg,2025,5-7,"desert-ecology, fauna, flora, poems, Sahara",
41667289-65ac-4a0d-93ab-c32b157b5600,Island Storm,Brian Floca,4,early-reader,picture-book,read-side-by-side,A storm rolls in and two children explore their seaside town farther and farther from home — a picture book about weather science and the courage to go a little farther.,active,True,https://covers.openlibrary.org/b/isbn/9780823456475-L.jpg,2025,5-7,"coastal-town, courage, geography, storm, weather",
82c0a2ac-8c49-45a1-9adb-1e7e2fe7c0e0,Iveliz Explains It All,Andrea Beatriz Arango,5,independent,chapter-book,read-side-by-side,Iveliz has ADHD and a lot to explain — and her explanations in verse are funnier and sharper than anyone gives her credit for.,active,True,https://covers.openlibrary.org/b/id/12619950-L.jpg,2022,"5-7, 8-10","ADHD, family, neurodiversity, Puerto-Rican-American, school",
80852334-2007-4931-908e-5c9ef2a39a3b,Jumper: A Day in the Life of a Backyard Jumping Spider,Jessica Lanan,5,early-reader,nonfiction,read-side-by-side,"A jumping spider's day is a hunt, a leap, and a study in eight-eyed perception — and the illustrations are close enough to make you flinch.",active,True,https://m.media-amazon.com/images/I/91eHAbVdEeL._SL500_.jpg,2023,"5-7, 8-10","arachnids, habitat, jumping-spiders, observation, predation",science
c21c1a05-1ece-44c2-82c8-a9fefcac2796,Just in Case: Saving Seeds in the Svalbard Global Seed Vault,Megan Clendenan,5,early-reader,nonfiction,read-side-by-side,"Deep in an Arctic Norwegian mountain is a vault holding seeds from every food crop on Earth — a backup for civilization's food supply, built against the possibility that everything goes wrong.",active,True,https://m.media-amazon.com/images/I/81h1l7BBtyL._SL500_.jpg,2025,5-7,"biodiversity, climate, Norway, seed-vault, Svalbard",
43f2bcf6-b39d-49b6-a44c-e412b3d46def,Life after Whale,Lynn Brunelle,5,early-reader,nonfiction,read-side-by-side,"When a blue whale dies and sinks, her body becomes the richest real estate in the deep ocean — and the ecosystem that grows from it takes 100 years to complete.",active,True,https://covers.openlibrary.org/b/id/14637843-L.jpg,2024,"5-7, 8-10","decomposition, deep-sea, life-cycles, ocean-ecology, whale-fall",science
a87ce494-6264-494e-9861-a58e6dd3fd37,Little Bear,Else Holmelund Minarik,4,early-reader,early-reader,read-side-by-side,Little Bear wants to fly to the moon. His mother says he cannot. He tries anyway. She is waiting when he lands.,active,False,https://covers.openlibrary.org/b/isbn/9789681906221-L.jpg,1957,5-7,"birthday, imagination, moon, mother-child, seasons, wishes","language-arts, science, social-emotional"
e9f85bce-0ffa-4f8e-8403-df9600e8e66e,Little House in the Big Woods,Laura Ingalls Wilder,5,independent,chapter-book,read-side-by-side,A year in a Wisconsin log cabin in 1870 — and every detail of how pioneer families made everything they needed from scratch.,active,False,https://covers.openlibrary.org/b/id/28677-L.jpg,1932,"5-7, 8-10","food-preservation, pioneer-life, seasons, self-reliance, Wisconsin",
59d6dc24-da05-4440-a6ec-700b8376f0f0,Little Rebels,Yuyi Morales,4,early-reader,picture-book,read-side-by-side,"From the creator of Dreamers — a book about the rebels throughout history who changed the world, starting with the littlest ones.",active,True,https://covers.openlibrary.org/b/isbn/9780823447541-L.jpg,2025,5-7,"activism, children-changemakers, civil-rights, history, rebel",
3e3ebe0b-16b7-45bc-b233-6dd49c7eab1f,Mae and Gerty and the Matter with Matter,Elaine Vickers,4,early-reader,picture-book,read-side-by-side,Two sisters are as different as a solid and a gas — and their chemistry is the lesson.,active,True,https://covers.openlibrary.org/b/isbn/9781506485416-L.jpg,2023,5-7,"chemistry, science, sibling-bond, sisters, states-of-matter",
5c1d387e-e54f-4c06-8539-777384a1626a,Maizy Chen's Last Chance,Lisa Yee,4,independent,chapter-book,read-side-by-side,Maizy's family restaurant in a small California town holds a mystery — and uncovering it means understanding who her family really is.,active,True,https://covers.openlibrary.org/b/id/12614643-L.jpg,2022,"5-7, 8-10","Chinese-American, family-restaurant, identity, mystery, small-town",
2586df9d-d90d-475b-8e21-23c1656afec8,Mama Panya's Pancakes,Mary Chamberlin & Rich Chamberlin,4,early-reader,picture-book,read-side-by-side,Mama Panya has just enough flour for two pancakes. Her son Adamu invites the whole village. The math does not work. The community does.,active,True,https://covers.openlibrary.org/b/isbn/9781905236640-L.jpg,2005,5-7,"community, counting, Kenya, market, pancakes, sharing, Swahili","geography, math, social-emotional"
3c6bab30-5b44-49ee-ae89-c39c0d494a6a,Marie's Magic Eggs: How Marie Procai Kept the Ukrainian Art of Pysanky Alive,Sandra Neil Wallace,5,early-reader,nonfiction,read-side-by-side,Pysanky are Ukrainian Easter eggs decorated with precise geometric patterns — an ancient art form that a woman named Marie Procai brought to America and refused to let disappear.,active,True,https://m.media-amazon.com/images/I/91x+ABRKlRL._SL500_.jpg,2026,"5-7, 8-10","cultural-preservation, eggs, immigration, pysanky, Ukrainian-art",
ea9a1df0-a65d-4e86-b64e-9f0390c32f67,Mexikid,Pedro Martín,5,independent,graphic-novel,read-side-by-side,Pedro's family drives to Mexico to bring his grandfather back to the US — and the road trip is a full Mexican-American family history.,active,True,https://covers.openlibrary.org/b/id/14399136-L.jpg,2023,"5-7, 8-10","culture, family-road-trip, grandfather, immigration-history, Mexican-American-identity",
a97e9dcc-8605-411c-99b6-1422b1cd8d4b,Mimic Makers: Biomimicry Inventors Inspired by Nature,Kristen Nordstrom,5,independent,nonfiction,read-side-by-side,Velcro came from a cocklebur. Bullet trains came from a kingfisher's beak. And the next great invention might come from a gecko's foot.,active,True,https://covers.openlibrary.org/b/id/11981782-L.jpg,2023,"5-7, 8-10","biomimicry, design, engineering, invention, nature",science
a896d96e-4ccc-48bc-8e45-d8a8450e57d8,Moon Song,Michaela Goade,4,early-reader,picture-book,read-side-by-side,"The moon as seen from Tlingit and Haida tradition — lyrical, atmospheric, and steeped in the Pacific Northwest's living coastal culture.",active,True,https://covers.openlibrary.org/b/id/15130675-L.jpg,2025,5-7,"cultural-heritage, forest, Haida, moon, Tlingit, water",
a58a864c-dfa0-43c9-8461-f1240f655db0,Mr. Popper's Penguins,Richard and Florence Atwater,5,independent,chapter-book,read-side-by-side,"A house painter receives a live penguin from an Antarctic explorer — and twelve penguins later, the chaos becomes the solution.",active,False,https://covers.openlibrary.org/b/id/10487037-L.jpg,1938,"5-7, 8-10","animals, comedy, family, penguins, resourcefulness",
ed7ffd68-7cf7-40d6-9857-7810a53a1bd7,Mr. Revere and I,Robert Lawson,5,independent,chapter-book,read-side-by-side,Paul Revere's famous midnight ride — told entirely by his horse.,active,False,https://covers.openlibrary.org/b/id/189162-L.jpg,1953,"5-7, 8-10","American-Revolution, Boston, horses, humor, perspective",
702a637c-d97e-44e1-a6cf-059a3e0ccd43,Mrs. Piggle-Wiggle,Betty MacDonald,4,independent,chapter-book,read-side-by-side,Mrs. Piggle-Wiggle's cures for bad behavior are absurd and perfect — and the children always learn the lesson they needed.,active,False,https://covers.openlibrary.org/b/id/6807372-L.jpg,1947,5-7,"behavior, community, humor, parenting, problem-solving",
ece6e720-e899-4d16-8b34-8ee6dd6b2e12,My Father's Dragon,Ruth Stiles Gannett,4,independent,chapter-book,read-side-by-side,A boy rescues a baby dragon from Wild Island using a knapsack full of ordinary objects — and the packing list is half the lesson.,active,False,https://covers.openlibrary.org/b/id/255052-L.jpg,1948,5-7,"adventure, animals, fantasy, imagination, problem-solving",
6fa2ff94-4a46-487f-b5be-742708342e74,My Presentation Today Is About the Anaconda,Bibi Dumon Tak,4,independent,picture-book,read-side-by-side,A cleaner fish gives a presentation about sharks. A white rhino presents on the shoebill stork. An earthworm delivers the definitive report on anacondas. Animal class reports — scientifically accurate and completely hilarious.,active,True,https://covers.openlibrary.org/b/isbn/9781646145102-L.jpg,2025,5-7,"animals, class-reports, ecology, food-chains, humor",science
83414db6-1d55-4ee9-975e-2c4585c6f8b2,My Side of the Mountain,Jean Craighead George,5,independent,chapter-book,read-side-by-side,A twelve-year-old runs away to the Catskill Mountains and survives an entire year alone — and every technique is real and accurate.,active,False,https://covers.openlibrary.org/b/id/108669-L.jpg,1959,"5-7, 8-10","ecology, New-York-Catskills, self-reliance, survival, wilderness",
373d6813-bed4-4458-9fda-3c8566a6a6ff,My Strange Shrinking Parents,Zeno Sworder,5,early-reader,picture-book,read-together,A child's parents immigrate and work so hard they seem to physically shrink — and the visual metaphor is one of the most honest things picture books have ever done.,active,True,https://covers.openlibrary.org/b/id/13204941-L.jpg,2023,5-7,"family-labor, growing-up, immigration, love, sacrifice",
d63988e0-b0a0-4caa-8f9a-0d99578a4a53,Napesni/Renegade: The Story of a Wild Bison,Marcie R. Rendon,4,early-reader,nonfiction,read-side-by-side,"Napesni is a wild bison — captured on the Cheyenne River Reservation and relocated to Minnesota, in the latest chapter of a 200-year story of bison nearly going extinct and slowly coming back.",active,True,,2025,5-7,"bison, Cheyenne-River, conservation, indigenous, relocation",
fdf9f565-4fae-4ca3-82dc-bc0ec27930d8,Never Give Up: Dr. Katalin Karikó and the Race to the COVID-19 Vaccine,Debbie Dadey,5,early-reader,nonfiction,read-side-by-side,Dr. Katalin Karikó was told for 40 years that mRNA vaccines were a dead end — and she kept working anyway.,active,True,https://m.media-amazon.com/images/I/916-eZRdIiL._SL500_.jpg,2024,5-7,"immunology, mRNA, Nobel-Prize, persistence, vaccines",science
701d5fd5-4d3a-4718-bf41-0d41f82eee70,Night Chef,Mika Song,3,independent,graphic-novel,read-side-by-side,A raccoon who secretly lives inside a fine French restaurant has one dream: becoming a chef. And his path is entirely his own.,active,True,https://covers.openlibrary.org/b/isbn/9780593303153-L.jpg,2025,"5-7, 8-10","cooking, French-restaurant, friendship, outsider, raccoon",social-emotional
35432dc8-06a8-4787-ae3c-334411f91d2e,NOA,Aaron Becker,5,pre-reader,picture-book,read-side-by-side,A robot becomes the guardian of the last animals in a flooded world — and builds an ark with nothing but care and precision.,active,True,,2024,"5-7, 8-10","ark, climate-change, conservation, endangered-animals, robots",
93d7dbb7-66d2-45a5-bd9c-49fb1cc201a5,Octopus Ocean: Geniuses of the Deep,Mark Leiren-Young,5,independent,nonfiction,read-side-by-side,"Octopuses have three hearts, blue blood, and nine brains — one central and one in each arm. And their intelligence, once controversial, is now accepted as one of the great puzzles of animal cognition.",active,True,https://covers.openlibrary.org/b/isbn/9781459838970-L.jpg,2025,"5-7, 8-10","camouflage, intelligence, nervous-system, ocean, octopus",science
e9ff6801-04b5-4fcd-95a0-5aac18f98586,Ode to Grapefruit: How James Earl Jones Found His Voice,Kari Lavelle,5,early-reader,nonfiction,read-side-by-side,James Earl Jones grew up with a stutter so severe he didn't speak aloud for years — and poetry gave him back his voice.,active,True,https://covers.openlibrary.org/b/id/14642652-L.jpg,2025,5-7,"James-Earl-Jones, perseverance, poetry, stuttering, voice",
559451d4-05cc-4bc7-8d8c-e9ee0c911270,Old Blue Is My Home,Lita Judge,3,early-reader,picture-book,read-together,A child's home is an old blue van — and the story of wanting to belong to a more conventional world is told with iridescent watercolor and absolute love.,active,True,https://covers.openlibrary.org/b/isbn/9781419771521-L.jpg,2025,5-7,"belonging, childhood, home, housing-insecurity, van",social-emotional
8afd68f7-9ff5-4ee3-aa94-11fccfaa97e8,One Day a Mayfly,Shirley Marr,4,early-reader,picture-book,read-side-by-side,"A mayfly has exactly one day to live — and she seizes it completely, flying over a lake and the city around it.",active,True,https://covers.openlibrary.org/b/isbn/9781536249422-L.jpg,2025,5-7,"biology, lake, life-cycle, mayfly, one-day",
3f03eaeb-cf10-4d80-9e50-69376b0eb293,One Day at the Bottom of the Deep Blue Sea,Daniel Bernstrom,4,early-reader,picture-book,read-together,A girl outsmarts a hungry shark in the deep sea — and the book is both a rollicking adventure and a precise inventory of the deep ocean's extraordinary creatures.,active,True,https://covers.openlibrary.org/b/isbn/9781662640827-L.jpg,2025,5-7,"adventure, deep-sea, girl, ocean, shark",science
3d8d04a8-c995-42af-872b-af90aa17834f,One Grain of Rice,Demi,5,early-reader,picture-book,read-side-by-side,"A clever girl asks a greedy raja for one grain of rice, doubled each day for thirty days.",active,True,https://covers.openlibrary.org/b/isbn/9780590939997-L.jpg,1997,"5-7, 8-10","exponential-growth, fairness, folktales, India, math","geography, history, math, social-emotional"
7202ae61-a957-488d-baa2-f858ecbdeb5e,Ox-Cart Man,Donald Hall,5,early-reader,picture-book,read-side-by-side,"A New England farmer sells everything his family made all year, including the cart and the ox, and walks home to start over.",active,False,https://covers.openlibrary.org/b/isbn/9780862030766-L.jpg,1979,"5-7, 8-10","early-America, economics, farm-life, production-cycle, seasons","geography, history, math, science"
6bd180f9-7b83-49c4-9bda-6da64f1e5fdd,Planting the Wild Garden,Kathryn O. Galbraith,4,early-reader,picture-book,read-side-by-side,"Who plants the flowers that nobody planted? The wind, the river, the birds, the bears, and you.",active,True,https://covers.openlibrary.org/b/isbn/9781561457915-L.jpg,2011,5-7,"animals, botany, planting, seasons, seed-dispersal, water, wind","language-arts, science"
132926d5-66d5-43b6-9802-01a5f532e910,Pony,R.J. Palacio,4,independent,chapter-book,read-side-by-side,A boy follows strangers into the frontier wilderness to rescue his father — and a ghostly white pony shows him the way.,active,True,https://covers.openlibrary.org/b/id/11753672-L.jpg,2022,"5-7, 8-10","1860s-Ohio, courage, father-son, frontier-West, horses",
6fffd317-5286-4831-83c1-98bb3169ea41,Popcorn,Rob Harrell,3,independent,chapter-book,read-and-discuss,"A family dog named Popcorn narrates his life — and his version of reality is so joyfully, absolutely, precisely dog-brained that it changes how you see every moment.",active,True,https://covers.openlibrary.org/b/id/14814627-L.jpg,2025,"5-7, 8-10","animal-connection, dog, friendship, joy, perspective",social-emotional
50d9c57d-0e83-475e-bc84-657c461498eb,Ramona Quimby Age 8,Beverly Cleary,5,independent,chapter-book,read-side-by-side,"Third-grade Ramona navigates the humiliation of throwing up at school, her father's job loss, and a raw egg in her hair — and grows up without noticing.",active,False,https://covers.openlibrary.org/b/id/15064600-L.jpg,1981,"5-7, 8-10","economics, family, Oregon, school, self-discovery",
51497abd-9e63-46b5-a45c-8e1cd0f4f085,Ramona the Pest,Beverly Cleary,5,independent,chapter-book,read-side-by-side,Ramona starts kindergarten and immediately becomes the most complicated child in the class — through no fault of her own.,active,False,https://covers.openlibrary.org/b/id/12859373-L.jpg,1968,5-7,"family, humor, Oregon, personality, school","language-arts, social-emotional"
b38be417-362b-4101-95db-f6f91732825d,"Revolutionary Mary: The True Story of One Woman, the Declaration of Independence, and America's Fight for Freedom",Karen Blumenthal and Jen McCartney,4,early-reader,nonfiction,read-side-by-side,Mary Katharine Goddard was the only woman whose name was printed on the Declaration of Independence — and almost nobody knows it.,active,True,https://covers.openlibrary.org/b/isbn/9781626723115-L.jpg,2025,"5-7, 8-10","Declaration-of-Independence, Mary-Katharine-Goddard, printing, Revolutionary-War, women-in-history",history
0ebe6185-20ba-4934-b206-14a17be92d15,Rumpelstiltskin,Mac Barnett,4,early-reader,picture-book,read-side-by-side,The classic fairy tale retold by Mac Barnett with his trademark sly wit — and Carson Ellis's illustrations evoking medieval tapestries make it genuinely feel like something pulled from centuries ago.,active,True,https://m.media-amazon.com/images/I/91Ej7-bVV7L._SL500_.jpg,2026,5-7,"deals, fairy-tale, folklore, Germany, spinning",
bd8424be-a34e-48be-8c9a-d218fd5ab4bd,Ruthie Rose's Big Idea: A Poetry Story,John Schu,3,early-reader,picture-book,read-together,A girl has a big idea she's afraid to share — and she discovers that sharing is how ideas grow.,active,True,https://m.media-amazon.com/images/I/91jafBQOtXL._SL500_.jpg,2025,5-7,"creativity, ideas, poetry, school, sharing",
efaed6ec-9a0a-4fee-9413-8e137ffae9e7,Sakina and the Uninvited Guests,Zahra Marwan,4,early-reader,picture-book,read-side-by-side,A girl visits a museum with her mother and discovers that art connects her to history and to herself in ways she didn't expect — including some 'uninvited guests' from the past.,active,True,https://covers.openlibrary.org/b/isbn/9781547613427-L.jpg,2025,5-7,"art, belonging, family, history, museum",
fb8514c6-dd24-4491-a3fe-c6efba4687d4,"Santiago Saw Things Differently: Santiago Ramón y Cajal, Scientific Artist",Christine Iverson,5,early-reader,nonfiction,read-side-by-side,"A boy who loved to draw got in trouble for his drawings his whole life — until he started drawing neurons, and the drawings changed how humans understand the brain.",active,True,https://m.media-amazon.com/images/I/81yBO4PIDhL._SL500_.jpg,2023,5-7,"art-and-science, brain, drawings, neuroscience, Spain",
d5f74373-af6a-44be-bf10-35bd82e6feb0,Sashimi: A Graphic Novel,Dan Santat,3,independent,graphic-novel,read-side-by-side,"Sashimi has the body of a boy and the head of a fish, and his first day at elementary school is both a mystery and a catastrophe — and he is trying to find a sea monster and also himself.",active,True,https://m.media-amazon.com/images/I/81wmypVA6QL._SL500_.jpg,2026,"5-7, 8-10","belonging, fish-boy, identity, mystery, school",social-emotional
4bce4c59-7edb-459f-be92-0a6b7e10aedf,Savvy,Ingrid Law,4,independent,chapter-book,read-side-by-side,On Mibs Beaumont's thirteenth birthday she gets a savvy — a magical power — and sets off across Kansas on a bus to save her father.,active,True,https://covers.openlibrary.org/b/id/6803159-L.jpg,2008,"5-7, 8-10","family, identity, Kansas, magical-realism, road-trip",
c3c1d469-8f19-4fe2-849b-d2086a5e32e8,Sea in My Cells,Laura Alary,4,early-reader,picture-book,read-side-by-side,Water travels from the sea to your glass to your cells — and the journey is a story of how life on Earth began and continues.,active,True,https://m.media-amazon.com/images/I/81OrbS2wEzL._SL500_.jpg,2025,5-7,"biology, cells, evolution, ocean, water",science
84fa5cfc-c073-4b4c-9bb5-b31dcb2c513c,Seeds of Change,Jen Cullerton Johnson,5,early-reader,picture-book,read-side-by-side,Wangari Maathai studied biology in America. She brought the science home to Kenya. The trees were the proof.,active,True,https://covers.openlibrary.org/b/isbn/9781600603679-L.jpg,2010,"5-7, 8-10","deforestation, Green-Belt-Movement, Kenya, science-education, Wangari-Maathai, women-in-science","geography, history, science, social-emotional"
6a9eeb44-5953-43fc-a54b-7467a3401e5b,Seeds of Discovery: How Barbara McClintock Used Corn and Curiosity to Solve a Science Mystery and Win a Nobel Prize,Lori Alexander,5,independent,nonfiction,read-and-discuss,Barbara McClintock spent 30 years studying the genetics of corn plants — and was laughed at for decades before her discovery of jumping genes won the Nobel Prize.,active,True,https://covers.openlibrary.org/b/isbn/9780063245990-L.jpg,2025,"5-7, 8-10","Barbara-McClintock, corn, genetics, Nobel-Prize, women-in-science",science
8dbf5c30-09c9-4830-81c1-7017eb49e688,"Seen and Unseen: What Dorothea Lange, Toyo Miyatake, and Ansel Adams's Photographs Reveal About the Japanese American Incarceration",Elizabeth Partridge,5,independent,nonfiction,read-and-discuss,Three photographers documented the same incarceration camps — and their photographs reveal how the same truth looks completely different depending on who is holding the camera.,active,True,https://covers.openlibrary.org/b/id/13194412-L.jpg,2022,"5-7, 8-10","civil-liberties, documentary, Japanese-American-incarceration, photography, WWII",
e2c73b81-552f-4cb2-b171-aba8200cea73,Seven Skies All at Once,Ted Kooser,4,early-reader,picture-book,read-side-by-side,"Seven poems for seven different skies — and the art captures every mood of the sky before, during, and after a rainstorm.",active,True,https://covers.openlibrary.org/b/id/15104396-L.jpg,2025,5-7,"mood, poems, sky, storm, weather",
a717fa07-f68a-436e-910c-d7a078c7d8aa,Shining Star: Vera Rubin Discovers Dark Matter,Suzanne Slade,5,early-reader,nonfiction,read-side-by-side,Vera Rubin discovered that most of the universe is invisible — and she was ignored for years before anyone believed her.,active,True,https://covers.openlibrary.org/b/isbn/9781635926019-L.jpg,2023,5-7,"astronomy, dark-matter, discovery, observation, women-in-science",science
65aa12d0-d4aa-4ad1-9ce7-1d17ac1304dd,Sideways Stories from Wayside School,Louis Sachar,4,independent,chapter-book,read-side-by-side,"Wayside School was built sideways by accident — thirty floors, one classroom each — and every story is its own perfectly calibrated absurdity.",active,False,https://covers.openlibrary.org/b/id/6746131-L.jpg,1978,5-7,"absurdist, community, humor, imagination, school",
f4ee2fbb-9008-4c08-a882-986736b76901,Six Dots: A Story of Young Louis Braille,Jen Bryant,5,early-reader,picture-book,read-side-by-side,A blind boy in 19th-century France invented a language you can read with your fingers. He was fifteen.,active,True,https://covers.openlibrary.org/b/isbn/9780449813379-L.jpg,2016,"5-7, 8-10","biography, blindness, Braille, code-systems, disability, France, invention","history, language-arts, science"
da5b14b2-cede-4fac-9f15-f909f0c9bcd9,Stalactite and Stalagmite: A Big Tale From a Little Cave,Drew Beckmeyer,5,early-reader,picture-book,read-side-by-side,Two tiny cave formations witness the entire history of the world — from the dinosaurs to right now — and can't quite agree on what it means.,active,True,https://covers.openlibrary.org/b/isbn/9781665926645-L.jpg,2025,5-7,"cave-formations, earth-history, geology, humor, time",
2c9db5d8-fe20-4e87-8add-6cb4c56b701f,Still Life,Alex London,5,early-reader,picture-book,read-side-by-side,"A painter explains the total predictability of still life — while his painting comes spectacularly, hilariously alive behind him.",active,True,https://covers.openlibrary.org/b/id/14810230-L.jpg,2024,5-7,"art, chaos, humor, meta-fiction, still-life-painting",
c74b07be-1021-45cd-94f3-454d568b3da1,Stone Soup,Jon J Muth,4,early-reader,picture-book,read-side-by-side,"Three monks arrive in a village where nobody shares. They make soup from a stone. Somehow, everyone eats.",active,True,https://covers.openlibrary.org/b/isbn/9780545353946-L.jpg,2003,5-7,"Chinese-setting, community, cooking, folk-tale, generosity, sharing, trust","geography, language-arts, social-emotional"
eb66ab88-d998-4ff7-9de4-902c1e841a38,Stuart Little,E.B. White,5,independent,chapter-book,read-side-by-side,A mouse-child born to a human family sets out across New York to find the bird he loves — and the journey matters more than arriving.,active,False,https://covers.openlibrary.org/b/id/10522876-L.jpg,1945,"5-7, 8-10","adventure, belonging, identity, New-York-City, resourcefulness",
3932edb2-aea6-455d-be7b-d13100d9cae3,Sundust,Zeke Peña,4,early-reader,picture-book,read-together,"A breathtaking visual journey through the desert where the sun shapes everything it touches — landscape, color, shadow, and life.",active,True,https://covers.openlibrary.org/b/isbn/9780593700112-L.jpg,2025,5-7,"adventure, desert, landscape, Southwest, sun",
fbbd7850-73da-4b53-9c22-46b928ce02d1,Swirl by Swirl: Spirals in Nature,Joyce Sidman,5,early-reader,picture-book,read-side-by-side,"Spirals hold shells together, unwind fern fronds, shape galaxies, and curl your ear.",active,True,https://covers.openlibrary.org/b/isbn/9780547315836-L.jpg,2011,5-7,"design, math-in-nature, nature, patterns, spirals","art, math, science"
4b5f2b74-6606-4d42-a618-4ac1db4dd43f,Tanning the Hide,Karina Iceberg,4,early-reader,picture-book,read-side-by-side,An Aleut-Alutiiq community gathers to tan a large hide by hand — and the step-by-step process reveals both the chemistry of traditional materials and the social architecture of collective work.,active,True,,2026,5-7,"Aleut, Alutiiq, community, hide-tanning, traditional-craft",
147b0b62-b2cd-4830-9627-c32039aed9d9,The Astronaut Who Painted the Moon,Dean Robbins,5,early-reader,picture-book,read-side-by-side,Alan Bean walked on the moon. Then he spent the rest of his life painting what he saw there because no photograph could capture it.,active,True,https://covers.openlibrary.org/b/isbn/9781338259537-L.jpg,2019,"5-7, 8-10","Alan-Bean, Apollo-12, art, moon, painting, science-art-intersection, space","art, history, science"
2093f602-f7f1-4953-ac34-f8ff61299852,The Book of Turtles,Sy Montgomery,5,independent,nonfiction,read-side-by-side,Turtles are 220 million years old and have survived five mass extinctions — and the science of how they do it is more astonishing than the number.,active,True,https://m.media-amazon.com/images/I/91xPtVt++DL._SL500_.jpg,2023,"5-7, 8-10","biology, conservation, evolution, reptiles, turtles",science
f8c2e905-6943-4358-ad88-cfce286fb793,The Bug Girl,Benjamin Harper & Sarah Glenn Marsh,5,early-reader,picture-book,read-side-by-side,Sophia loved bugs. The other kids thought that was weird. Then an entomologist wrote back.,active,True,https://covers.openlibrary.org/b/isbn/9780525645931-L.jpg,2020,"5-7, 8-10","bullying, entomology, insects, passion, Sophia-Spencer, women-in-science","science, social-emotional"
d95072da-e349-4f02-bb8c-4f074646ae5f,The Camel Library: A True Story from Pakistan,Marzieh Abbas,5,early-reader,nonfiction,read-side-by-side,"In rural Pakistan, a camel carries a library from village to village — and the camel librarian has been bringing books to children who have no other access to them for years.",active,True,https://m.media-amazon.com/images/I/81Gd+Coxq5L._SL500_.jpg,2025,5-7,"camel, library, literacy, Pakistan, rural-education",
d1151e1a-5f32-417d-9b2a-61507575c597,The Cecilia Payne Story: Reaching for the Stars,Laura Alary,5,early-reader,nonfiction,read-side-by-side,"Cecilia Payne discovered that stars are made mostly of hydrogen — and when she published her findings, the male scientist who reviewed her work told her she was wrong. He later admitted she was right and published it as his own discovery.",active,True,,2026,"5-7, 8-10","astronomy, astrophysics, Cecilia-Payne, stars, women-in-science",science
1e8c9021-9258-4612-a5d9-222682cdcbe3,The Clock,Pam Fong,4,early-reader,picture-book,read-side-by-side,The beloved clock of the Gare d'Orsay train station in Paris was lost for decades — until the station became the Musée d'Orsay and the clock was restored to its former glory.,active,True,https://m.media-amazon.com/images/I/916zxGD9lyL._SL500_.jpg,2025,5-7,"art-history, clock, Orsay, Paris, restoration",
b05ba6b0-0128-43bd-8021-bbf22bf7262c,The Cricket in Times Square,George Selden,5,independent,chapter-book,read-side-by-side,A Connecticut cricket ends up in the Times Square subway station and discovers he can play music perfectly from memory — a gift that saves a family's newsstand.,active,False,https://covers.openlibrary.org/b/id/11612326-L.jpg,1960,"5-7, 8-10","crickets, friendship, insects, music, New-York-City",
4f11b53c-6250-47bf-80ca-8778c3c644c4,The Darkest Dark,Chris Hadfield,5,early-reader,picture-book,read-side-by-side,Chris Hadfield was afraid of the dark. Then he watched the moon landing and realized that space is the darkest dark there is.,active,True,https://covers.openlibrary.org/b/isbn/9782372730358-L.jpg,2016,5-7,"Apollo-11, astronauts, courage, fear-of-dark, moon-landing, space","history, science, social-emotional"
9ad06389-431f-4d26-b414-3f4c7e887032,The Day the Books Disappeared,Joanna Ho,3,early-reader,picture-book,read-together,"Arnold loves his book so much he wishes all other books would disappear — and when they do, he learns exactly what he's lost.",active,True,https://m.media-amazon.com/images/I/81ihaavYoML._SL500_.jpg,2025,5-7,"books, censorship, imagination, library, reading",
5176c3ad-1256-44ec-98db-5a05f7a1a9c9,The Doomsday Detectives: How Walter and Luis Alvarez Solved the Mystery of Dinosaur Extinction,Cindy Jenson-Elliott,5,independent,nonfiction,read-and-discuss,"For decades scientists argued about what killed the dinosaurs — until a father-son team found a thin layer of iridium at the exact point in the geological record where dinosaurs disappeared, and proved an asteroid did it.",active,True,https://covers.openlibrary.org/b/id/15164835-L.jpg,2025,"5-7, 8-10","Alvarez, asteroid, dinosaur-extinction, geology, Nobel-Prize",science
10d5d8c1-b00a-41e6-b9c8-415819b1ab76,The Dot,Peter H. Reynolds,4,early-reader,picture-book,read-side-by-side,"A girl who says she cannot draw makes one angry dot on a blank page, and her teacher frames it.",active,True,https://covers.openlibrary.org/b/isbn/9780545303033-L.jpg,2003,5-7,"art, confidence, creativity, starting, teacher-impact","art, language-arts, social-emotional"
616acf9b-6cda-49ec-a43b-7f704e5a93f0,The Dream Builder's Blueprint: Dr. King's Message to Young People,Alice Faye Duncan,5,early-reader,nonfiction,read-and-discuss,An erasure poem built from Dr. King's 1967 speech to teenagers at a Philadelphia school — finding the message to young people that has been inside his words all along.,active,True,https://m.media-amazon.com/images/I/81lOYFCD6RL._SL500_.jpg,2026,5-7,"civil-rights, dreams, Martin-Luther-King, nonviolence, speech",
71aacee5-d8a6-47ae-a69f-dc7cf0afe970,The Fabulous Fannie Farmer: The Woman Who Changed the Way America Cooks,Emma Bland Smith,4,early-reader,nonfiction,read-side-by-side,"Fannie Farmer invented standardized measurements — before her, a pinch was a pinch and nobody's baking came out the same way twice.",active,True,https://m.media-amazon.com/images/I/91O8RWoVfHL._SL500_.jpg,2024,5-7,"Boston, cooking, Fannie-Farmer, measurement, women-in-history",
e6035f6d-fe19-4018-a253-97e023950147,The Fantastic Undersea Life of Jacques Cousteau,Dan Yaccarino,5,early-reader,picture-book,read-side-by-side,A sickly French boy who could barely swim invented the technology that let humans breathe underwater.,active,True,https://covers.openlibrary.org/b/isbn/9780375855733-L.jpg,2009,5-7,"conservation, exploration, France, invention, oceans","art, geography, history, science"
b8f858b3-dc9e-4559-88ff-a71c1a24a52f,The Five Sides of Marjorie Rice: How an Amateur Mathematician Discovered New Shapes,Amy Alznauer,5,independent,nonfiction,read-side-by-side,Marjorie Rice was a homemaker with no formal mathematical training who discovered four new types of pentagon tessellation that professional mathematicians had missed.,active,True,https://m.media-amazon.com/images/I/91S2OngvkrL._SL500_.jpg,2025,"5-7, 8-10","amateur-science, geometry, mathematics, pentagon, tessellations",
e51b27a0-3ab6-4a9a-adeb-3419d475c92e,The Friendship Train: A True Story of Helping and Healing After World War II,Debbie Levy,5,early-reader,nonfiction,read-side-by-side,"In 1947, Americans loaded a train with 700 boxcars of food and sent it to starving families in France and Italy — and the French sent a Friendship Train back, full of gifts and gratitude.",active,True,https://m.media-amazon.com/images/I/A1-5Wg5KzuL._SL500_.jpg,2025,5-7,"France, generosity, humanitarian-aid, train, WWII-aftermath",history
9b82155c-7913-4822-85d2-d86bf59254ee,The Girl Who Thought in Pictures,Julia Finley Mosca,5,early-reader,picture-book,read-side-by-side,Temple Grandin thinks in pictures. The doctors said it was a disability. The cows said it was exactly what they needed.,active,True,https://covers.openlibrary.org/b/isbn/9781338298277-L.jpg,2017,"5-7, 8-10","animals, autism, engineering, livestock, neurodivergence, Temple-Grandin, visual-thinking","history, science, social-emotional"
1bf8f9d6-ec31-4a51-b64f-7ca3dd8ef50a,The Good Egg,Jory John,4,early-reader,picture-book,read-side-by-side,He was a good egg. He was such a good egg that he cracked.,active,True,https://covers.openlibrary.org/b/isbn/9780062866004-L.jpg,2019,5-7,"boundaries, burnout, emotional-regulation, helping, perfectionism, self-care","science, social-emotional"
29f0f6a1-50a4-4922-80f3-294584b2b302,The Great Brain,John D. Fitzgerald,4,independent,chapter-book,read-side-by-side,Tom Fitzgerald's brain is so great he can figure out how to make money from anything — and his schemes are the education of an entire Utah mining town in 1896.,active,False,https://covers.openlibrary.org/b/id/6507023-L.jpg,1967,"5-7, 8-10","1890s, cleverness, entrepreneurship, family, Utah",
f39b3106-fb3e-489b-90f7-e610081fcc52,The Great Kapok Tree,Lynne Cherry,5,early-reader,picture-book,read-side-by-side,"A man enters the rainforest to chop down a tree. While he sleeps, every creature in the canopy makes its case.",active,True,https://covers.openlibrary.org/b/isbn/9780152026141-L.jpg,1990,"5-7, 8-10","Amazon-rainforest, animal-perspectives, biodiversity, deforestation, ecosystem-layers, persuasion","geography, language-arts, science, social-emotional"
a67ffa2a-5ddb-43ef-95ee-702572c3a7a3,The Great Lakes: Our Freshwater Treasure,Barb Rosenstock,5,early-reader,nonfiction,read-side-by-side,"The Great Lakes hold 21% of the world's surface fresh water — and this book takes readers through their geological formation 10,000 years ago to the Anishinaabe nations who lived there first to the conservation crises of today.",active,True,https://m.media-amazon.com/images/I/813KRXN-FyL._SL500_.jpg,2025,5-7,"Anishinaabe, conservation, ecology, freshwater, Great-Lakes",
3ed5cb33-d727-4358-a28e-59f861a4ccfb,The History of We,Nikkolas Smith,5,early-reader,picture-book,read-and-discuss,"Human history began on the African continent — and this book pays tribute to the innovations of human cultures from the very beginning, with spellbinding verse and startlingly intimate paintings.",active,True,https://m.media-amazon.com/images/I/91pMHXmwl9L._SL500_.jpg,2025,5-7,"African-history, Black-history, cave-paintings, human-origins, innovation",
d82370df-abda-4756-ba5b-fc636779146d,"The Iguanodon's Horn: How Two Centuries of Mystery, Mistakes, and Fossil Fixes Changed the Way We Look at Dinosaurs",Sean Rubin,5,early-reader,nonfiction,read-side-by-side,Scientists put the Iguanodon's horn on its nose for 130 years — and every correction reveals something true about how science actually works.,active,True,https://m.media-amazon.com/images/I/91ex60I9yFL._SL500_.jpg,2024,"5-7, 8-10","error-correction, fossils, Iguanodon, paleontology, science-process",science
33335f36-1a1d-458f-997e-ef9e5e2c4902,The Invisible Parade,Leigh Bardugo and John Picacio,3,early-reader,picture-book,read-together,"Every year, an invisible parade walks alongside the Mardi Gras parade in New Orleans — made of everyone who came before.",active,True,https://m.media-amazon.com/images/I/A1kn3JnGvsL._SL500_.jpg,2025,5-7,"celebration, community, Mardi-Gras, New-Orleans, parade",
f7aebc9f-6d92-4da4-9de8-610f8423081b,The Iridescence of Birds,Patricia MacLachlan,5,early-reader,picture-book,read-side-by-side,"Before Henri Matisse was Matisse, he was a boy who watched pigeons and saw every color the world was hiding.",active,True,https://covers.openlibrary.org/b/isbn/9781596439481-L.jpg,2014,5-7,"art-origins, birds, childhood, color, France, Matisse, observation","art, history, science"
4b583c71-917b-4d6e-a693-f37ea19f85e4,The Last Mapmaker,Christina Soontornvat,5,independent,chapter-book,read-and-discuss,An apprentice to the kingdom's mapmaker joins a sea voyage and discovers that the maps — and the mapmaker — have been lying.,active,True,https://covers.openlibrary.org/b/id/12716142-L.jpg,2022,"5-7, 8-10","class, identity, mapmaking, sea-voyage, Southeast-Asia-inspired",
96ef15a2-8de8-41d9-8dcb-bdea5c51d673,The Last Stand,Antwan Eady,4,early-reader,picture-book,read-and-discuss,A family's Black-owned grocery store is making its last stand against a big chain moving in — and the store holds 100 years of community history in its shelves.,active,True,https://m.media-amazon.com/images/I/81NdgKI31eL._SL500_.jpg,2025,5-7,"Black-owned-business, community, family, grocery, history",
1ae3aa56-373d-4ff4-ae95-37b15b2c7963,The Lemonade War,Jacqueline Davies,5,independent,chapter-book,read-side-by-side,Brother and sister run competing lemonade stands the week before school starts — and the competition is also a real economics textbook.,active,True,https://covers.openlibrary.org/b/id/15089399-L.jpg,2007,"5-7, 8-10","competition, economics, math, siblings, summer",
2f5f79d2-37cc-4e37-99a6-faf11d44d7a2,The Library in the Woods,R. Gregory Christie,3,early-reader,picture-book,read-and-discuss,"Deep in the woods where there was no library, a Black community built one — and every book in it was a declaration.",active,True,https://covers.openlibrary.org/b/id/12707846-L.jpg,2025,5-7,"access, Black-history, books, community, libraries",
9f92c599-c5e1-4f13-897c-32e6d87c1dc4,The Marvellers,Dhonielle Clayton,4,independent,chapter-book,read-side-by-side,Ella Durand is the first conjurer to attend the Arcanum Training Institute — and the school has never been ready for her.,active,True,https://covers.openlibrary.org/b/isbn/9781637997628-L.jpg,2022,"5-7, 8-10","belonging, Conjure, friendship, magic-school, prejudice",
b90ce443-978b-4bb8-aebb-915dc877be54,The Moffats,Eleanor Estes,4,independent,chapter-book,read-side-by-side,The Moffat children live through a year in Connecticut during WWI — and their family's financial struggle becomes a comedy of survival.,active,False,https://covers.openlibrary.org/b/id/113455-L.jpg,1941,5-7,"Connecticut, family, humor, seasons, WWI-era",
136580be-f8f4-4eec-a195-e71b9ca2f2a0,The Most Magnificent Thing,Ashley Spires,5,early-reader,picture-book,read-side-by-side,She knows exactly what she wants to make. She just cannot make it. Yet.,active,True,https://covers.openlibrary.org/b/isbn/9781554537044-L.jpg,2014,5-7,"design-process, emotional-regulation, engineering, frustration, invention, iteration","art, science, social-emotional"
fbeac55d-117f-41f9-a184-3379bb6b3e5d,The Most Magnificent Thing,Ashley Spires,4,early-reader,picture-book,read-side-by-side,A girl knows exactly what she wants to build. She just cannot get her hands to agree with her brain.,active,True,https://covers.openlibrary.org/b/isbn/9781554537044-L.jpg,2014,5-7,"design-process, engineering, frustration, invention, persistence","art, science, social-emotional"
8b1eb658-0636-439f-8671-01ec44e019b0,The Name Jar,Yangsook Choi,4,early-reader,picture-book,read-side-by-side,A Korean girl arrives at a new school. Her classmates cannot say her name. She considers picking a new one.,active,True,https://covers.openlibrary.org/b/isbn/9781439555392-L.jpg,2001,5-7,"belonging, classroom-dynamics, immigration, Korea, language, names","geography, language-arts, social-emotional"
8c8af4c0-4610-4402-9e7a-ce2ec930d15f,The Name Jar,Yangsook Choi,4,early-reader,picture-book,read-side-by-side,"A Korean girl's classmates fill a jar with American names for her to choose from, and she has to decide who she wants to be.",active,True,https://covers.openlibrary.org/b/isbn/9781439555392-L.jpg,2001,5-7,"belonging, identity, immigration, Korea, names","geography, history, language-arts, social-emotional"
1ca9506a-27de-44c1-87e3-20694c246137,The Nine Moons of Han Yu and Luli,Karina Yan Glaser,4,independent,chapter-book,read-side-by-side,Two Chinese American sisters discover they are connected to nine moons from Chinese mythology — and the science and the story are equally beautiful.,active,True,https://m.media-amazon.com/images/I/81VBzNovcjL._SL500_.jpg,2025,"5-7, 8-10","Chinese-mythology, identity, magic, moon, siblings",
82349b5f-824f-4da9-acd9-633e4c85707f,The One and Only Ruby,Katherine Applegate,4,independent,chapter-book,read-and-discuss,Ruby the elephant is six years old and still figuring out who she is — and the animal sanctuary has more to teach her than the humans realize.,active,True,https://covers.openlibrary.org/b/isbn/9781637997680-L.jpg,2023,"5-7, 8-10","belonging, elephants, family, memory, sanctuary",
d88a55cb-2abe-467d-b373-63da0415438a,The Outermost Mouse,Lauren Wolk,3,early-reader,picture-book,read-together,"A tiny mouse on Cape Cod has to face down an incoming storm to protect her home — and the storm is large and she is small, which is the whole story.",active,True,https://m.media-amazon.com/images/I/A1y2Yy-WLXL._SL500_.jpg,2026,5-7,"Cape-Cod, courage, home, mouse, storm",
3d726590-8045-4247-8e6a-3e856186450a,The Penderwicks on Gardam Street,Jeanne Birdsall,5,independent,chapter-book,read-side-by-side,The sisters return home and discover their father might start dating — and launch a campaign to stop it that backfires in every possible direction.,active,True,https://covers.openlibrary.org/b/id/6936834-L.jpg,2008,"5-7, 8-10","change, family, friendship, New-England, sisters",social-emotional
bccdd045-7863-4dfa-b59d-cc199143a9a9,The Phantom Tollbooth,Norton Juster,5,independent,chapter-book,read-side-by-side,A bored boy drives his toy car through a magic tollbooth into a land where words and numbers are at war — and discovers that everything is interesting if you pay attention.,active,False,https://covers.openlibrary.org/b/id/8578174-L.jpg,1961,"5-7, 8-10","imagination, language, learning, math, wordplay","language-arts, math"
92398cb1-40ed-4273-bc03-56119e5731e5,The Promise,Nicola Davies,5,early-reader,picture-book,read-side-by-side,A girl steals a bag in a gray city. The bag is full of acorns. She plants them. The city changes.,active,True,https://covers.openlibrary.org/b/isbn/9780763666330-L.jpg,2014,"5-7, 8-10","environmental-change, hope, planting, promise, transformation, trees, urban-blight","art, geography, science, social-emotional"
6363a142-48a5-4cd7-be35-05a1b5cbe36f,The Search for the Giant Arctic Jellyfish,Chloe Savage,5,early-reader,nonfiction,read-side-by-side,Dr. Morley and her crew go looking for a jellyfish the size of a human — and everything they find on the way is more astonishing than what they were looking for.,active,True,https://covers.openlibrary.org/b/id/14333290-L.jpg,2023,"5-7, 8-10","Arctic, jellyfish, marine-biology, ocean-science, scientific-expedition",science
0617f359-3ded-47b4-ae70-9a8c7cafe126,The Secret Life of a Sea Turtle,Maddalena Bearzi,4,early-reader,nonfiction,read-side-by-side,A sea turtle's life takes her from beach to open ocean and back again — and the dangers she navigates on the way make her survival feel like a miracle.,active,True,https://m.media-amazon.com/images/I/91IoYhHEKcL._SL500_.jpg,2026,5-7,"biology, conservation, migration, ocean, sea-turtle",science
15cbccb9-2acd-44af-9312-01d3e4f2e0f8,The Shortest Day,Susan Cooper,5,early-reader,picture-book,read-side-by-side,"For thousands of years, humans have been afraid of the dark getting longer, and every culture found a way to light a fire.",active,True,https://covers.openlibrary.org/b/isbn/9780763686987-L.jpg,2019,"5-7, 8-10","ancient-cultures, astronomy, celebration, seasons, winter-solstice","geography, history, language-arts, science"
f569e72e-1c70-4194-a685-d6e98187d1f0,The Shrew Detective: The Case of the Pilfered Pearls,Margi Preus,4,independent,chapter-book,read-side-by-side,"A shrew with an extraordinary nose and even more extraordinary powers of deduction investigates the theft of pearls — Victorian detective fiction, but make it natural history.",active,True,https://m.media-amazon.com/images/I/91Vr7L6JIRL._SL500_.jpg,2026,"5-7, 8-10","animals, detective, mystery, Victorian, wit",
ff48b7ac-28e1-4e6a-984a-b266f23ccf9e,The Skeleton Inside You,Philip Balestrino,4,early-reader,nonfiction,read-side-by-side,You have 206 bones. When you were born you had 300. Your body has been editing itself ever since.,active,False,https://covers.openlibrary.org/b/isbn/9780060254674-L.jpg,1989,5-7,"anatomy, body-systems, bones, growth, joints, skeleton",science
d167c53f-f92b-4c19-b0c9-54523931a26c,The Slightly Spooky Tale of Fox and Mole,Cecilia Heikkilä,3,early-reader,picture-book,read-together,Mole means well but can't stop being the center of attention — and Fox finally gets fed up in a way that is slightly haunting and completely honest.,active,True,https://m.media-amazon.com/images/I/8119HOBkOTL._SL500_.jpg,2025,5-7,"consequence, emotional-complexity, forest, friendship, selfishness",social-emotional
f1e1a3f5-4000-4c71-b04b-3e857ede7dc6,The Trumpet of the Swan,E.B. White,5,independent,chapter-book,read-side-by-side,A trumpeter swan born without a voice teaches himself to read and play a brass trumpet — and earns everything he needs through music.,active,False,https://covers.openlibrary.org/b/id/50627-L.jpg,1970,"5-7, 8-10","disability-adaptation, music, resourcefulness, wilderness, wildlife",
c3be3f45-f5ea-45cf-8f21-4721da6c8859,The Undead Fox of Deadwood Forest,Aubrey Hartman,4,independent,chapter-book,read-and-discuss,Clare is an undead fox whose job is to guide souls to the afterlife — until a badger soul named Gingersnipes refuses to leave and the two set out on a journey for help.,active,True,https://covers.openlibrary.org/b/id/14853324-L.jpg,2025,"5-7, 8-10","afterlife, fox, friendship, purpose, undead",social-emotional
d1c1427a-e4c8-450e-9530-f340178d6323,The Wild Robot Protects,Peter Brown,4,independent,chapter-book,read-and-discuss,Roz returns to protect her island home from a danger no robot was built for — and the island's ecosystem may be the only thing that can save itself.,active,True,https://covers.openlibrary.org/b/id/13175129-L.jpg,2023,"5-7, 8-10","climate, ecology, family, robotics, seasons",
ad14c910-df68-417f-9831-6383a5c1f4ee,Those Shoes,Maribeth Boelts,4,early-reader,picture-book,read-side-by-side,"Every kid at school has those shoes. Jeremy wants them so badly it hurts. His grandmother says they need boots, not shoes.",active,True,https://covers.openlibrary.org/b/isbn/9780545117890-L.jpg,2007,5-7,"consumer-culture, friendship, generosity, poverty, wants-vs-needs","language-arts, math, social-emotional"
74e813b3-e721-4ef1-8ae7-9f68b6e028b2,Those Shoes,Maribeth Boelts,4,early-reader,picture-book,read-side-by-side,Jeremy wants the shoes everyone has. His grandmother cannot afford them. He buys the wrong size at a thrift store. What he does next is the real story.,active,True,https://covers.openlibrary.org/b/isbn/9780545117890-L.jpg,2007,5-7,"friendship, generosity, poverty, sacrifice, shoes, social-class, wanting","geography, social-emotional"
6dfde4e8-3ea9-4721-b5b7-c7f85aadd8e9,Tiny Creatures: The World of Microbes,Nicola Davies,5,early-reader,picture-book,read-side-by-side,You are never alone. There are more living things on your hand right now than there are people on the planet.,active,True,https://covers.openlibrary.org/b/isbn/9780763673154-L.jpg,2014,5-7,"biology, ecosystems, health, microbes, scale","geography, math, science"
8340e93f-8287-4680-8e85-994578912a5b,To See an Owl,Matthew Cordell,4,early-reader,picture-book,read-side-by-side,A girl has never seen a wild owl and is determined to find one — and the search is entirely about learning to slow down and look.,active,True,https://covers.openlibrary.org/b/id/14833420-L.jpg,2025,5-7,"nature, night, observation, owl, patience",
a304bfeb-1001-49c5-80fe-3b2c7ea0146f,Wanda Hears the Stars: A Blind Astronomer Listens to the Universe,Amy S. Hansen and Wanda Díaz Merced,5,independent,nonfiction,read-side-by-side,Wanda Díaz Merced lost her sight — and solved the problem by converting starlight into sound so she could hear what she could no longer see.,active,True,https://m.media-amazon.com/images/I/81uI6qMcNrL._SL500_.jpg,2025,"5-7, 8-10","blind-astronomer, disability, radio-waves, science, sonification",science
9bd750b9-047f-4b06-83b8-77af77a084a1,Watercress,Andrea Wang,5,early-reader,picture-book,read-side-by-side,Her parents pull the car over to pick weeds from a ditch. She is mortified. Then her mother tells her why.,active,True,https://covers.openlibrary.org/b/isbn/9780823450541-L.jpg,2021,"5-7, 8-10","Chinese-American, family-history, famine, food, foraging, immigration, shame","geography, history, science, social-emotional"
722f52c3-6bc0-419d-a79b-c82849b83baa,"We Are American, Too",Kristen Mei Chase,5,early-reader,nonfiction,read-and-discuss,"A picture book about Asian American history, identity, and pride — a family telling their own story across generations of America that the history books often leave out.",active,True,https://m.media-amazon.com/images/I/91dJaqoh1BL._SL500_.jpg,2026,5-7,"Asian-American-history, belonging, family, identity, protest",
e7e123fd-3d9b-40ec-a247-576cd0eadccc,What Do You Do With an Idea?,Kobi Yamada,4,early-reader,picture-book,read-side-by-side,"A boy finds a strange golden egg that follows him around, and the more he ignores it, the more it grows.",active,True,https://covers.openlibrary.org/b/isbn/9781938298073-L.jpg,2014,5-7,"courage, creativity, ideas, innovation, nurturing","art, language-arts, social-emotional"
510c58ce-c543-4993-a103-dfd1d3ac0f41,What Do You Do With an Idea?,Kobi Yamada,4,early-reader,picture-book,read-side-by-side,A child has an idea. It follows him around. He tries to ignore it. It grows anyway.,active,True,https://covers.openlibrary.org/b/isbn/9781938298073-L.jpg,2014,5-7,"courage, creativity, growth, ideas, nurturing, potential","art, language-arts, social-emotional"
5fb33474-a3aa-494f-9f93-359fbf1a2159,Will's Race for Home,Jewell Parker Rhodes,4,early-reader,picture-book,read-and-discuss,"Will is a Black jockey during Reconstruction, when Black riders won most of America's great races — and the history behind this picture book will surprise everyone who thinks horse racing was always a white sport.",active,True,https://covers.openlibrary.org/b/id/14845619-L.jpg,2025,5-7,"Black-history, determination, horse-racing, jockey, Reconstruction",
71cf6a77-21f7-42c2-8868-8b3867016890,Wombats Are Pretty Weird: A (Not So) Serious Guide,Abi Cushman,4,early-reader,nonfiction,read-side-by-side,"Wombats poop cubes — and that is the beginning of the scientific education, not the end.",active,True,https://m.media-amazon.com/images/I/81LovCjKpNL._SL500_.jpg,2023,5-7,"animal-biology, Australia, humor, marsupials, wombats",science
268d5a5b-54b3-4d63-945d-9b1abd58d4db,Worm and Caterpillar Are Friends,Kaz Windness,3,early-reader,early-reader,read-side-by-side,"Worm and Caterpillar are best friends — and then Caterpillar disappears into a chrysalis, and Worm has to wait and see who comes out.",active,True,https://covers.openlibrary.org/b/id/13179267-L.jpg,2023,5-7,"change, friendship, life-cycle, loyalty, metamorphosis",
ae9f3932-7a33-46cc-8e40-9d87d9b9bcad,Wrong Friend,Charise Mericle Harper,3,independent,graphic-novel,read-side-by-side,"What happens when your BFF becomes your worst problem? A graphic novel about the specific grief of losing a best friend — not to death, but to drift.",active,True,https://m.media-amazon.com/images/I/81eHnWpQX-L._SL500_.jpg,2026,"5-7, 8-10","betrayal, friendship-loss, honesty, middle-school, new-friends",social-emotional
aca6c7d2-5c3b-4aed-9de3-d3c6690056d9,Xolo: How One Good Dog Saved Humankind,Donna Barba Higuera,4,early-reader,picture-book,read-side-by-side,"In Aztec mythology, the feathered serpent god Quetzalcoatl used his dog-headed twin brother Xolotl and a small hairless dog to bring humanity back from the Underworld. This is that story.",active,True,https://m.media-amazon.com/images/I/71Mx5ELNz4L._SL500_.jpg,2025,5-7,"Aztec, dogs, mythology, Quetzalcoatl, xoloitzcuintli",history
57f72fc4-28b7-40a3-93d9-a238ca3b15c5,You Can Move Mountains: The Artful Life of Painter Bob Ross,Richard Ho,3,early-reader,nonfiction,read-side-by-side,"Before Bob Ross was painting 'happy little trees' on PBS, he was an Air Force drill sergeant stationed in Alaska — and the mountains he painted for decades were the ones he met there.",active,True,https://m.media-amazon.com/images/I/91m8O-GhPRL._SL500_.jpg,2026,5-7,"Alaska, Bob-Ross, creativity, military, painting",
3c1799aa-25ec-4752-9c91-ac56f07b35cf,A Sea of Lemon Trees: The Corrido of Roberto Alvarez,María Dolores Águila,4,independent,chapter-book,read-and-discuss,The Lemon Grove Incident of 1931 was the first successful desegregation case in American history — and it started with one Mexican American boy refusing to go to the separate school.,active,True,https://covers.openlibrary.org/b/isbn/9781250342614-L.jpg,2025,"10-12, 8-10","1930s, activism, anti-immigrant, Mexican-American, segregation",
8515ce41-7c3f-4946-b367-6eb0fba6f064,A Window into the Ocean Twilight Zone,Michelle Cusolito,5,independent,nonfiction,read-side-by-side,The ocean twilight zone begins at 200 meters and holds 10 billion tons of life — and almost no one has seen it.,active,True,https://covers.openlibrary.org/b/id/14628663-L.jpg,2022,8-10,"deep-sea, marine-biology, ocean, scientific-expedition, twilight-zone",science
d3164fcf-8b5e-454e-85e4-f3093c87b7a9,Al Capone Does My Shirts,Gennifer Choldenko,4,independent,chapter-book,read-and-discuss,A twelve-year-old boy moves to Alcatraz Island when his father gets a job there — and uses Al Capone to try to help his autistic sister.,active,True,https://covers.openlibrary.org/b/id/8790938-L.jpg,2004,"10-12, 8-10","1930s, Alcatraz, autism, family, San-Francisco-Bay",
10d01d03-4e42-4423-b475-77160130f560,An Immense World (Young Readers Edition): How Animals Sense Earth's Amazing Secrets,Ed Yong,5,independent,nonfiction,read-and-discuss,"Every animal lives in its own sensory world — and a dog's sense of smell, a bat's echolocation, and an electric eel's electroreception are not just 'better' versions of human senses but completely different realities.",active,True,https://m.media-amazon.com/images/I/81w1GXyXqSL._SL500_.jpg,2025,8-10,"animal-senses, biology, echolocation, electroreception, umwelt",science
7c40d0ff-9560-4e4b-b88e-45445c032aef,"And Then, Boom!",Lisa Fipps,4,independent,chapter-book,read-and-discuss,A girl finds her voice in a swimming pool and a poem — from the author of Starfish.,active,True,https://covers.openlibrary.org/b/id/14626236-L.jpg,2025,8-10,"belonging, body-image, middle-school, poetry, swimming",social-emotional
8a2df050-cfec-42ae-8393-b4a4cd14fe46,"At Last She Stood: How Joey Guerrero Spied, Survived, and Fought for Freedom",Erin Entrada Kelly,5,independent,nonfiction,read-and-discuss,Joey Guerrero was a Filipina woman with leprosy who spied for the Americans during the Japanese occupation of the Philippines — and her condition made her invisible to guards who feared contagion.,active,True,https://covers.openlibrary.org/b/isbn/9780063218925-L.jpg,2025,8-10,"Filipino-spy, leprosy, resistance, women-in-war, WWII-Philippines",history
1cd2d48f-0fc7-4100-beba-4618e87a6ce4,Baseball's Shining Season: America's Pastime on the Brink of War,Martin W. Sandler and Craig Sandler,5,independent,nonfiction,read-and-discuss,"1941: Joe DiMaggio hit safely in 56 consecutive games, Ted Williams batted .406, and Americans were terrified about a war they weren't yet in — and baseball was the only escape.",active,True,https://m.media-amazon.com/images/I/910CdwWN+jL._SL500_.jpg,2026,"10-12, 8-10","1941, baseball, DiMaggio, Ted-Williams, WWII",
b3c0ed00-29a2-44ce-88c1-7183ca3ef818,Before the Ships: The Birth of Black Excellence in American Aviation,Maisha Oso,5,independent,nonfiction,read-and-discuss,"Before the Tuskegee Airmen, there was Bessie Coleman — and before Bessie Coleman, there were the dreamers who built the foundation.",active,True,https://m.media-amazon.com/images/I/81YKK7q1a3L._SL500_.jpg,2025,8-10,"Bessie-Coleman, Black-aviation, courage, history, Tuskegee-Airmen",history
956c46e8-1222-4426-b6f4-8a5b5befcb49,Benny on the Case,Wesley King,4,independent,chapter-book,read-and-discuss,"Benny is 11, has Mosaic Down syndrome, lives in a retirement home run by his mother, and is the only one qualified to solve the mystery of the missing belongings.",active,True,https://covers.openlibrary.org/b/isbn/9781665937719-L.jpg,2025,"10-12, 8-10","community, detective, Mosaic-Down-syndrome, mystery, retirement-home",social-emotional
d7acaf08-7965-4c79-9132-d4b5d5fa6a9d,Botticelli's Apprentice,Ursula Murray Husted,5,independent,graphic-novel,read-and-discuss,A girl in Renaissance Florence studies with Botticelli — and the ALSC calls this colorful graphic novel inspiring and well-researched.,active,True,https://covers.openlibrary.org/b/id/14852967-L.jpg,2025,"10-12, 8-10","art-history, Botticelli, Florence, Renaissance, women-in-art",
c020343b-3a94-4274-b6bb-e332c9d1ddcd,Busted,Dan Gemeinhart,4,independent,chapter-book,read-and-discuss,A boy is wrongly accused — and the whole town has already made up its mind.,active,True,https://covers.openlibrary.org/b/id/15184334-L.jpg,2025,8-10,"community, courage, friendship, justice, wrongful-accusation",social-emotional
8281d83d-6021-4a50-b82a-5a03cf32197a,Castle,David Macaulay,5,independent,nonfiction,read-and-discuss,"Every stone in a medieval castle was cut, carried, lifted, and placed by hand. Caldecott Honor.",active,False,https://covers.openlibrary.org/b/isbn/9781435201453-L.jpg,1977,"10-12, 8-10","architecture, construction, feudalism, medieval-engineering, Wales","art, geography, history, math, science"
a3f0255d-20da-4d4c-98bc-c8f957a187f9,Chasing Vermeer,Blue Balliett,4,independent,chapter-book,read-and-discuss,Two Chicago sixth-graders investigate the theft of a Vermeer painting using a code hidden in pentomino puzzles.,active,True,https://covers.openlibrary.org/b/id/277450-L.jpg,2004,8-10,"art, Chicago, critical-thinking, math, mystery",
91ef1055-a565-49b2-ada0-265608b63850,City of Plagues and Perfumes,Jake Halpern and Peter Kujawinski,4,independent,chapter-book,read-and-discuss,A girl with a remarkable sense of smell discovers she can track a plague through its scent — and must use her ability to save a city.,active,True,https://m.media-amazon.com/images/I/91Bb7nt8XhL._SL500_.jpg,2026,8-10,"adventure, epidemiology, mystery, plague, smell",
a139a139-2319-4d73-84e3-517400c4e03a,Counting on Katherine,Helaine Becker,5,independent,picture-book,read-and-discuss,"When Apollo 13 was lost in space, the person NASA called was a Black woman with a pencil.",active,True,https://covers.openlibrary.org/b/isbn/9781529005592-L.jpg,2018,8-10,"civil-rights, math, NASA, space, women-in-STEM","history, math, science, social-emotional"
19e8e348-c65a-4365-8982-fe55bb2aad97,Daughter of the Light-Footed People: The Story of Indigenous Marathon Champion Lorena Ramírez,Belen Medina,5,independent,nonfiction,read-side-by-side,The Tarahumara people of northern Mexico have run ultramarathons in homemade sandals for centuries — and Lorena Ramírez became an international champion while remaining completely true to her people's tradition.,active,True,https://covers.openlibrary.org/b/isbn/9781665931434-L.jpg,2025,8-10,"indigenous-Mexico, Lorena-Ramirez, marathon, running, Tarahumara",
73f249f3-5ca4-4d18-8f6f-80c84586326d,"Dead Ends! Flukes, Flops, and Failures That Sparked Medical Marvels",Lindsey Fitzharris,5,independent,nonfiction,read-and-discuss,Every major medical breakthrough was preceded by a spectacular failure — and the failures are often more interesting than the successes.,active,True,https://m.media-amazon.com/images/I/91pdb6+E+eL._SL500_.jpg,2025,8-10,"discovery, failure, medical-history, medicine, science",
b9e3cac1-06cd-4d6c-a8c5-255a4d2a3a1c,Earthrise: How the Apollo 8 Crew Photographed the World,Leonard S. Marcus,5,independent,nonfiction,read-and-discuss,The photograph taken by Apollo 8 astronauts in December 1968 showed Earth as a small blue marble floating in space — and it changed how humans saw themselves and their planet.,active,True,,2025,"10-12, 8-10","1968, Apollo-8, Earth, environmental-movement, space-photography",
b749b3a3-bedc-41dc-844c-afa21fa81009,Elf Dog and Owl Head,M.T. Anderson,4,independent,chapter-book,read-and-discuss,A boy adopts a strange dog from the suburbs and discovers that some friendships require you to become a different version of yourself.,active,True,https://covers.openlibrary.org/b/id/13826014-L.jpg,2023,8-10,"adventure, friendship, otherness, suburban-magic, transformation",
3c0fc575-d2af-4436-96f2-a7e6463a2ff3,Fablehaven,Brandon Mull,4,independent,chapter-book,read-and-discuss,A brother and sister discover their grandparents' Connecticut farm is a secret preserve for magical creatures — and someone is trying to break it open.,active,True,https://covers.openlibrary.org/b/id/9312656-L.jpg,2006,8-10,"Connecticut, ecology, family, magical-creatures, secrecy",
69651b0d-0e1b-4fd2-b7f2-f7380a2c99c3,Full Moon,Michael Light,4,independent,nonfiction,read-and-discuss,129 NASA photographs from the Apollo missions. No illustrations. No filters. The actual moon.,active,True,https://covers.openlibrary.org/b/isbn/9780375414947-L.jpg,1999,"10-12, 8-10","Apollo-missions, Earth-from-space, lunar-photography, moon-surface, NASA-archives, space","art, science"
2f9736ef-8086-4778-97f1-cbffe7f47ad3,Hatchet,Gary Paulsen,5,independent,chapter-book,read-and-discuss,"A thirteen-year-old boy, a hatchet, and fifty-four days alone in the Canadian wilderness.",active,False,https://covers.openlibrary.org/b/isbn/9780435125080-L.jpg,1987,"10-12, 8-10","Canadian-bush, divorce, fire-making, nature, self-reliance, survival, wilderness","geography, science, social-emotional"
b9047b0e-4fd9-4b85-a6bf-2c3a7a8ad052,Hatchet,Gary Paulsen,5,independent,chapter-book,read-and-discuss,A thirteen-year-old crashes alone in the Canadian wilderness with nothing but a hatchet and a secret about his parents.,active,False,https://covers.openlibrary.org/b/isbn/9780756979119-L.jpg,1987,"10-12, 8-10","Canadian-wilderness, divorce, self-reliance, survival, wilderness","geography, language-arts, science, social-emotional"
4553101c-b6a5-4058-a44c-ce8c146987e3,Hattie Mae Begins Again,Sharon G. Flake,4,independent,chapter-book,read-and-discuss,"Hattie Mae is 12 years old, from a poor rural community, and suddenly at Miss Abigail's School for Exceptional Young Ladies in 1938 — feeling like a 'country bumpkin straight off the turnip truck' next to girls who have had everything.",active,True,https://m.media-amazon.com/images/I/81jL23ZaIGL._SL500_.jpg,2026,8-10,"1938, belonging, Black-girl, boarding-school, class",
60cc4f62-215b-482b-8f75-e8a003e3ff61,Human Body Theater,Maris Wicks,5,independent,graphic-novel,read-and-discuss,A skeleton hosts a guided tour of the human body. Every system gets its own act. The audience is the reader's own organs.,active,True,https://covers.openlibrary.org/b/isbn/9780606375948-L.jpg,2015,8-10,"anatomy, body-systems, cells, graphic-nonfiction, organs, skeleton-narrator","art, science"
74bdd11a-4b39-4b35-987f-cc0a8148196d,J vs. K,Jerry Craft and Kwame Alexander,4,independent,graphic-novel,read-and-discuss,Two Newbery Medal winners co-write a book about two fifth-graders with their own creative rivalry — and the book teaches you how to write and draw yours.,active,True,https://covers.openlibrary.org/b/id/14980975-L.jpg,2025,"10-12, 8-10","creativity, friendship, illustration, rivalry, writing",
cc1f604d-8b2e-46cb-9093-e9bc998fa8a3,Judge Ketanji Brown Jackson: A Life Committed to Justice,Lori Rozsa and Garen Thomas,5,independent,nonfiction,read-and-discuss,Ketanji Brown Jackson became the first Black woman confirmed to the US Supreme Court — and her path there is a history of American civil rights law told through one person's life.,active,True,,2026,"10-12, 8-10","Black-woman-first, civil-rights, Ketanji-Brown-Jackson, law, Supreme-Court",
769a4e13-eef7-4616-bdd0-bf764d7b8f40,Moonbird,Phillip Hoose,5,advanced,nonfiction,read-and-discuss,A robin-sized bird named B95 has flown the distance from the Earth to the moon and back. Sibert Medal.,active,True,https://covers.openlibrary.org/b/isbn/9780374304683-L.jpg,2012,"10-12, 8-10","citizen-science, conservation, endurance, migration, shorebirds","geography, math, science, social-emotional"
ffb5959d-8aa5-4f29-a26f-c01d7be5c43b,"My Antarctica: True Adventures in the Land of Mummified Seals, Space Robots, and So Much More",G. Neri,5,independent,nonfiction,read-and-discuss,A writer who hated science goes to Antarctica and comes back a changed person — and the science is the reason.,active,True,https://covers.openlibrary.org/b/id/14826301-L.jpg,2024,8-10,"Antarctica, climate-science, robotics, scientific-expedition, self-discovery",
8076a409-593f-44ac-9866-dfa940422b1d,Neighborhood Sharks,Katherine Roy,5,independent,nonfiction,read-and-discuss,"Thirty miles from San Francisco, great white sharks hunt elephant seals every autumn. Sibert Medal.",active,True,https://covers.openlibrary.org/b/isbn/9781596438743-L.jpg,2014,8-10,"ecosystems, Farallon-Islands, marine-research, predator-prey, sharks","art, geography, math, science"
2ad54316-f66e-4668-8c30-dfea2fce2b78,Neon,Jason Reynolds,3,independent,chapter-book,read-and-discuss,"Aria is Neon — and the book gives readers a girl who is luminous in her own right, without asking anyone's permission.",active,True,,2025,"10-12, 8-10","Black-girl-joy, community, friendship, identity, music",social-emotional
9f09d8ce-e48b-4734-b823-cbb2db8219d7,Octopus Moon,Bobbie Pyron,4,independent,chapter-book,read-and-discuss,A child obsessed with octopuses finds in them a mirror for her own way of being in the world — and the marine biology is as rich as the emotional story.,active,True,https://covers.openlibrary.org/b/isbn/9780593616291-L.jpg,2025,8-10,"connection, disability, marine-biology, octopus, science",
97d24e32-12cd-4955-965c-453a6f1ca315,Out of My Mind,Sharon M. Draper,5,independent,chapter-book,read-and-discuss,"Melody has cerebral palsy. She cannot speak. She is the smartest kid in the school, and nobody knows.",active,True,https://covers.openlibrary.org/b/isbn/9781416971702-L.jpg,2010,"10-12, 8-10","ableism, cerebral-palsy, communication, disability, inclusion, intelligence","language-arts, science, social-emotional"
8275d558-a86f-4b7d-bdb2-169ae666c966,Phoenix,Kimberly Brubaker Bradley,4,independent,chapter-book,read-and-discuss,A horse named Phoenix and the girl who refuses to give up on him — the first book in a new series from the Newbery Honor-winning author of Fighting Words.,active,True,https://m.media-amazon.com/images/I/81x185ULCdL._SL500_.jpg,2026,8-10,"bond, girl-and-horse, horses, rural-life, trust",
c9f60a49-a68b-43fb-ba80-d91c7d462a66,Plague-Busters! A Germ-Hunter's History of Fighting Deadly Disease,Lindsey Fitzharris,5,independent,nonfiction,read-and-discuss,"Every disease that has killed millions of people was once a complete mystery — and this book shows the doctors who solved them, including the ones who died trying.",active,True,https://m.media-amazon.com/images/I/91I+Iu3cFkL._SL500_.jpg,2023,"10-12, 8-10","disease, germ-theory, history, medicine, plagues",
3dd5ddf3-152a-46aa-87dd-d55fc1094d22,Pocket,Katherine Applegate,4,independent,chapter-book,read-and-discuss,A toy bear made to ride in a soldier's pocket through WWI has outlasted everyone he was made to comfort — and is still trying to be useful.,active,True,https://covers.openlibrary.org/b/id/15124173-L.jpg,2025,8-10,"found-family, loss, Second-Chances, teddy-bear, WWI",
3034b7ff-4fdf-4dd2-9bfb-154d6ec41a04,Poppy,Avi,4,independent,chapter-book,read-and-discuss,"A mouse named Poppy defeats a great horned owl with nothing but courage and a porcupine quill — and the defeat is logically, ornithologically honest.",active,True,https://covers.openlibrary.org/b/id/10245009-L.jpg,1995,8-10,"adventure, courage, independence, mice, New-England",
26a6ece0-de29-4414-9afa-99ca733d22ab,Radiant,Vaunda Micheaux Nelson,4,independent,chapter-book,read-and-discuss,"It is 1963 in a small Pennsylvania town, and Cooper Dale is the only Black student in the class — and aches to shine like her mama, a house cleaner for the bully's wealthy white family.",active,True,https://covers.openlibrary.org/b/isbn/9780593855782-L.jpg,2025,8-10,"1963-Pennsylvania, belonging, civil-rights, identity, only-Black-student",
771d8409-2080-43d8-84c7-821c6e0b85e6,Remarkably Ruby,Terri Libenson,4,independent,graphic-novel,read-side-by-side,Two fifth-grade girls tell the same story from radically different perspectives — and neither of them sees the whole picture.,active,True,https://covers.openlibrary.org/b/id/12750687-L.jpg,2022,8-10,"friendship, identity, middle-school, social-anxiety, theater",
99e9ea5f-7915-4bab-8f28-c64c030baec8,Separate Is Never Equal,Duncan Tonatiuh,5,independent,picture-book,read-and-discuss,"Seven years before Brown v. Board, a Mexican-American family in California sued to desegregate their school, and won.",active,True,https://covers.openlibrary.org/b/isbn/9781629238562-L.jpg,2014,8-10,"California, civil-rights, courts, desegregation, Mexican-American-history","geography, history, language-arts, social-emotional"
d6c2204a-9dfc-4f6f-a649-536d3430047b,Separate Is Never Equal,Duncan Tonatiuh,5,independent,picture-book,read-and-discuss,"Seven years before Brown v. Board of Education, a Mexican-American family sued to desegregate California schools. They won.",active,True,https://covers.openlibrary.org/b/isbn/9781629238562-L.jpg,2014,8-10,"California, civil-rights, legal-system, Mendez-v-Westminster, Mexican-American-history, school-segregation","geography, history, social-emotional"
c4a50948-cf53-4caa-853e-5281f9bbe239,Shark Lady,Jess Keating,5,independent,picture-book,read-and-discuss,Everyone said sharks were mindless killers. Eugenie Clark spent her life proving everyone wrong.,active,True,https://covers.openlibrary.org/b/isbn/9781520082776-L.jpg,2017,8-10,"marine-biology, prejudice, research, sharks, women-in-science","geography, history, science, social-emotional"
17a00390-9528-454e-a360-16460d43265c,Shipwrecked! by the Laws of Science: How 14 Shipwrecks Redefined What We Know About Our World,Martin W. Sandler,5,independent,nonfiction,read-and-discuss,"Every sunken ship is a time capsule — and fourteen of them redefined what we know about the ancient world, navigation, and the ocean floor.",active,True,,2023,8-10,"history, marine-archaeology, ocean, science, shipwrecks",
243fd485-11db-4113-b4e5-202bb89d2cdf,Simon Sort of Says,Erin Bow,5,independent,chapter-book,read-and-discuss,Simon's family moves to a town with no internet so he can escape the viral video that destroyed his life — and the silence turns out to be its own kind of loud.,active,True,https://covers.openlibrary.org/b/id/13185788-L.jpg,2023,8-10,"humor, privacy, radio-silence-zone, small-town, viral-video",
0b0ec8fb-264b-402d-b7f4-6c90636f0810,Summer at Squee,Andrea Wang,4,independent,chapter-book,read-and-discuss,A Chinese American girl has one summer to figure out who she is — at a camp called Squee where nothing goes as expected.,active,True,https://covers.openlibrary.org/b/id/14592873-L.jpg,2025,8-10,"adventure, belonging, Chinese-American, identity, summer-camp",social-emotional
9e8239af-3c36-4e10-bfcf-b34a39d5c444,The Bard and the Book: How the First Folio Saved the Plays of William Shakespeare from Oblivion,Ann Bausum,5,independent,nonfiction,read-and-discuss,Eighteen of Shakespeare's plays would have been lost forever — but two actors spent years collecting his manuscripts and publishing the First Folio. This is that story.,active,True,https://covers.openlibrary.org/b/id/14605731-L.jpg,2025,8-10,"First-Folio, language, literary-history, printing, Shakespeare",
fb75474b-fc92-4ec8-8fbb-04eb162b2185,The Beetle Book,Steve Jenkins,4,independent,nonfiction,read-and-discuss,One out of every four living things on Earth is a beetle. Steve Jenkins drew every one of them to scale.,active,True,https://covers.openlibrary.org/b/isbn/9780547680842-L.jpg,2012,8-10,"adaptation, beetles, camouflage, defense, global-habitats, insect-diversity","art, science"
c53c654e-74ce-4533-949d-f2810f50a9e3,The Boy Who Harnessed the Wind (Young Readers Edition),William Kamkwamba & Bryan Mealer,5,independent,chapter-book,read-and-discuss,The full story of how a boy who could not afford school taught himself enough physics to save his village.,active,True,https://covers.openlibrary.org/b/isbn/9780147510426-L.jpg,2015,8-10,"Africa, engineering, famine, physics, renewable-energy, self-education","geography, history, science, social-emotional"
10d434b4-4436-45e2-a239-77387e5bc693,"The Enigma Girls: How Ten Teenagers Broke Ciphers, Kept Secrets, and Helped Win World War II",Candace Fleming,5,independent,nonfiction,read-and-discuss,"Ten teenage girls were recruited to break Nazi codes at Bletchley Park — and they couldn't tell anyone, including their families, for 30 years.",active,True,https://m.media-amazon.com/images/I/81P7Eeml7jL._SL500_.jpg,2023,"10-12, 8-10","Bletchley-Park, cryptography, mathematics, women-in-war, WWII",
fbd33b8a-7fbb-45d1-8f43-8e7b039ac14c,The Eyes and the Impossible,Dave Eggers,5,independent,chapter-book,read-and-discuss,Johannes is a free dog who sees everything in the urban park he guards — and what he sees is about to change everything.,active,True,https://covers.openlibrary.org/b/id/14739048-L.jpg,2023,8-10,"dogs, freedom, friendship, observation, urban-park",
33d7446f-af57-4170-90f6-6f3789f8b710,The First State of Being,Erin Entrada Kelly,5,independent,chapter-book,read-and-discuss,A boy living in a 1999 apartment complex meets a time traveler from the future — and the questions they ask each other are the ones that matter most.,active,True,https://covers.openlibrary.org/b/id/14590766-L.jpg,2024,8-10,"1999, apartment-community, friendship, time-travel, Y2K",
b920893f-d8bc-4cbf-9d85-7d18dea16f49,The Girl Who Drew Butterflies,Joyce Sidman,5,independent,nonfiction,read-and-discuss,"In 1679, when people believed insects were born from mud, a German woman proved them wrong by painting.",active,True,https://covers.openlibrary.org/b/isbn/9781664480025-L.jpg,2018,"10-12, 8-10","17th-century, art-as-science, entomology, metamorphosis, women-in-science","art, geography, history, science"
ec9390ea-b374-49b9-8ff3-419f180a5c92,The Girl Who Drew Butterflies,Joyce Sidman,5,independent,nonfiction,read-and-discuss,"In 1679, a woman sailed to Suriname to draw insects when the scientific establishment said they were born from mud.",active,True,https://covers.openlibrary.org/b/isbn/9781664480025-L.jpg,2018,"10-12, 8-10","17th-century, entomology, Maria-Sibylla-Merian, metamorphosis, scientific-illustration, women-in-science","art, history, science"
31b4863b-8e82-4748-b9a4-1163dcf7195e,The Great Wall of Lucy Wu,Wendy Wan-Long Shang,4,independent,chapter-book,read-and-discuss,Lucy Wu has her year planned until her Chinese grandmother moves in and ruins everything by being completely right.,active,True,https://covers.openlibrary.org/b/isbn/9780545162159-L.jpg,2011,8-10,"basketball, Chinese-American-identity, cultural-tension, family, food","geography, history, language-arts, social-emotional"
95fcebf3-cdf9-43c0-ac28-b0f6cff897cc,The Hundred Dresses,Eleanor Estes,4,independent,chapter-book,read-and-discuss,Wanda says she has a hundred dresses at home. Everyone laughs. Nobody looks at the drawings.,active,False,https://covers.openlibrary.org/b/isbn/9781880507063-L.jpg,1944,8-10,"art, bullying, bystander, immigration, Polish-American, poverty, regret","art, language-arts, social-emotional"
b4a7aeec-7a55-4cd8-9a03-b51680f7a768,The Impossible Creatures,Katherine Rundell,4,independent,chapter-book,read-and-discuss,A boy discovers that mythological creatures are real and living in a secret archipelago — and they are dying.,active,True,https://covers.openlibrary.org/b/id/14593524-L.jpg,2023,"10-12, 8-10","adventure, ecology, endangered-species, fantasy, mythological-creatures",
66e09d05-82af-45f5-b301-ba0ebcda36bc,The Incredibly Human Henson Blayze,Derrick Barnes,3,independent,chapter-book,read-and-discuss,Henson Blayze is discovering who he is — and the book insists that being human is the most remarkable thing about him.,active,True,https://m.media-amazon.com/images/I/81gXF2AoxfL._SL500_.jpg,2025,8-10,"Black-joy, community, identity, what-it-means-to-be-human",social-emotional
ef03165d-ab2f-4078-b15f-c70943207bf6,The Ink Witch,Steph Cherrywell,4,independent,graphic-novel,read-and-discuss,A young witch discovers that the ink she uses for spells has a life of its own — and the discovery reshapes everything she thought she knew about magic and art.,active,True,https://m.media-amazon.com/images/I/81DNAT2Ri+L._SL500_.jpg,2025,"10-12, 8-10","art, coming-of-age, ink, magic, witch",
a119656b-3b08-4cbf-bdf7-8d2fbb17a4af,The Lions' Run,Sara Pennypacker,5,independent,chapter-book,read-and-discuss,"Lucas is a French orphan in a Nazi-occupied village, known for being a coward — and the kittens he rescues lead him directly into the Resistance and the Lebensborn program's stolen children.",active,True,https://covers.openlibrary.org/b/isbn/9781250392817-L.jpg,2026,8-10,"courage, Nazi-occupation, orphan, Resistance, WWII-France",
7fb8eb2e-b322-41a1-a5c7-90af54aecb92,The Lost City of Z (Young Readers Edition),David Grann,5,advanced,nonfiction,read-and-discuss,A British explorer searched the Amazon for a city that scientists said could not exist. He disappeared. Then archaeologists found it.,active,True,https://covers.openlibrary.org/b/isbn/9781400078455-L.jpg,2017,"10-12, 8-10","Amazon, archaeology, exploration, indigenous-civilizations, obsession","geography, history, science, social-emotional"
478900ef-be38-4908-bb99-f613975dcd6d,The Lumbering Giants of Windy Pines,Mo Netz,4,independent,chapter-book,read-and-discuss,A girl who uses a wheelchair moves to a motel near terrifying woods — and becomes the only one brave enough to go in.,active,True,https://m.media-amazon.com/images/I/91bRepav2SL._SL500_.jpg,2024,8-10,"courage, disability, forest-ecology, motel-life, mystery",
7323a15c-c368-4e6f-bc7a-4bb803520a0d,"The Many Assassinations of Samir, the Seller of Dreams",Daniel Nayeri,5,independent,chapter-book,read-and-discuss,A boy travels the ancient Persian trade routes with a merchant who may be a con artist or a saint — and every assassination attempt reveals a new moral problem.,active,True,https://covers.openlibrary.org/b/id/13441449-L.jpg,2023,8-10,"morality, mystery, Persian-caravanserai, storytelling, trade-routes",
b9d3cdbb-1352-44dc-8fc6-e5dbe3066e17,The Map Trap,Andrew Clements,4,independent,chapter-book,read-and-discuss,A boy who draws incredibly detailed maps of his school accidentally reveals a secret about a teacher.,active,True,https://covers.openlibrary.org/b/isbn/9781416997283-L.jpg,2014,8-10,"cartography, maps, obsession, privacy, school","geography, language-arts, math, social-emotional"
7895644f-0f3c-4a9a-b591-662adc18f8f5,"The Mona Lisa Vanishes: A Legendary Painter, a Shocking Heist, and the Birth of a Global Celebrity",Nicholas Day,5,independent,nonfiction,read-and-discuss,The Mona Lisa became the most famous painting in the world because someone stole it — and the book shows how a great painting becomes a global icon.,active,True,https://covers.openlibrary.org/b/id/14417472-L.jpg,2023,8-10,"art-history, celebrity, heist, Leonardo-da-Vinci, Mona-Lisa",
f456feaa-2643-4cad-9639-fc740201d131,The Mysterious Virginia Hall: World War II's Most Dangerous Spy,Claudia Friddell,5,independent,nonfiction,read-and-discuss,"Virginia Hall was an American spy in France during WWII who operated with a wooden leg — and the Gestapo called her 'the most dangerous Allied spy,' not knowing she was a woman.",active,True,https://m.media-amazon.com/images/I/81zTLaQEt-L._SL500_.jpg,2025,"10-12, 8-10","courage, France, prosthetic-leg, Virginia-Hall, WWII-spy",history
cb1d8d4c-cfe3-4daf-bc83-1c2016308fb2,The One and Only Ivan,Katherine Applegate,4,independent,chapter-book,read-and-discuss,"A silverback gorilla narrates 27 years in a shopping mall cage, and the only way he can tell the truth is by painting.",active,True,https://covers.openlibrary.org/b/isbn/9780061992278-L.jpg,2012,8-10,"animal-rights, art, captivity, gorillas, truth","art, language-arts, science, social-emotional"
0791ad02-190d-477f-8bc8-14d8940c5c87,The Pecan Sheller,Lupe Ruiz-Flores,5,independent,chapter-book,read-and-discuss,Petra leaves school to work in a Texas pecan factory in 1930 and ends up leading a strike — and the history she is living through is real.,active,True,https://m.media-amazon.com/images/I/81Or6Zm9-dL._SL500_.jpg,2025,"10-12, 8-10","1930s-Texas, courage, family, labor-rights, pecan-factory",
2846ce50-906b-4d29-aab4-734c7ee2cc8d,The Poisoned King,Katherine Rundell,4,independent,chapter-book,read-and-discuss,Ancient dragons are dying in the Archipelago — and Christopher and Anya must find out why before the last one is gone.,active,True,https://covers.openlibrary.org/b/id/15122285-L.jpg,2025,"10-12, 8-10","adventure, conservation, dragons, fantasy, magic",
83dffdfb-85f0-4899-9ee8-d7d5d52e3d60,The Secret Library,Kekla Magoon,4,independent,chapter-book,read-and-discuss,"Three middle school students discover a secret library — and the book they find might save their lives, or destroy everything.",active,True,https://covers.openlibrary.org/b/id/14625117-L.jpg,2026,8-10,"books, community, forbidden-knowledge, library, magic",
727df2ff-83ef-4837-9fca-26dd0abbca2a,The Six (Young Readers Edition): The Untold Story of America's First Women Astronauts,Loren Grush,5,independent,nonfiction,read-and-discuss,"In 1978, NASA selected its first women astronauts — six women who decided to become astronauts and changed NASA forever. This is their story.",active,True,https://covers.openlibrary.org/b/isbn/9781534497047-L.jpg,2025,"10-12, 8-10","NASA, sexism, space, STEM, women-astronauts",
a2e09e27-36c8-49e9-bfd1-1f29e356d4a7,The Teacher of Nomad Land: A World War II Story,Daniel Nayeri,5,independent,chapter-book,read-and-discuss,"In 1941 Iran, two newly orphaned siblings decide Babak will become a teacher to nomad tribes — and they set off across the mountains with a chalkboard strapped to his back, directly into the middle of World War II.",active,True,https://covers.openlibrary.org/b/id/15124221-L.jpg,2025,"10-12, 8-10","education, Iran, nomads, survival, WWII",
bf68cb95-57e8-4004-8507-a60eaa6594e0,The Tenth Mistake of Hank Hooperman,Gennifer Choldenko,4,independent,chapter-book,read-and-discuss,Hank Hooperman has made exactly nine notable mistakes — and the tenth might finally teach him something.,active,True,https://m.media-amazon.com/images/I/81JIAlquYuL._SL500_.jpg,2024,8-10,"community, consequences, humor, middle-school, mistakes",social-emotional
ee65fccd-ba74-498f-887b-acfd3d7ae998,The Undefeated,Kwame Alexander,5,independent,picture-book,read-and-discuss,This is for the unforgettable. The undeniable. The undefeated.,active,True,https://covers.openlibrary.org/b/isbn/9781328780966-L.jpg,2019,"10-12, 8-10","art, Black-history, civil-rights, poetry, resilience, tribute","art, history, language-arts, social-emotional"
5577338e-7f22-437b-8bd0-63b21ee6375b,The Vanishing of Lake Peigneur: A Graphic Novel Based on a True Story,Allan Wolf,5,independent,graphic-novel,read-and-discuss,"In 1980, an oil drilling accident caused a Louisiana lake to drain completely, taking boats, barges, and a small island with it — and the graphic novel makes the physics of a geological disaster feel viscerally real.",active,True,https://m.media-amazon.com/images/I/81T-rCVhRzL._SL500_.jpg,2025,"10-12, 8-10","disaster, drilling-accident, geology, lake, Louisiana",
37779edd-b509-4b79-b766-90f5e2425123,The Winter of the Dollhouse,Laura Amy Schlitz,4,independent,chapter-book,read-and-discuss,"An 11-year-old girl, an elderly woman, and an antique doll named Gretel are uniquely bound to each other across the chapters of a mystery that turns the dollhouse into a world of its own.",active,True,https://covers.openlibrary.org/b/id/15124220-L.jpg,2025,8-10,"child, doll, dollhouse, elderly-woman, intergenerational",social-emotional
3a4d3b3d-0d2b-4c3b-a5e2-5ba7f5a4f296,The World Is Waiting for You,Barbara Kerley,4,independent,nonfiction,read-and-discuss,"Every explorer, scientist, and artist started as a kid who liked something. This book shows the before and after.",active,True,https://covers.openlibrary.org/b/isbn/9781426311147-L.jpg,2013,8-10,"biography, careers, childhood-curiosity, exploration, photography, world","geography, science, social-emotional"
fb6c3825-cf62-4cad-8443-704cbd5ca38a,Tiny But Mighty,Hannah Shaw,4,independent,nonfiction,read-and-discuss,"A kitten smaller than your hand has 72 hours to live without intervention, and this book teaches you how to save it.",active,True,https://covers.openlibrary.org/b/isbn/9781524744069-L.jpg,2019,8-10,"animal-rescue, biology, community, neonatal-care, responsibility","math, science, social-emotional"
2ec9dcd8-b953-43c9-a9e6-038d112f28f4,Wangari's Trees of Peace,Jeanette Winter,5,independent,picture-book,read-and-discuss,"Wangari planted trees when the government told her to stop, went to prison, and won the Nobel Peace Prize.",active,True,https://covers.openlibrary.org/b/isbn/9788493684310-L.jpg,2008,8-10,"activism, deforestation, environment, Kenya, Nobel-Prize","geography, history, science, social-emotional"
f3d07dec-4391-4bc7-9b2f-c5c82ffe31e4,When the Sea Turned to Silver,Grace Lin,5,independent,chapter-book,read-and-discuss,"A girl whose grandmother is kidnapped follows a trail of ancient stories to find her, and the stories become the map.",active,True,https://covers.openlibrary.org/b/isbn/9781478912538-L.jpg,2016,8-10,"Chinese-mythology, family, identity, quests, storytelling","art, geography, history, language-arts, science"
7a1bfbc7-8be0-4aa6-a6da-0b0a1bd3fa21,A Most Perilous World: The True Story of the Young Abolitionists and Their Crusade Against Slavery,Kristina R. Gaddy,5,advanced,nonfiction,read-and-discuss,Four children of four famous abolitionists grew up inside the movement to end slavery — and their interwoven biographies open the inner world of America's most important social reform movement.,active,True,https://m.media-amazon.com/images/I/81AlZC03PtL._SL500_.jpg,2025,10-12,"abolition, activism, children-of-abolitionists, history, slavery",history
47471d4d-202a-43d4-bc7a-677a0218c103,Abolition and the African American Story,Patricia Williams Dockery,5,advanced,nonfiction,read-and-discuss,"A sweeping history of the Black abolitionist movement, the Civil War, and Reconstruction — told through names and stories that most American classrooms never teach.",active,True,https://covers.openlibrary.org/b/isbn/9780593811375-L.jpg,2025,10-12,"abolition, Black-history, Civil-War, migration, Reconstruction",history
be0ce5a1-2768-4798-b12c-91a91f2d7f4c,Almost American Girl,Robin Ha,4,independent,graphic-novel,read-and-discuss,"Robin moves from Seoul to Alabama knowing nobody — and discovers an American comic book club that shares her same love of comics, just in a different language.",active,True,https://covers.openlibrary.org/b/id/10179146-L.jpg,2020,10-12,"belonging, comics, immigration, K-pop, Korea",
85bda669-f482-4570-b446-54a435b0e42d,Amari and the Night Brothers,B.B. Alston,4,independent,chapter-book,read-and-discuss,Amari discovers a secret supernatural agency — and a file with her missing brother's name — and must prove she belongs there despite everyone insisting she doesn't.,active,True,https://covers.openlibrary.org/b/id/12714908-L.jpg,2021,10-12,"belonging, identity, magic-agency, mystery, supernatural",social-emotional
ee11b13e-205c-4778-a5af-89d1ec1f4199,American Murderer: The Parasite That Haunted the South,Gail Jarrow,5,advanced,nonfiction,read-and-discuss,"Millions of people in the American South were chronically sick, exhausted, and dismissed as lazy — and the cause was a microscopic parasite that entered through bare feet.",active,True,https://covers.openlibrary.org/b/isbn/9798855062816-L.jpg,2022,10-12,"American-South, hookworm, medicine, poverty, public-health",
8c61b127-0af4-4d1f-a1f8-79d2eb71ada6,An American Plague: The True and Terrifying Story of the Yellow Fever Epidemic of 1793,Jim Murphy,5,independent,nonfiction,read-and-discuss,"In 1793, yellow fever swept through Philadelphia — the nation's capital — killing 5,000 people in three months and destroying the city's functioning government.",active,True,https://covers.openlibrary.org/b/id/256836-L.jpg,2003,10-12,"1793, epidemiology, Philadelphia, public-health, yellow-fever",
3fcb2aba-1695-4be1-b655-1a0c2487db89,Blizzard of Glass: The Halifax Explosion of 1917,Sally M. Walker,5,independent,nonfiction,read-and-discuss,"On December 6, 1917, two ships collided in Halifax Harbor — and the resulting explosion was the largest human-made blast before the atomic bomb.",active,True,https://covers.openlibrary.org/b/id/7172258-L.jpg,2011,10-12,"1917, chemistry-of-disaster, explosion, Halifax, WWI",
f4f00b62-8e1c-4ca9-853a-e4be93097d0b,Book Scavengers,Jennifer Chambliss Bertman,4,independent,chapter-book,read-side-by-side,A book-based scavenger hunt across a city — and the clue hidden inside a rare book leads straight into a murder mystery.,active,True,https://covers.openlibrary.org/b/id/9140681-L.jpg,2016,10-12,"books, ciphers, Edgar-Allan-Poe, puzzle-hunt, San-Francisco",
270ee528-cf0d-4df8-8c38-0f0216f0d4f5,Born to Fly: The First Women's Air Race Across America,Steve Sheinkin,4,independent,nonfiction,read-and-discuss,"In 1929, 20 women flew small planes across America in a race men said they couldn't handle — and only 15 landed at the finish.",active,True,https://covers.openlibrary.org/b/id/9091470-L.jpg,2020,10-12,"1929-air-race, Amelia-Earhart, aviation, sexism, women-aviators",
06d38cc5-adb3-4a66-a87b-34ff12c01667,Boys in the Boat: The True Story of an American Team's Epic Journey to Win Gold at the 1936 Olympics (Young Adult Adaptation),Greg Zeigler and Daniel James Brown,5,independent,nonfiction,read-and-discuss,"Nine young men from the University of Washington, mostly from poor backgrounds, beat every Ivy League school to race against Hitler's Germany at the 1936 Berlin Olympics.",active,True,https://m.media-amazon.com/images/I/81ZTyW42DML._SL500_.jpg,2015,10-12,"1936-Olympics, Berlin, Great-Depression, rowing, teamwork",
e9cf5467-a803-4722-8cfb-e03685c7c917,Brown Girl Dreaming,Jacqueline Woodson,5,advanced,chapter-book,read-and-explore,"Jacqueline Woodson grew up between South Carolina and New York, between the civil rights movement and her own imagination. She wrote it all down.",active,True,https://covers.openlibrary.org/b/isbn/9781101926413-L.jpg,2014,10-12,"Black-girlhood, civil-rights-era, family, identity, memoir, New-York, South-Carolina, writing","geography, history, language-arts, social-emotional"
18a6f7b1-1724-4ec6-bf32-329d21c67619,Brown Girl Dreaming,Jacqueline Woodson,5,advanced,chapter-book,read-and-explore,Jacqueline Woodson grew up between Ohio and South Carolina with the Civil Rights Movement happening outside her window.,active,True,https://covers.openlibrary.org/b/isbn/9781101926413-L.jpg,2014,10-12,"civil-rights, family, identity, Jim-Crow, memoir, poetry","geography, history, language-arts, social-emotional"
fa1cc12e-56c7-4791-a9dd-32520faf4867,Chasing Lincoln's Killer,James L. Swanson,5,independent,nonfiction,read-and-discuss,"John Wilkes Booth shot Abraham Lincoln at 10:15 PM on April 14, 1865 — and for 12 days evaded the largest manhunt in American history, with a broken leg.",active,True,https://covers.openlibrary.org/b/id/6374127-L.jpg,2009,10-12,"Civil-War, forensics, John-Wilkes-Booth, Lincoln-assassination, manhunt",history
ede38f33-22fb-4f39-9d4b-b392c16fde45,"Chasing Space: An Astronaut's Story of Grit, Grace, and Second Chances",Leland Melvin,4,independent,nonfiction,read-and-discuss,Leland Melvin was drafted by the NFL and went deaf in NASA training — and still made it to the International Space Station twice.,active,True,https://covers.openlibrary.org/b/id/8185375-L.jpg,2018,10-12,"astronaut, deafness, microgravity, NASA, NFL",science
d3e4c355-a499-4ba7-b864-36ab43f8f1a6,City Spies,James Ponti,4,independent,chapter-book,read-and-discuss,"Five kids from five different countries, each with a skill set no adult spy could fake — and MI6 recruits them to go where trained agents cannot.",active,True,https://covers.openlibrary.org/b/id/10209077-L.jpg,2021,10-12,"found-family, heist, international-spy, MI6, world-geography",history
8d529197-a960-4521-9919-023a8b501863,Code Girls: The Untold Story of the American Women Codebreakers of World War II (Young Readers Edition),Liza Mundy,5,independent,nonfiction,read-and-discuss,Thousands of American women were secretly recruited to crack enemy codes in WWII — doing mathematics that shortened the war — and the government kept it classified for decades.,active,True,https://m.media-amazon.com/images/I/81ycVLeZ33L._SL500_.jpg,2023,10-12,"codebreaking, cryptography, NSA, women-mathematicians, WWII",
98d7a3ec-bd5f-4488-82e4-1f8c6496cd8d,Discovering Life's Story: The Birth of Genetics,Joy Hakim,5,advanced,nonfiction,read-and-discuss,"The story of how humans figured out that traits are inherited, from Gregor Mendel's peas to the discovery of DNA — and how long it took, and how many people were wrong first.",active,True,https://m.media-amazon.com/images/I/81FJ7OcexSL._SL500_.jpg,2026,10-12,"DNA, genetics, heredity, history-of-science, Mendel",science
4d1d01b1-2ed1-46ac-b9b7-fc4f4b1e7f6f,Drowned City: Hurricane Katrina and New Orleans,Don Brown,5,independent,graphic-novel,read-and-discuss,"Hurricane Katrina hit New Orleans on August 29, 2005 — and the real disaster was not the storm, but the levees that were supposed to protect the city.",active,True,https://covers.openlibrary.org/b/id/9920767-L.jpg,2015,10-12,"engineering-failure, flooding, Hurricane-Katrina, levees, New-Orleans",
1e5f137b-2522-437e-a257-c4194b6e0195,El Deafo,Cece Bell,4,independent,graphic-novel,read-and-discuss,"Cece Bell lost her hearing at 4 from meningitis — and got the biggest hearing aid any child had ever worn, which she eventually realized gave her a superpower.",active,True,https://covers.openlibrary.org/b/id/7337268-L.jpg,2014,10-12,"deafness, hearing-aid, identity, meningitis, superhero",
c8c0c595-2e0c-4507-80c3-ea68f1c38a89,Escape from Mr. Lemoncello's Library,Chris Grabenstein,4,independent,chapter-book,read-side-by-side,A famous game designer built the most extraordinary library ever — and 12 kids are locked inside for the night to solve puzzles using only the books on the shelves.,active,True,https://covers.openlibrary.org/b/id/7268631-L.jpg,2013,10-12,"books, game, library, puzzle, teamwork",language-arts
22c5f14f-5de4-452a-aa4f-ae1c9dd5b666,"Fallout: Spies, Superbombs, and the Ultimate Cold War Showdown",Steve Sheinkin,5,advanced,nonfiction,read-and-discuss,"The hydrogen bomb was 1,000 times more powerful than the atom bomb — and as America built it, Soviet spies stole the secrets, and the world reached the edge of annihilation.",active,True,https://covers.openlibrary.org/b/id/14562275-L.jpg,2021,10-12,"Cold-War, Cuban-Missile-Crisis, hydrogen-bomb, Oppenheimer, Soviet-spies",
e2590991-cb2b-4c13-9073-41781626013e,Footeprint: Eunice Newton Foote at the Dawn of Climate Science and Women's Rights,Lindsay H. Metcalf,5,advanced,chapter-book,read-and-discuss,Eunice Newton Foote discovered the greenhouse effect in 1856 and was erased from history so completely that it took 150 years for anyone to notice — this is the novel that refuses to let that stand.,active,True,https://m.media-amazon.com/images/I/91ThebAN-UL._SL500_.jpg,2026,10-12,"climate-science, CO2, Eunice-Foote, novel-in-verse, women-in-science",
7130a32e-792c-4724-af41-04ab9a99870e,From the Mixed-Up Files of Mrs. Basil E. Frankweiler,E.L. Konigsburg,4,independent,chapter-book,read-and-discuss,Two siblings secretly live inside the Metropolitan Museum of Art in New York City — and stumble onto a mystery about a statue that may be by Michelangelo.,active,True,https://covers.openlibrary.org/b/id/10500948-L.jpg,1967,10-12,"art-mystery, Metropolitan-Museum, Michelangelo, New-York, runaway",
699cfa9d-6654-47af-89dc-d0fec191f638,Greenglass House,Kate Milford,5,independent,chapter-book,read-and-explore,A smugglers' inn on a cliff above a frozen river fills with mysterious guests during Christmas break.,active,True,https://covers.openlibrary.org/b/isbn/9781664440555-L.jpg,2014,10-12,"adoption, maps, mystery, smuggling, stained-glass","art, geography, history, math, social-emotional"
4b949473-c1d6-478e-9d32-aece92e29bd5,Guts,Raina Telgemeier,3,independent,graphic-novel,read-side-by-side,Raina woke up one morning with a terrible stomach ache — and the stomach ache never really went away. This is the graphic memoir of what anxiety feels like from the inside.,active,True,https://covers.openlibrary.org/b/id/8788696-L.jpg,2019,10-12,"anxiety, phobia, school, stomach-problems, therapy",
51b246dd-a25a-46d3-91ee-a188626a5591,Hidden Figures Young Readers' Edition,Margot Lee Shetterly,5,independent,nonfiction,read-and-discuss,"Before NASA had computers, it had human computers — women who did the math by hand. The ones nobody wrote about were Black, and they were brilliant.",active,True,https://covers.openlibrary.org/b/isbn/9781441743541-L.jpg,2018,10-12,"Black-women-mathematicians, Katherine-Johnson, NASA, segregation, space-race",
124ebd37-1694-40df-8d21-097cfc7fe454,Hilo: The Boy Who Crashed to Earth,Judd Winick,3,independent,graphic-novel,read-side-by-side,A boy from another planet crash-lands on Earth with no idea where he came from — and his new best friend has to help him figure out what he is before the things chasing him arrive.,active,True,https://covers.openlibrary.org/b/id/8904690-L.jpg,2015,10-12,"alien, friendship, humor, identity, robot",science
eb9fdca2-7ce6-4a11-a85c-6ab01bae3f0f,How to Be a Good Creature: A Memoir in Thirteen Animals,Sy Montgomery,5,independent,nonfiction,read-and-discuss,"Thirteen animals — pigs, octopuses, emus, tarantulas — each one teaching Sy Montgomery something essential about being alive that she could not have learned from a human.",active,True,https://covers.openlibrary.org/b/id/9212755-L.jpg,2018,10-12,"animals, connection, ethology, memoir, naturalist",science
11c2c8b7-e3b6-4d69-82e0-396ef5565ea7,Howl's Moving Castle,Diana Wynne Jones,4,independent,chapter-book,read-and-discuss,Sophie is cursed to be an old woman and walks into the moving castle of the most dreadful wizard in the land — who turns out to be very different from what everyone says.,active,True,https://covers.openlibrary.org/b/id/8783945-L.jpg,1986,10-12,"humor-fantasy, identity, spell, Wales, witch",language-arts
7bd48369-63fa-4432-a745-d53444828a7c,I Will Always Write Back: How One Letter Changed Two Lives,Caitlin Alifirenka and Martin Ganda with Liz Welch,4,independent,nonfiction,read-and-discuss,A girl from Pennsylvania and a boy from Zimbabwe started writing to each other as a sixth-grade assignment — and the exchange revealed two completely different worlds.,active,True,https://covers.openlibrary.org/b/id/12178684-L.jpg,2015,10-12,"education, friendship, pen-pals, poverty, Zimbabwe",
8ef2a95a-591a-425d-ba55-e61b93376c94,Impossible Escape: A True Story of Survival and Heroism in Nazi Europe,Steve Sheinkin,5,advanced,nonfiction,read-and-discuss,"Rudolf Vrba escaped from Auschwitz — one of fewer than 700 people who ever did — and raced to get the truth to the world before Hungary's 750,000 Jews were deported there to die.",active,True,https://m.media-amazon.com/images/I/81hDGqLVYrL._SL500_.jpg,2023,10-12,"Auschwitz, escape, Holocaust, Rudolf-Vrba, WWII-Hungary",history
eed56d43-45b2-4555-a74c-ac7fdb6d7193,Inkheart,Cornelia Funke,4,independent,chapter-book,read-and-discuss,A man who can read characters out of books accidentally read a villain out of a novel 12 years ago — and now his daughter Meggie discovers she has the same power.,active,True,https://covers.openlibrary.org/b/isbn/9781913696184-L.jpg,2003,10-12,"adventure, books, characters-come-alive, Italy, reading-aloud",language-arts
0fdb403d-a93f-4bd2-b585-9f16a5e99e79,Island of the Blue Dolphins,Scott O'Dell,5,independent,chapter-book,read-and-discuss,"Karana is left behind when her people evacuate from a remote Pacific island — and survives alone for 18 years, becoming one of the most extraordinary figures in California history.",active,True,https://covers.openlibrary.org/b/id/5021868-L.jpg,1960,10-12,"18-years-alone, California, Chumash, San-Nicolas-Island, survival",
1c15c86a-050a-45be-9c50-7a125e437df0,Legendary Frybread Drive-In: Intertribal Stories,edited by Cynthia Leitich Smith,4,independent,chapter-book,read-and-discuss,"Indigenous authors from across more than a dozen nations tell the stories of Native American teenagers — and the anthology's title alone teaches that Native American culture is not one thing, it is hundreds.",active,True,https://m.media-amazon.com/images/I/81mEG2e-pRL._SL500_.jpg,2025,10-12,"identity, intertribal, Native-American, short-stories, sovereignty",
a8ac1461-309f-440f-b10c-2ff0f4e357ae,Lincoln's Grave Robbers,Steve Sheinkin,5,independent,nonfiction,read-and-discuss,A gang of counterfeiters plots to steal Abraham Lincoln's body from his Springfield tomb in 1876 — and the Secret Service has to stop them without Lincoln's family finding out.,active,True,https://covers.openlibrary.org/b/id/8311753-L.jpg,2013,10-12,"counterfeiting, grave-robbery, heist, Lincoln, Secret-Service",history
2bb69d6e-1af0-4ba0-8222-2c0e052aadf5,Maniac Magee,Jerry Spinelli,4,independent,chapter-book,read-and-discuss,Jeffrey Magee runs so fast he becomes a legend — and runs across the invisible line dividing his Pennsylvania town into two worlds that have forgotten they were once one.,active,True,https://covers.openlibrary.org/b/id/10134677-L.jpg,1990,10-12,"de-facto-segregation, homelessness, legend, Pennsylvania, running",
65257dac-8d40-40eb-9987-47af0b1eadd6,Messy Roots,Laura Gao,5,independent,graphic-novel,read-and-explore,"Laura Gao grew up caught between Wuhan and Texas, and then her hometown became the most hated word in America.",active,True,https://covers.openlibrary.org/b/isbn/9780063067769-L.jpg,2022,10-12,"Chinese-American, identity, immigration, pandemic, Wuhan","art, geography, history, science, social-emotional"
c636a07b-30ac-4c72-9f2e-16295b8de345,Most Dangerous: Daniel Ellsberg and the Secret History of the Vietnam War,Steve Sheinkin,5,advanced,nonfiction,read-and-discuss,"Daniel Ellsberg had access to the most classified document in America — 7,000 pages of evidence that the government had been lying about Vietnam for 20 years — and had to decide what to do with it.",active,True,https://covers.openlibrary.org/b/id/11603467-L.jpg,2015,10-12,"First-Amendment, Nixon, Pentagon-Papers, Vietnam, whistleblower",history
65dd28e9-e490-413d-a6ed-87ef96c964d6,Mrs. Frisby and the Rats of NIMH,Robert C. O'Brien,5,independent,chapter-book,read-and-discuss,A widowed mouse needs to save her sick son — and the only ones who can help are a colony of superintelligent rats who escaped from a government laboratory.,active,True,https://covers.openlibrary.org/b/id/7762286-L.jpg,1971,10-12,"ethics, intelligence, NIMH, rats, science",science
0b78eb0e-6340-46e6-9f60-17e1e2c595ba,"Never Caught, the Story of Ona Judge",Erica Armstrong Dunbar and Kathleen Van Cleve,5,independent,nonfiction,read-and-discuss,"Ona Judge was enslaved in George Washington's household — and on a May evening in 1796, she walked out the front door and never came back. Washington spent years trying to recapture her.",active,True,https://covers.openlibrary.org/b/id/8794956-L.jpg,2019,10-12,"escape, Fugitive-Slave-Act, George-Washington, Ona-Judge, slavery",history
220707a6-27bd-495e-bb0e-4038423b30c3,Omnivore's Dilemma: Young Readers Edition,Michael Pollan,4,advanced,nonfiction,read-and-discuss,"Where does your food actually come from — and what does the answer reveal about modern agriculture, ecology, and what it means to eat?",active,True,https://covers.openlibrary.org/b/id/8596706-L.jpg,2015,10-12,"corn, ecology, food-systems, hunter-gatherer, industrial-agriculture",science
3e3eb02c-dcc1-424c-8f31-9874049685d6,"Port Chicago 50: Disaster, Mutiny, and the Fight for Civil Rights",Steve Sheinkin,5,independent,nonfiction,read-and-discuss,"50 Black Navy sailors refused dangerous orders after an explosion killed 320 of their servicemen — and were charged with mutiny, launching one of the most important civil rights cases of WWII.",active,True,https://covers.openlibrary.org/b/id/11201203-L.jpg,2014,10-12,"civil-rights, Navy, Port-Chicago, segregation, WWII",history
1acf2f4f-15fc-4cf8-bf1d-a421db2b74be,Radium Girls (Young Readers Edition),Kate Moore,5,independent,nonfiction,read-and-discuss,Young women who painted watch dials with radium paint in the 1920s were told to lick their brushes — and the science of what happened next changed labor law in America forever.,active,True,https://covers.openlibrary.org/b/id/10327146-L.jpg,2019,10-12,"factory-workers, labor-rights, legal-battle, radiation, radium",
c45d07db-c406-416d-88d9-85f1bc520b62,Ranger's Apprentice: The Ruins of Gorlan,John Flanagan,4,independent,chapter-book,read-and-discuss,Will is chosen as apprentice to a Ranger — the king's secret corps of trackers and archers — and discovers that being small and overlooked is the greatest advantage a spy can have.,active,True,https://covers.openlibrary.org/b/isbn/9780440872184-L.jpg,2004,10-12,"apprentice, archery, medieval-ranger, strategy, tracking",
4f2f3c65-0cb5-4706-992c-000062689fce,Reaching for the Moon: The Autobiography of NASA Mathematician Katherine Johnson,Katherine Johnson,5,independent,nonfiction,read-and-discuss,"Katherine Johnson's own account — in her own words — of growing up in segregated West Virginia, falling in love with math, and calculating the trajectory that sent humans to the moon.",active,True,https://covers.openlibrary.org/b/id/8775873-L.jpg,2019,10-12,"Katherine-Johnson, NASA, orbital-mechanics, segregation, West-Virginia",
c0259c16-6d6b-4721-970c-e2abb2aa31f2,Redwall,Brian Jacques,4,independent,chapter-book,read-and-discuss,A young mouse must find the legendary sword of the great Martin the Warrior to defend Redwall Abbey from a rat warlord — and he is nobody's idea of a hero.,active,True,https://covers.openlibrary.org/b/id/2325082-L.jpg,1986,10-12,"abbey, ecology, legend, medieval-siege, mice",history
734fa8a9-255a-4322-bba6-ca92c550e6bf,Rising Water: The Story of the Thai Cave Rescue,Marc Aronson,5,independent,nonfiction,read-and-discuss,12 boys and their soccer coach trapped in a flooding cave in Thailand in 2018 — and the international rescue operation that required inventing a solution that had never been attempted.,active,True,https://covers.openlibrary.org/b/id/8748509-L.jpg,2020,10-12,"cave-diving, cave-rescue, engineering, international, Thailand",science
e8273e13-9ad5-4207-88a1-d923e62ae255,Shipwreck at the Bottom of the World,Jennifer Armstrong,5,advanced,nonfiction,read-and-explore,Shackleton's ship was crushed by Antarctic ice. He kept 27 men alive for two years on floating ice.,active,True,https://covers.openlibrary.org/b/isbn/9781883332396-L.jpg,1998,10-12,"Antarctica, exploration, leadership, navigation, survival","geography, history, math, science, social-emotional"
a307c53c-c4f4-451d-a7dc-071e41d8cdbf,Spy School,Stuart Gibbs,3,independent,chapter-book,read-side-by-side,"Ben Ripley is recruited to a secret CIA academy as bait to catch a dangerous enemy agent — and he has absolutely no idea what he's doing, which turns out to be his greatest asset.",active,True,https://covers.openlibrary.org/b/id/11146760-L.jpg,2012,10-12,"adventure, CIA, humor, spy-school, Washington-DC",history
e7f81eb7-3dc4-4441-ab05-6114eeaa3e37,Steve Jobs: The Man Who Thought Different,Karen Blumenthal,4,advanced,nonfiction,read-and-discuss,Steve Jobs changed what a computer looks like and what it feels like to use one — and the biography is honest about what that cost him and the people around him.,active,True,https://covers.openlibrary.org/b/id/8171025-L.jpg,2012,10-12,"California, design, invention, obsession, Silicon-Valley",
f7e97f0f-8ca9-400b-8a50-6e9206482aa9,Temple Grandin,Sy Montgomery,5,independent,nonfiction,read-and-explore,"Temple Grandin thinks in pictures, not words. That is why she understands cows better than any human alive.",active,True,https://covers.openlibrary.org/b/isbn/9781935430827-L.jpg,2012,10-12,"animal-science, autism, cattle-industry, engineering, neurodiversity","geography, history, science, social-emotional"
e74470fc-0af5-4e0e-b91f-99ac204c4c17,The Boys Who Challenged Hitler: Knud Pedersen and the Churchill Club,Phillip Hoose,5,independent,nonfiction,read-and-discuss,"In 1941, Danish teenagers formed the Churchill Club, sabotaged German vehicles and supply depots, got arrested, and kept resisting from prison.",active,True,https://covers.openlibrary.org/b/id/10320778-L.jpg,2015,10-12,"Denmark, prison, sabotage, teenage-resistance, WWII",history
4d9d9ce6-2a35-4876-8a99-a36687dc86f0,The Brilliant Deep: Rebuilding the World's Coral Reefs,Kate Messner,4,independent,nonfiction,read-side-by-side,"Ken Nedimyer decided to regrow the coral reef off the Florida Keys by hand, one fragment at a time — and the science of rebuilding a living ecosystem from scratch is extraordinary.",active,True,https://covers.openlibrary.org/b/id/9256269-L.jpg,2018,10-12,"conservation, coral-reef, Florida-Keys, marine-biology, ocean-acidification",science
65b7ec00-9dad-4dd8-92fd-d9301d257c47,The City of Ember,Jeanne DuPrau,4,independent,chapter-book,read-and-discuss,Ember is the only city in the world — it has always been the only city — and its lights are failing. Two teenagers figure out why and what lies beyond the darkness.,active,True,https://covers.openlibrary.org/b/id/14421081-L.jpg,2003,10-12,"assignment-day, electricity, escape, food-supply, underground-city",science
1de61cd8-20d8-4905-95ca-0ec119529fc5,The Dark Lord of Derkholm,Diana Wynne Jones,4,independent,chapter-book,read-and-discuss,A demon tourist company brings busloads of tourists from another world to see a real Dark Lord and a quest — and it is absolutely destroying the place.,active,True,https://covers.openlibrary.org/b/id/8281514-L.jpg,1998,10-12,"dragons, ecology, economics, fantasy-tourism, parody",language-arts
3d6600b3-ffc9-4c20-9779-7ba7aa00316f,The Evolution of Calpurnia Tate,Jacqueline Kelly,5,independent,chapter-book,read-and-explore,"In 1899 Texas, a girl discovers Darwin's Origin of Species and realizes the world she is being prepared for and the world she lives in are two different species.",active,True,https://covers.openlibrary.org/b/isbn/9780312659301-L.jpg,2009,10-12,"1899-Texas, evolution, gender-expectations, naturalism, women-in-science","geography, history, science, social-emotional"
6091c39a-c911-41b8-ae25-00f48e5c470e,The Fourteenth Goldfish,Jennifer L. Holm,5,independent,chapter-book,read-and-explore,Ellie's grandfather discovers the secret to reversing aging and turns himself into a teenager.,active,True,https://covers.openlibrary.org/b/isbn/9780375870644-L.jpg,2014,10-12,"aging, biology, discovery, grandparents, science-ethics","language-arts, science, social-emotional"
2c68c17c-61c6-4e77-a192-3442d52b8eba,The Great Fire,Jim Murphy,5,independent,nonfiction,read-and-discuss,"The Great Chicago Fire of 1871 burned for two days, destroyed 17,000 buildings, and killed 300 people — and how it started is only the beginning of what the fire reveals.",active,True,https://covers.openlibrary.org/b/id/929851-L.jpg,1995,10-12,"1871, Chicago-Fire, combustion, rebuilding, urban-planning",
d0e7bd05-d422-4bc2-ae64-eb8916f14299,The Hive Detectives: Chronicle of a Honey Bee Catastrophe,Loree Griffin Burns,4,independent,nonfiction,read-and-discuss,"In 2006, beekeepers started finding their hives empty — millions of bees vanishing overnight — and scientists had no idea why.",active,True,https://covers.openlibrary.org/b/isbn/9780547488127-L.jpg,2010,10-12,"apiculture, colony-collapse-disorder, ecology, honeybees, science-investigation",science
fa1a3589-825c-4528-b20d-4180f84e1508,The Last Kids on Earth,Max Brallier,3,independent,chapter-book,read-side-by-side,Jack Sullivan lives alone in his tree house after the zombie apocalypse with a monster pet and a baseball bat — and this is the greatest time of his life.,active,True,https://covers.openlibrary.org/b/id/8830396-L.jpg,2017,10-12,"friendship, humor, suburban, survival, zombie-apocalypse",science
e7fc8657-cae3-4088-859c-47b93192a59a,The Longitude Prize,Joan Dash,5,independent,nonfiction,read-and-discuss,"For centuries, sailors could not determine their longitude at sea — and ships wrecked by the thousands. A clockmaker named John Harrison built the solution, and the scientific establishment spent decades refusing to accept it.",active,True,https://covers.openlibrary.org/b/id/223948-L.jpg,2000,10-12,"18th-century, clockmaking, John-Harrison, longitude, navigation",
cda0a452-247f-492e-ae01-2f3292630884,The Mysterious Benedict Society,Trenton Lee Stewart,4,independent,chapter-book,read-and-discuss,Four extraordinary children pass impossible tests to form a secret society — and their mission is to infiltrate an institute that may be brainwashing the world.,active,True,https://covers.openlibrary.org/b/id/2378898-L.jpg,2007,10-12,"gifted-children, Morse-code, puzzle, spy, trust",
0213585d-c9a7-462d-bd21-eeb89968e743,The Parker Inheritance,Varian Johnson,5,independent,chapter-book,read-and-discuss,A girl finds a 50-year-old letter hidden in her grandmother's house — and following its clues opens a buried civil rights injustice in their South Carolina town.,active,True,https://covers.openlibrary.org/b/id/10839245-L.jpg,2018,10-12,"civil-rights, codes, mystery, South-Carolina, treasure-hunt",
04fe6e65-55e0-4908-8c2c-ba777226a1bd,The Sign of the Beaver,Elizabeth George Speare,5,independent,chapter-book,read-and-discuss,Matt is left alone in colonial Maine while his father gets the rest of the family — and his survival depends on what a Penobscot boy named Attean is willing to teach him.,active,True,https://covers.openlibrary.org/b/id/5140026-L.jpg,1983,10-12,"colonial-Maine, friendship, knowledge-exchange, Penobscot, survival",history
6e1b1612-8fcf-406d-9cba-5f575f161117,The Storm Runner,Jennifer Cervantes,4,independent,chapter-book,read-and-discuss,"Zane lives in New Mexico near a dormant volcano — and a strange dog leads him into the Maya underworld, where he discovers his father is a god.",active,True,https://covers.openlibrary.org/b/id/14565729-L.jpg,2018,10-12,"identity, Maya-mythology, Mexico, underworld, volcano",history
0eaac382-2d4b-41a1-89a4-62f9e8d8f105,The Westing Game,Ellen Raskin,5,independent,chapter-book,read-and-discuss,Sam Westing is dead and has left 16 very different heirs — each holding one clue — to solve the puzzle of who killed him and claim $200 million.,active,True,https://covers.openlibrary.org/b/id/6973801-L.jpg,1978,10-12,"heirs, identity, logic, murder-mystery, puzzle",
73168aac-5d27-49ac-935c-e89ab5f4da84,The Witch of Blackbird Pond,Elizabeth George Speare,5,independent,chapter-book,read-and-discuss,"Kit Tyler arrives in colonial Connecticut from Barbados and immediately breaks every rule of Puritan society — and when a friend is accused of witchcraft, it becomes her trial too.",active,True,https://covers.openlibrary.org/b/id/4904594-L.jpg,1958,10-12,"Barbados, colonial-Connecticut, freedom, Puritan, witch-trials",history
0da844c8-595c-4ea1-8b65-b35070016b97,They Called Us Enemy,George Takei,5,independent,graphic-novel,read-and-discuss,George Takei was four years old when the US government sent his family to internment camps because they were Japanese American — and he draws exactly what he remembers.,active,True,https://covers.openlibrary.org/b/id/10552030-L.jpg,2019,10-12,"civil-liberties, graphic-memoir, Japanese-American-internment, WWII",history
58ebb2c7-4871-4ef7-880a-8114d6b37b57,"Tracking Trash: Flotsam, Jetsam, and the Science of Ocean Motion",Loree Griffin Burns,4,independent,nonfiction,read-and-discuss,"In 1990, a container ship spilled 80,000 Nike sneakers into the Pacific — and an oceanographer realized the shoes could tell him exactly how ocean currents work.",active,True,https://covers.openlibrary.org/b/id/7634079-L.jpg,2007,10-12,"floating-debris, Nike-shoes, ocean-currents, oceanography, science",science
7e1b6613-99f3-4680-8a2a-138850bd3d66,Tristan Strong Punches a Hole in the Sky,Kwame Mbalia,4,independent,chapter-book,read-and-discuss,Tristan accidentally tears a hole between the real world and Alke — a land made of American folk heroes and African gods — and must fight to repair it with Anansi as his reluctant guide.,active,True,https://covers.openlibrary.org/b/id/9120341-L.jpg,2019,10-12,"Anansi, folk-heroes, grief, John-Henry, West-African-mythology",history
4e39cc4b-e033-4f76-9079-219e2ca14057,Undefeated: Jim Thorpe and the Carlisle Indian School Football Team,Steve Sheinkin,5,independent,nonfiction,read-and-discuss,Jim Thorpe and the Carlisle Indian School took on the most powerful football programs in America in 1912 — and beat them all while also fighting a century of forced assimilation policy.,active,True,https://covers.openlibrary.org/b/id/9257716-L.jpg,2017,10-12,"assimilation, Carlisle-Indians, football, Jim-Thorpe, Olympics",
454778a9-fd3d-4c91-af0a-900df0c9487b,Watership Down,Richard Adams,5,advanced,chapter-book,read-and-discuss,A colony of rabbits is warned of a coming disaster and sets out across the English countryside to find a new home — and builds a civilization along the way.,active,True,https://covers.openlibrary.org/b/id/6450196-L.jpg,1972,10-12,"ecology, England, leadership, mythology, rabbits",
5abb6a6c-7eae-4002-8c7a-56d402181843,We Are Not Free,Traci Chee (editor),5,independent,chapter-book,read-and-discuss,"14 authors, 14 Japanese American teenagers, all facing the same thing: forced removal into internment camps in WWII — each told in a completely different voice.",active,True,https://m.media-amazon.com/images/I/81Le9MneGmL._SL500_.jpg,2020,10-12,"community, identity, Japanese-American-internment, resistance, WWII",history
8f457b72-0d2b-4d3d-8b71-a99c0adb6165,When You Reach Me,Rebecca Stead,5,independent,chapter-book,read-and-discuss,A girl in 1970s New York City starts receiving notes from someone who knows things about the future — and the mystery is quietly about time itself.,active,True,https://covers.openlibrary.org/b/id/7811881-L.jpg,2009,10-12,"1970s-New-York, friendship, mystery, physics, time-travel",
b1c46901-244f-4c21-b76a-f45566c35e2e,Women in Science: 50 Fearless Pioneers Who Changed the World,Rachel Ignotofsky,4,independent,nonfiction,read-side-by-side,50 women who changed science across every field — from ancient astronomy to modern genetics — in illustrated profiles that make each one feel like someone you want to know.,active,True,https://covers.openlibrary.org/b/id/13090465-L.jpg,2016,10-12,"biography, history, illustration, STEM, women-scientists",
