book_id,title,author,current_score,v2_score,decision,door_count,doors_identified,second_layer_pass,rationale
64786a7e-2554-43b3-a1d6-269c03c9e3fa,A Different Pond,Bao Phi,5,5,hold-5,5,"immigration experience, Vietnamese war history, father-son relationship, cultural identity, grief/memorial",yes,"Five integrated doors: immigration, war history, sustenance, cultural identity, grief. Second layer holds: fishing reads as quiet morning with dad at 5-6; at 7-9 the wartime refugee backstory embedded in the fathers silences becomes visible — same scenes, different meaning."
b1858f24-47bf-4366-9c8a-6f8b6a7a1beb,A Drop of Water,Walter Wick,5,4,drop-to-4,4,"photography/art, surface tension physics, states of matter, real-world science observation",no,"Four natural doors: art, physics, chemistry, observation. Second layer fails: visual wonder of water reads the same at every age — more vocabulary, same meaning."
f1a40664-c949-42b4-afdf-1df0dc3f441c,A Flea for Justice: Marian Wright Edelman Stands Up for Change,Valerie Bolling,5,4,drop-to-4,4,"civil rights history, childrens advocacy/policy, biography, civic/legal process",no,"Four doors: civil rights, advocacy, biography, civics. Second layer fails: inspiring biography fully decoded once; policy mechanism delivered linearly."
7a1bfbc7-8be0-4aa6-a6da-0b0a1bd3fa21,A Most Perilous World: The True Story of the Young Abolitionists and Their Crusade Against Slavery,Kristina R. Gaddy,5,4,drop-to-4,3,"abolitionism history, biography (multiple young subjects), civics/social justice",n/a,"Three doors: history, biography, civics. Single age band (10-12), advanced level. Does not reach five-door threshold."
fb45189c-ae1c-4c48-afa1-d28b2f08acd8,A Rover's Story,Jasmine Warga,5,4,drop-to-4,4,"space science, AI/machine consciousness, friendship, grief/loss",no,"Four doors: space science, AI ethics, friendship, loss. Second layer fails: consciousness questions addressed explicitly through rovers narration rather than embedded structurally."
8515ce41-7c3f-4946-b367-6eb0fba6f064,A Window into the Ocean Twilight Zone,Michelle Cusolito,5,4,drop-to-4,4,"deep-sea ecology, research methodology, instrumentation/technology, food web science",no,"Four doors: ecology, methodology, technology, systems science. Carbon-cycle implications present but delivered in linear nonfiction sequence."
47471d4d-202a-43d4-bc7a-677a0218c103,Abolition and the African American Story,Patricia Williams Dockery,5,4,drop-to-4,3,"abolitionism history, African American biography, civics/resistance",n/a,"Three doors: history, biography, civics. Single band (10-12), advanced. Does not reach five-door threshold."
843303ec-5968-4384-a319-452755e169fb,Actual Size,Steve Jenkins,5,3,drop-to-3,2,"comparative scale/math, zoology",n/a,Two doors: scale math and animal science. Concept book at picture-book density — single idea (actual size) is the entire book. Calibrates with Press Here anchor.
2b83a332-fb31-482e-a34b-f46ab56e3b5b,Alberto Salas Plays Paka Paka con la Papa,Sara Andrea Fajardo,5,4,drop-to-4,3,"Latin American cultural heritage, music/performance, food history",n/a,"Three doors: cultural heritage, music, food history. Early-reader format limits concept density; does not reach five-door threshold."
1c5e53e9-5189-40a1-9de1-8e0a7ccf16a9,Almost Underwear: How a Piece of Cloth Traveled from Kitty Hawk to the Moon and Mars,Jonathan Roth,5,4,drop-to-4,4,"aviation history, space exploration, materials science, American technological history",no,"Four doors: aviation, space, materials science, history. Cloth-from-Kitty-Hawk narrative engaging but delivers meaning once; no structural re-reading layer."
ee11b13e-205c-4778-a5af-89d1ec1f4199,American Murderer: The Parasite That Haunted the South,Gail Jarrow,5,4,drop-to-4,4,"aviation history, space exploration, materials science, American technological history",no,"Four doors: aviation, space, materials science, history. Cloth-from-Kitty-Hawk narrative engaging but delivers meaning once."
8c61b127-0af4-4d1f-a1f8-79d2eb71ada6,An American Plague: The True and Terrifying Story of the Yellow Fever Epidemic of 1793,Jim Murphy,5,4,drop-to-4,4,"epidemiology, social history of poverty, public health policy, Southern US history",no,"Four doors: epidemiology, social history, public health, regional history. Single band (10-12). Poverty-disease connection delivered explicitly, not structurally embedded."
10d01d03-4e42-4423-b475-77160130f560,An Immense World (Young Readers Edition): How Animals Sense Earth's Amazing Secrets,Ed Yong,5,5,hold-5,5,"animal sensory biology, philosophy of perception, evolutionary biology, ecology, consciousness/cognition",yes,"Five integrated doors: sensory science, philosophy, evolution, ecology, cognition. Second layer holds: at 7-9 reads as cool animal facts about different senses; at 10-12 the umwelt concept reveals that every creature experiences a different reality — a philosophical layer inaccessible to the younger reader."
1cd2d48f-0fc7-4100-beba-4618e87a6ce4,Baseball's Shining Season: America's Pastime on the Brink of War,Martin W. Sandler and Craig Sandler,5,4,drop-to-4,3,"baseball history, pre-WWII American culture, biography of players",n/a,"Three doors: sports history, cultural history, biography. Single band (10-12). Does not reach five-door threshold."
bb09c5f5-da2c-41f0-932f-40008ee4a227,Bee Dance,Rick Chrustowski,5,4,drop-to-4,3,"baseball history, pre-WWII American culture, biography of players",n/a,"Three doors: sports history, cultural history, biography. Single band (10-12). Does not reach five-door threshold."
e93977d6-f035-4871-8148-3a25f2d78a1e,Before Colors: Where Pigments and Dyes Come From,Annette Bay Pimentel,5,4,drop-to-4,4,"bee biology, mathematical navigation angular encoding, ecology/pollination, science communication",near-miss,"Four doors: biology, mathematics, ecology, communication. Second layer genuine (dance reads as communication at 5-6 and as precise mathematical encoding at 7-9) but door count does not reach five required for Score 5."
b3c0ed00-29a2-44ce-88c1-7183ca3ef818,Before the Ships: The Birth of Black Excellence in American Aviation,Maisha Oso,5,4,drop-to-4,4,"chemistry/materials science, art history, natural world sources, cultural geography",no,"Four doors: chemistry, art history, natural science, geography. Origin-of-pigments concept delivered in discovery sequence without structural second-reading layer."
800fea57-6662-4603-ba6a-713c9dddd4d5,Ben Franklin's Almanac,Candace Fleming,5,4,drop-to-4,4,"aviation history, racial history/civil rights, biography multiple subjects, WWII history",no,"Four doors: aviation, racial history, biography, WWII. Inspiring biography; racial-barrier content delivered explicitly rather than embedded for re-reading discovery."
31a38fbb-d870-4725-b154-298e1993bd82,"Blast Off!: The Story of Mary Sherman Morgan, America's First Female Rocket Scientist",Suzanne Slade,5,4,drop-to-4,4,"American history, science and invention, civic philosophy, publishing/media history",no,"Four doors: history, science, civics, media. Scrapbook format delivers breadth; Enlightenment philosophical layer browsable but not structurally embedded."
3fcb2aba-1695-4be1-b655-1a0c2487db89,Blizzard of Glass: The Halifax Explosion of 1917,Sally M. Walker,5,4,drop-to-4,4,"aerospace engineering, women in STEM history, Cold War history, propellant chemistry",no,"Four doors: engineering, gender history, Cold War, chemistry. Early-reader format limits density; biography delivers inspiring narrative linearly."
ecb5ab1f-95d8-4715-8323-d001546e9099,Blockhead: The Life of Fibonacci,Joseph D'Agnese,5,4,drop-to-4,4,"Fibonacci math history, medieval European history, biography, Fibonacci patterns in nature",no,"Four doors: math history, European history, biography, natural science. OD only 92ch at picture-book density; the Fibonacci-in-nature connection is present but thinly delivered."
d7acaf08-7965-4c79-9132-d4b5d5fa6a9d,Botticelli's Apprentice,Ursula Murray Husted,5,4,drop-to-4,4,"Renaissance art history, apprenticeship/craft tradition, Italian history, religious iconography",no,"Four doors: art history, craft tradition, Italian history, religion. Graphic novel format; Renaissance political/religious context not confirmed as structurally embedded for re-reading discovery."
1bf4d23c-e1d8-4670-a224-9a1375e1260a,Boxes for Katje,Candace Fleming,5,4,drop-to-4,4,"WWII post-war recovery, cross-cultural friendship, humanitarian aid, Dutch geography/history",no,"Four doors: WWII history, recovery, friendship, geography. Second layer fails: Katje explains through her letters what each gift means, making both the friendship and humanitarian framing accessible simultaneously to all readers."
06d38cc5-adb3-4a66-a87b-34ff12c01667,Boys in the Boat: The True Story of an American Team's Epic Journey to Win Gold at the 1936 Olympics (Young Adult Adaptation),Greg Zeigler and Daniel James Brown,5,4,drop-to-4,4,"Depression-era America, 1936 Berlin Olympics and Nazi propaganda, rowing/athletics, teamwork psychology",no,"Four doors: history, athletics, political context, teamwork. Single band (10-12). Delivers the Berlin Olympics propaganda layer explicitly rather than embedded as re-reading second layer."
e9cf5467-a803-4722-8cfb-e03685c7c917,Brown Girl Dreaming,Jacqueline Woodson,5,5,hold-5,6,"Civil Rights history, Black American experience, family relationships, poetry/language-arts as form, geography (South to NYC), identity formation",yes,"Six integrated doors: civil rights, identity, family, poetry, geography, Black cultural history. Second layer holds: at 10-12 the verse reads as narrative; at older re-reading the compression and craft choices — what the verse omits, how rhythm creates emphasis — become legible as a separate layer of meaning the younger reader cannot yet access."
c20f6e38-458d-498e-99fd-888520897f47,Building Our House,Jonathan Bean,5,4,drop-to-4,4,"construction/engineering, family identity/values, self-sufficiency ethic, math/planning",no,"Four doors: construction, family values, self-sufficiency, math. Second layer fails: the self-sufficiency theme and family-builds-together meaning are fully visible on first reading; re-reading adds appreciation, not new meaning."
ab228eee-437b-4c36-a41f-bb5227a72cd8,"Change Is in the Air: The Hidden Discoveries of Eunice Newton Foote, the First Climate Scientist",Rebecca Donnelly,5,4,drop-to-4,4,"climate science history, women in science, 19th-century American history, scientific method",no,"Four doors: climate science, women in STEM, history, scientific method. Early-reader format limits concept depth; the historical-injustice layer (Foote ignored despite correct findings) is stated rather than structurally embedded."
fa1cc12e-56c7-4791-a9dd-32520faf4867,Chasing Lincoln's Killer,James L. Swanson,5,4,drop-to-4,3,"Lincoln assassination history, manhunt/detective narrative, Civil War aftermath",n/a,"Three doors: history, narrative tension, Civil War context. Single band (10-12). Does not reach five-door threshold."
ad2a033f-c5f0-4e35-bbeb-2e736bbba0f4,Click Clack Moo: Cows That Type,Doreen Cronin,5,4,drop-to-4,4,"labor rights/collective bargaining (implicit), absurdist humor, negotiation/ultimatum structure, animal-as-social-commentary",no,"Four doors: labor satire, humor, narrative structure, social commentary. Second layer fails: the labor-negotiation gag is fully visible at 3-4 as funny and at 7-9 as cleverly named — more vocabulary, same fundamental gag. Calibrates with Day the Crayons Quit anchor."
8d529197-a960-4521-9919-023a8b501863,Code Girls: The Untold Story of the American Women Codebreakers of World War II (Young Readers Edition),Liza Mundy,5,4,drop-to-4,4,"cryptography, WWII history, womens history, mathematics/linguistics",no,"Four doors: cryptography, WWII, gender history, math. Single band (10-12). Womens role in codebreaking is the explicit subject; delivered linearly."
1f2900b1-9c81-4b0e-a4e5-dd2e47d20cb6,Count on Me,Miguel Tanco,5,4,drop-to-4,4,"mathematics/pattern recognition, visual art, family relationship, social-emotional persistence",no,"Four doors: math, art, family, persistence. Second layer fails: math-is-everywhere message stated explicitly; second band only extends to 5-6, limiting re-reading span."
a139a139-2319-4d73-84e3-517400c4e03a,Counting on Katherine,Helaine Becker,5,4,drop-to-4,5,"space history, mathematics, civil rights/racial barriers, gender barriers, biography",no,"Five doors: space, math, racial history, gender history, biography. OD only 85ch at picture-book density; calibrates with Mama Miti anchor (biography with multi-domain reach but linear delivery). Delivery too thin to earn second layer."
19e8e348-c65a-4365-8982-fe55bb2aad97,Daughter of the Light-Footed People: The Story of Indigenous Marathon Champion Lorena Ramírez,Belen Medina,5,4,drop-to-4,4,"indigenous culture/Tarahumara tradition, marathon athletics, Copper Canyon geography/ecology, biography",no,"Four doors: indigenous culture, athletics, ecology, biography. Inspiring biography with multi-domain reach delivered in linear sequence; no structural second layer confirmed."
73f249f3-5ca4-4d18-8f6f-80c84586326d,"Dead Ends! Flukes, Flops, and Failures That Sparked Medical Marvels",Lindsey Fitzharris,5,5,hold-5,5,"medical history, scientific epistemology (failure as knowledge), biology, history of discovery, philosophy of science",yes,"Five integrated doors: medical history, epistemology, biology, discovery history, philosophy. Second layer holds: at 7-9 the failed experiments read as dramatic gross stories; at 10-12 the pattern across failures becomes visible as a system — iteration, hypothesis, falsifiability — revealing a different meaning of the same stories."
ff3e0389-e6f9-4b05-965b-39e3b5586f77,Diary of a Worm,Doreen Cronin,5,3,drop-to-3,3,"earthworm ecology, diary literary form, humor/perspective-taking",n/a,"Three doors at picture-book density: ecology, diary form, humor. No second layer; the worm-perspective gag is fully decoded at 3-4. Less substantial than the Day the Crayons Quit 4 anchor; calibrates closer to concept-book territory."
98d7a3ec-bd5f-4488-82e4-1f8c6496cd8d,Discovering Life's Story: The Birth of Genetics,Joy Hakim,5,4,drop-to-4,4,"genetics/biology, history of science, Mendel biography, evolutionary biology",no,"Four doors: genetics, scientific history, biography, evolution. Single band (10-12), advanced. Social implications of genetics (eugenics) are present but narrated linearly rather than as a structurally embedded second layer."
c00d0d42-e25d-45d2-aa3b-84605898acb2,Drawn Onward,Daniel Nayeri,5,5,hold-5,5,"palindromic literary structure, narrative perspective, visual storytelling, refugee/displacement experience, language/wordplay",yes,"Five integrated doors: literary structure, perspective, visual art, refugee experience, language. Second layer is structurally embedded: the SAME pages read as journey away (forward) and journey home (backward) — two different meanings in identical illustrations, discoverable only by re-reading in reverse."
4d1d01b1-2ed1-46ac-b9b7-fc4f4b1e7f6f,Drowned City: Hurricane Katrina and New Orleans,Don Brown,5,4,drop-to-4,4,"disaster meteorology, American history, racial inequality in disaster response, New Orleans history/culture",no,"Four doors: disaster science, American history, racial inequality, cultural history. Single band (10-12). Graphic novel delivers racial-inequality layer visually and simultaneously with the disaster narrative rather than as a re-reading discovery."
9ecafe57-379b-4883-a410-b5f095437989,Drum Dream Girl,Margarita Engle,5,5,hold-5,5,"music/drumming, gender barriers in Cuban culture, 1930s Cuban history, Chinese-African-Cuban cultural identity, artistic persistence",yes,"Five integrated doors: music, gender, history, cultural identity, persistence. Second layer holds: at 3-4 reads as girl wants to drum and succeeds; at 7-9 the gender prohibition, racial/ethnic identity, and historical Cuban cultural norms become visible as the real subject of the same scenes."
b9e3cac1-06cd-4d6c-a8c5-255a4d2a3a1c,Earthrise: How the Apollo 8 Crew Photographed the World,Leonard S. Marcus,5,5,hold-5,5,"space science/orbital mechanics, photography as document, environmental movement history, Apollo program, philosophical shift in human self-perception",yes,"Five integrated doors: space science, photography, environmentalism, history, philosophy. Second layer holds: at 7-9 the Earthrise photograph reads as a stunning space image; at 10-12 the moment humans first saw Earth as a whole — fragile, borderless, shared — reveals a philosophical and environmental meaning the younger reader cannot yet access."
aa6d9b53-68b4-4d6f-804d-30858fe9501d,Enemy Pie,Derek Munson,5,3,drop-to-3,2,"social-emotional (friendship/empathy), narrative structure",n/a,Two doors: social-emotional and narrative. Pie-as-friendship-device is the single concept; the empathy lesson is explicit and fully visible at 3-4. Narrow domain scope at picture-book density.
2169090a-3ba3-4389-9d59-96a6313928d2,Extra Yarn,Mac Barnett,5,3,drop-to-3,3,"creativity/generosity, visual art/craft, magical realism narrative",n/a,"Three doors at picture-book density: creativity, craft, magical realism. Second layer absent: the infinite-generosity theme is the explicit point at every age; re-reading reveals appreciation, not new meaning."
47703cc1-76a7-4f81-9335-e4ff5a3e17b8,Extreme Birdwatching: Measuring Change on a Galápagos Island,Loree Griffin Burns,5,5,hold-5,5,"ornithology/field biology, climate change measurement methodology, scientific process in practice, Galapagos natural history (Darwin), ecology/systems science",yes,"Five integrated doors: ornithology, climate measurement, scientific methodology, ecological history, systems science. Second layer holds: at 7-9 reads as adventure birdwatching on a famous island; at 10-12 the birdwatching reveals itself as a scientific instrument for measuring environmental change over time — same field activity, different meaning."
f9a830bc-648c-4897-aaa4-ba2fa0a2e771,Finding Home: Amazing Places Animals Live,Mike Unwin,5,4,drop-to-4,3,"animal habitat ecology, geography (global biomes), adaptation science",n/a,"Three doors: ecology, geography, adaptation. Survey-format early-reader; breadth over depth. Does not reach five-door threshold."
9d4e9dea-4b4e-4e70-ab09-5e5ceb712b8d,Flower Talk,Sara Levine,5,4,drop-to-4,4,"botany/plant biology, color theory and visual communication, pollination ecology, plant-pollinator signaling",no,"Four doors: botany, color theory, ecology, communication. Second layer fails: the flower-as-communicator framing is the books explicit thesis, not a layer the older reader discovers — it is stated directly throughout."
e2590991-cb2b-4c13-9073-41781626013e,Footeprint: Eunice Newton Foote at the Dawn of Climate Science and Women's Rights,Lindsay H. Metcalf,5,4,drop-to-4,5,"climate science history, womens rights history, 19th-century American history, biography, scientific methodology",no,"Five doors: climate science, womens rights, history, biography, methodology. Single band (10-12), advanced. Delivers dual-erasure narrative (climate suppressed, woman suppressed) explicitly in linear sequence; no structural re-reading layer."
4c6cbef2-3a58-4893-a552-b23f766ac041,Grand Canyon,Jason Chin,5,4,drop-to-4,5,"geology/deep time, ecology/biology (Canyon species), visual art/illustration, geography, natural history",no,"Five doors: geology, ecology, art, geography, natural history. OD only 109ch at picture-book density; too thin for second-layer to be structurally embedded — the deep-time scale is labeled but not woven as a discoverable layer."
699cfa9d-6654-47af-89dc-d0fec191f638,Greenglass House,Kate Milford,5,4,drop-to-4,4,"mystery/detective reasoning, historical inn setting and lore, social-emotional (found family), geography (smuggling routes)",n/a,"Four doors: mystery, history, social-emotional, geography. OD only 93ch for an independent chapter-book — unusually thin. Single band (10-12). Does not confirm five-door threshold."
2c233aaf-1132-4bf9-aeea-0f93cf6f1b4f,Grief Is an Elephant,Tamara Ellis Smith,5,3,drop-to-3,2,"social-emotional (grief processing), metaphor/language arts",n/a,Two doors: grief processing and metaphorical language. Single subject (social-emotional). The elephant metaphor is the whole book; narrow scope at picture-book density.
51b246dd-a25a-46d3-91ee-a188626a5591,Hidden Figures Young Readers' Edition,Margot Lee Shetterly,5,4,drop-to-4,5,"space history/NASA, mathematics, civil rights/racial history, gender history, biography (multiple subjects)",no,"Five doors: space, math, racial history, gender history, biography. Single band (10-12). Calibrates with Mama Miti anchor: biography with multi-domain reach delivered in linear sequence — teacher can build a 5-tier unit but the book delivers linearly."
59f97dc6-96c7-41e5-822c-963cfae4beb4,Holding Her Own: The Exceptional Life of Jackie Ormes,Traci N. Todd,5,4,drop-to-4,4,"cartooning/art history, Black press history, racial history, gender history",no,"Four doors: art history, press history, racial history, gender history. Biography with multi-domain reach; no subject tags to confirm additional doors. Conservative hold at 4."
6df0d6b8-5528-486b-ac8d-7af57da421ed,Hot Dog,Doug Salati,5,3,drop-to-3,3,"sensory overwhelm/mindfulness, urban-to-nature emotional contrast, visual storytelling",n/a,"Three doors at picture-book density: sensory experience, emotional regulation, visual art. Per rubric: Hot Dog explicitly scores 3. Award status (2023 Caldecott) carries no score weight."
1e6c0a94-6ab8-4cf4-b551-d35db3ee30f5,How Many Seeds in a Pumpkin?,Margaret McNamara,5,4,drop-to-4,4,"mathematics (multiplication/estimation/patterns), plant science (seed counts), social-emotional (size and worth), classroom community",no,"Four doors: math, botany, social-emotional, community. Second layer fails: the size-does-not-determine-worth message is stated explicitly by the end; both math and social layers fully accessible on first reading."
eb9fdca2-7ce6-4a11-a85c-6ab01bae3f0f,How to Be a Good Creature: A Memoir in Thirteen Animals,Sy Montgomery,5,4,drop-to-4,5,"animal science (thirteen species), biography/memoir, philosophy of cross-species relationships, social-emotional wisdom, ecology",no,"Five doors: animal science, memoir, philosophy, social-emotional, ecology. Second layer fails: Sy Montgomery explicitly states the lesson each animal taught her — the philosophical layer is not embedded for discovery, it is named at each chapters conclusion. Iggy Peck anchor applies."
60cc4f62-215b-482b-8f75-e8a003e3ff61,Human Body Theater,Maris Wicks,5,4,drop-to-4,4,"anatomy/biology (body systems), health science, graphic novel literacy/art, systems thinking (how body systems interconnect)",no,"Four doors: anatomy, health, art, systems thinking. Strong science graphic novel; systems-thinking framing is the books explicit thesis rather than a discoverable second layer."
8bbb56d2-d371-4708-aa59-6fa2c6c27214,"Iggy Peck, Architect",Andrea Beaty,5,4,drop-to-4,4,"architecture/engineering, artistic persistence, elementary school setting, rhyme/craft",no,Per rubric: Iggy Peck is the 4 anchor. Adults-should-value-kid-creativity message explicitly stated at resolution. Holds at 4; does not cross the second-layer threshold.
ecc79c13-3650-4904-8dc5-a1ba61000232,In Every Life,Marla Frazee,5,3,drop-to-3,2,"philosophy of universal human experience, visual storytelling",n/a,Two doors: life-philosophy and visual narrative. Universal-life-moments concept book at picture-book density; narrow scope. Singular idea (all lives share these moments) executed with craft but without cross-domain reach.
82c0a2ac-8c49-45a1-9adb-1e7e2fe7c0e0,Iveliz Explains It All,Andrea Beatriz Arango,5,4,drop-to-4,4,"mental health/anxiety, Puerto Rican cultural identity, school social dynamics, family relationships",no,"Four doors: mental health, cultural identity, school dynamics, family. Chapter-book without confirmed structural second layer; neurodivergence framing accessible to both bands but not revealed differently."
cc1f604d-8b2e-46cb-9093-e9bc998fa8a3,Judge Ketanji Brown Jackson: A Life Committed to Justice,Lori Rozsa and Garen Thomas,5,4,drop-to-4,4,"legal history and judicial process, racial history, gender history, biography",n/a,"Four doors: law, racial history, gender history, biography. Single band (10-12). Linear biography; does not reach five-door threshold."
80852334-2007-4931-908e-5c9ef2a39a3b,Jumper: A Day in the Life of a Backyard Jumping Spider,Jessica Lanan,5,4,drop-to-4,4,"arachnology/spider biology, natural history narrative, predator-prey ecology, sensory perception science",no,"Four doors: spider biology, natural history, ecology, sensory science. Second layer fails: the hunting narrative reads as exciting at 5-6 and as detailed science at 7-9 — more depth, same fundamental meaning (a spider hunts)."
c21c1a05-1ece-44c2-82c8-a9fefcac2796,Just in Case: Saving Seeds in the Svalbard Global Seed Vault,Megan Clendenan,5,4,drop-to-4,5,"botany/seed science, climate change and food security, international cooperation, Arctic geography (Svalbard), agricultural biodiversity history",no,"Five doors: botany, climate, international policy, geography, agricultural history. Early-reader format limits depth; the civilization-insurance-policy meaning is present but not structurally embedded — the vault reads the same at both bands with different vocabulary, not different meaning."
43f2bcf6-b39d-49b6-a44c-e412b3d46def,Life after Whale,Lynn Brunelle,5,5,hold-5,5,"marine ecology, decomposition and nutrient cycling, deep-sea biology, life/death cycles in ecosystems, food web science",yes,"Five integrated doors: marine ecology, decomposition science, deep-sea biology, life cycles, food webs. Second layer holds: at 5-6 reads as remarkable animal feast on the whale body; at 7-9 the same whale fall reveals itself as a complete nutrient-recycling ecosystem that sustains deep-sea life for decades — fundamentally different meaning of the same whale."
a8ac1461-309f-440f-b10c-2ff0f4e357ae,Lincoln's Grave Robbers,Steve Sheinkin,5,4,drop-to-4,3,"American history (Lincoln era), crime/detective narrative, Secret Service and law enforcement history",n/a,"Three doors: history, crime narrative, law enforcement. Single band (10-12). Does not reach five-door threshold."
74adedf5-42d5-44e9-91b7-58f26aa8b2d8,Mama Miti: Wangari Maathai and the Trees of Kenya,Donna Jo Napoli,5,4,drop-to-4,4,"Kenyan environmental history, Wangari Maathai biography, women civic leadership, tree species/ecology",no,Per rubric: Mama Miti is the 4 anchor. Multi-domain reach is exceptional; book architecture stays at single-narrative level. Teacher can build a 5-tier unit but the book delivers linearly.
3c6bab30-5b44-49ee-ae89-c39c0d494a6a,Marie's Magic Eggs: How Marie Procai Kept the Ukrainian Art of Pysanky Alive,Sandra Neil Wallace,5,4,drop-to-4,3,"Ukrainian folk art (pysanky), cultural heritage preservation, biography",n/a,"Three doors: folk art, cultural preservation, biography. No subject tags to confirm additional domains. Does not reach five-door threshold."
65257dac-8d40-40eb-9987-47af0b1eadd6,Messy Roots,Laura Gao,5,4,drop-to-4,5,"Chinese-American cultural identity, immigration/diaspora experience, Southern American geography and culture, LGBTQ identity, coming-of-age",no,"Five doors: cultural identity, diaspora, Southern culture, LGBTQ, coming-of-age. Single band (10-12). OD only 141ch for an independent graphic novel; delivers identity layers simultaneously rather than as a structurally embedded second layer."
ea9a1df0-a65d-4e86-b64e-9f0390c32f67,Mexikid,Pedro Martín,5,4,drop-to-4,4,"Mexican cultural identity, family history and immigration, road-trip geography, intergenerational relationships",n/a,"Four doors: cultural identity, immigration, geography, family. No subject tags to confirm additional domains. Graphic memoir delivers identity content personally and directly."
a97e9dcc-8605-411c-99b6-1422b1cd8d4b,Mimic Makers: Biomimicry Inventors Inspired by Nature,Kristen Nordstrom,5,4,drop-to-4,5,"engineering and design thinking, biology (natural models for invention), ecology, cross-disciplinary STEM, innovation history",no,"Five doors: engineering, biology, ecology, STEM integration, innovation. The biomimicry thesis — nature as evolutionary design database — is the books explicit framework, not a layer the older reader discovers. Second layer fails."
769a4e13-eef7-4616-bdd0-bf764d7b8f40,Moonbird,Phillip Hoose,5,4,drop-to-4,5,"ornithology, long-distance migration ecology, coastal geography, conservation/advocacy, math (migration distances and survival rates)",no,"Five doors: ornithology, ecology, geography, conservation, math. Single band (10-12), advanced. OD only 102ch. The conservation-advocacy layer is the books explicit purpose rather than an embedded second layer."
65dd28e9-e490-413d-a6ed-87ef96c964d6,Mrs. Frisby and the Rats of NIMH,Robert C. O'Brien,5,5,hold-5,4,"scientific ethics (NIMH animal experimentation), animal cognition/intelligence, social organization and governance, narrative fantasy",yes,"Four doors with exceptional second-layer depth (Where the Wild Things Are precedent applies). Second layer holds: at 10-12 reads as thrilling adventure with superintelligent rats; at older re-reading the ethics of intelligence enhancement — who owns it, what obligations follow, what makes consciousness worthy of rights — become the dominant reading of the same scenes. A 5 on second-layer depth, not door count."
ffb5959d-8aa5-4f29-a26f-c01d7be5c43b,"My Antarctica: True Adventures in the Land of Mummified Seals, Space Robots, and So Much More",G. Neri,5,4,drop-to-4,4,"Antarctic ecology and wildlife, climate science (measurement context), robotics/technology in field science, geographic extremes",no,"Four doors: ecology, climate science, robotics, geography. Adventure-science format; the climate measurement purpose of the fieldwork is stated rather than embedded as a re-reading discovery."
8076a409-593f-44ac-9866-dfa940422b1d,Neighborhood Sharks,Katherine Roy,5,4,drop-to-4,5,"shark biology, marine ecology and food web, scientific observation methodology, coastal geography (Farallon Islands), visual science art",no,"Five doors: shark biology, ecology, methodology, geography, visual art. OD only 107ch at picture-book density — too thin for the second-layer to be structurally embedded rather than surface-stated."
fdf9f565-4fae-4ca3-82dc-bc0ec27930d8,Never Give Up: Dr. Katalin Karikó and the Race to the COVID-19 Vaccine,Debbie Dadey,5,4,drop-to-4,4,"immunology and mRNA science, biography, scientific persistence through rejection, women in STEM history",no,"Four doors: immunology, biography, persistence, gender history. Early-reader format limits depth; the persistence-rewarded narrative is fully decoded on first reading."
35432dc8-06a8-4787-ae3c-334411f91d2e,NOA,Aaron Becker,5,3,drop-to-3,3,"visual narrative/wordless storytelling, environmental themes, imagination and wonder",n/a,"Three doors at picture-book density: visual narrative, environmental themes, imagination. Two-band span only (3-4, 5-6). Concept picture-book where the visual story is the entire experience."
93d7dbb7-66d2-45a5-bd9c-49fb1cc201a5,Octopus Ocean: Geniuses of the Deep,Mark Leiren-Young,5,4,drop-to-4,4,"cephalopod biology, animal cognition and intelligence science, marine ecology, animal behavior",no,"Four doors: biology, cognition science, ecology, behavior. Second layer fails: the geniuses-of-the-deep thesis — what octopus intelligence reveals about the nature of intelligence — is explicitly stated throughout rather than embedded as a re-reading discovery."
e9ff6801-04b5-4fcd-95a0-5aac18f98586,Ode to Grapefruit: How James Earl Jones Found His Voice,Kari Lavelle,5,4,drop-to-4,4,"biography (James Earl Jones), speech and communication science, stuttering/disability, performing arts history",no,"Four doors: biography, speech science, disability, performing arts. Early-reader format limits concept depth; inspiring biography delivered in linear progression."
d857f408-25a5-4b40-b85c-2b0847a94aad,Officer Buckle and Gloria,Peggy Rathmann,5,3,drop-to-3,3,"civic safety education, friendship and partnership, narrative irony (dog performs behind officers back)",n/a,"Three doors at picture-book density: civic safety, friendship, irony. Second layer absent: the irony of Glorias secret performances is visible and funny at 3-4; re-reading at 7-9 adds vocabulary to name the irony but reveals the same gag."
d5fec630-3776-41c7-9ede-018d1df57c84,Once Upon a Book,Grace Lin,5,3,drop-to-3,2,"love of reading and meta-fiction, visual storytelling",n/a,Two doors: meta-fiction and visual narrative. Books-bring-stories-to-life concept at picture-book density; singular idea executed with craft.
3d8d04a8-c995-42af-872b-af90aa17834f,One Grain of Rice,Demi,5,4,drop-to-4,5,"exponential mathematics, Indian cultural history and folk tale, social justice (peasant vs. ruler), geography, folk narrative structure",no,"Five doors: math, cultural history, social justice, geography, narrative. Second layer fails at picture-book density (OD 84ch): the doubling math is shown but the exponential growth concept is a delight at 5-6 and a named concept at 7-9 — more vocabulary, not different meaning of the same grains of rice."
c37d386a-384f-4ebc-a192-d022a160982c,Over and Under the Pond,Kate Messner,5,3,drop-to-3,3,"freshwater pond ecology, above/below habitat structure, natural history narrative",n/a,"Three doors at picture-book density: freshwater ecology, habitat structure, natural history. OD only 80ch. The over/under structure is the single concept; well executed but narrow in domain scope."
1acf2f4f-15fc-4cf8-bf1d-a421db2b74be,Radium Girls (Young Readers Edition),Kate Moore,5,4,drop-to-4,5,"labor history, radiation physics, womens history, workplace safety and law, industrial history",no,"Five doors: labor, physics, gender history, law, industrial history. Single band (10-12). The radium-workers-fight-back narrative is powerful and multi-domain but delivered linearly; the legal and scientific layers are explicit throughout."
4f2f3c65-0cb5-4706-992c-000062689fce,Reaching for the Moon: The Autobiography of NASA Mathematician Katherine Johnson,Katherine Johnson,5,4,drop-to-4,5,"space history, mathematics, civil rights/racial history, gender history, autobiography/memoir",no,"Five doors: space, math, racial history, gender history, memoir. Single band (10-12). Autobiography format delivers all layers simultaneously and explicitly — the intersection of race, gender, and science is the stated subject throughout."
734fa8a9-255a-4322-bba6-ca92c550e6bf,Rising Water: The Story of the Thai Cave Rescue,Marc Aronson,5,4,drop-to-4,4,"cave geology and spelunking, rescue diving science, international cooperation dynamics, psychology under extreme conditions",n/a,"Four doors: geology, rescue science, international cooperation, psychology. Single band (10-12). Does not confirm five-door threshold; immediate rescue narrative delivers drama and science in linear sequence."
b843eeb9-cbac-46e8-91f8-67528a761b72,Roxaboxen,Alice McLerran,5,4,drop-to-4,3,"imaginative play and community building, desert geography, childhood memory and retrospection",no,"Three doors: play/community, geography, memory. Second layer present but door count insufficient — the retrospective framing (Roxaboxen is still there) creates a meditation on childhood memory but requires only 3 doors at picture-book density to do it."
3374fa70-9372-46c2-84a2-d4de5f808858,Sam and Dave Dig a Hole,Mac Barnett,5,4,drop-to-4,4,"earth science (underground layers), persistence and near-miss narrative, visual irony, subtle parallel-world ending",near-miss,"Four doors: earth science, persistence, visual irony, narrative. Second layer near-miss: the subtle visual differences at the endings close may reveal a parallel-world reading to attentive older readers, but the structural embedding requires noticing a visual detail rather than a re-reading of meaning — more visual-acuity test than genuine second layer."
fb8514c6-dd24-4491-a3fe-c6efba4687d4,"Santiago Saw Things Differently: Santiago Ramón y Cajal, Scientific Artist",Christine Iverson,5,5,hold-5,5,"neuroscience and neural anatomy, art and scientific illustration, biography, Spanish history and culture, scientific methodology (observation as discovery)",yes,"Five integrated doors: neuroscience, art, biography, history, methodology. Second layer holds: at 5-6 Cajals drawings read as beautiful art of mysterious shapes; at 7-9 the same drawings reveal themselves as the discovery (neurons are individual cells, not a continuous net) — art and scientific breakthrough are structurally identical objects in this book."
84fa5cfc-c073-4b4c-9bb5-b31dcb2c513c,Seeds of Change,Jen Cullerton Johnson,5,4,drop-to-4,4,"Kenyan environmental history, womens civic leadership, tree planting ecology, post-colonial African history",no,"Four doors: environmental history, leadership, ecology, post-colonial history. Calibrates with Mama Miti 4 anchor — same Wangari Maathai subject treated at picture-book density in linear biographical sequence."
6a9eeb44-5953-43fc-a54b-7467a3401e5b,Seeds of Discovery: How Barbara McClintock Used Corn and Curiosity to Solve a Science Mystery and Win a Nobel Prize,Lori Alexander,5,5,hold-5,5,"genetics and molecular biology (transposable elements), womens history in science, scientific methodology and peer rejection, agricultural science (corn genetics), biography",yes,"Five integrated doors: genetics, gender in science, methodology, agriculture, biography. Second layer holds: at 5-6 reads as inspiring biography of woman who studied corn for decades and was ignored; at 7-9 the jumping genes concept (genetic elements that move between chromosomes, revolutionizing understanding of heredity) becomes legible as a scientific revolution, not just a discovery — same corn plants, fundamentally different biological meaning."
8dbf5c30-09c9-4830-81c1-7017eb49e688,"Seen and Unseen: What Dorothea Lange, Toyo Miyatake, and Ansel Adams's Photographs Reveal About the Japanese American Incarceration",Elizabeth Partridge,5,5,hold-5,5,"photography as historical document, Japanese American incarceration history, civil liberties and racial justice, WWII American history, visual analysis and photographic theory",yes,"Five integrated doors: photography, incarceration history, civil liberties, WWII, visual theory. Second layer holds: at 7-9 the three photographers produce powerful historical images; at 10-12 the same photographs reveal what each photographer chose to show and hide and why (government assignment, insider witness, humanizing beauty) — photographic theory makes the same images mean differently at different reading ages."
99e9ea5f-7915-4bab-8f28-c64c030baec8,Separate Is Never Equal,Duncan Tonatiuh,5,4,drop-to-4,5,"civil rights history (pre-Brown desegregation), legal process/civics, California history, Mexican American history, social justice",no,"Five doors: civil rights, law, California history, Mexican American history, social justice. OD only 82ch at picture-book density — too thin for structural second-layer embedding. The legal and historical layers are labeled but not woven as re-reading layers."
c4a50948-cf53-4caa-853e-5281f9bbe239,Shark Lady,Jess Keating,5,4,drop-to-4,5,"shark science, marine biology, biography, gender history (woman in male-dominated field), ocean geography",no,"Five doors: shark science, marine biology, biography, gender history, geography. OD only 117ch at picture-book density. Inspiring biography with multi-domain reach; calibrates with Mama Miti 4 anchor (thin delivery)."
a717fa07-f68a-436e-910c-d7a078c7d8aa,Shining Star: Vera Rubin Discovers Dark Matter,Suzanne Slade,5,4,drop-to-4,5,"astronomy and cosmology, womens history in science, dark matter physics, scientific methodology, biography",no,"Five doors: astronomy, gender in science, dark matter physics, methodology, biography. Early-reader format limits depth; the dark matter physics concept likely receives summary treatment rather than structural embedding across re-reading ages."
e8273e13-9ad5-4207-88a1-d923e62ae255,Shipwreck at the Bottom of the World,Jennifer Armstrong,5,4,drop-to-4,5,"Shackleton expedition, Antarctic geography, survival science, maritime history, social-emotional (team cohesion under crisis)",no,Five subjects confirmed. OD only 69ch — extremely thin for advanced independent level. Single band (10-12). Delivers multi-domain content but too thin to embed a structural second layer.
17a00390-9528-454e-a360-16460d43265c,Shipwrecked! by the Laws of Science: How 14 Shipwrecks Redefined What We Know About Our World,Martin W. Sandler,5,5,hold-5,5,"maritime history, multiple scientific domains (per shipwreck: oceanography, geology, biology, chemistry), scientific methodology, naval history, disaster science",yes,"Five integrated doors: maritime, cross-domain science, methodology, naval history, disaster science. Second layer holds: at 7-9 each wreck reads as dramatic disaster story; at 10-12 the same disasters reveal themselves as unintentional scientific experiments that advanced knowledge — same ships, fundamentally different meaning."
f4ee2fbb-9008-4c08-a882-986736b76901,Six Dots: A Story of Young Louis Braille,Jen Bryant,5,5,hold-5,5,"disability and accessibility history, literacy and writing systems, biography, 19th-century French history, scientific invention process",yes,"Five integrated doors: disability history, literacy, biography, French history, invention. Second layer holds: at 5-6 reads as inspiring story of blind boy who created a reading system for the blind; at 7-9 the Braille grid reveals itself as an elegant information-encoding system — six dots encoding 64 possible patterns — transforming the same dots from triumph narrative into mathematical design insight."
2c9db5d8-fe20-4e87-8add-6cb4c56b701f,Still Life,Alex London,5,4,drop-to-4,3,"visual art and illustration, social-emotional (loss and memory), narrative/wordless storytelling",n/a,"Three doors at picture-book density: visual art, social-emotional, narrative. No subject tags confirmed. Conservative hold at 4 pending subject confirmation; does not reach five-door threshold on available evidence."
32efc50d-50b3-4b06-b7d8-590d66b9e9d8,Sulwe,Lupita Nyong'o,5,4,drop-to-4,4,"colorism and social-emotional identity, astronomy/night sky (extended metaphor), African heritage, visual art/illustration",no,"Four doors: colorism, astronomy, cultural heritage, visual art. Second layer fails: the night-and-day origin story is woven into the surface narrative as the plot resolution — both the metaphor and the self-acceptance lesson are accessible simultaneously to all readers, not discovered at older re-reading."
fbbd7850-73da-4b53-9c22-46b928ce02d1,Swirl by Swirl: Spirals in Nature,Joyce Sidman,5,3,drop-to-3,3,"mathematics (spirals and Fibonacci), natural science, visual art",n/a,"Three doors at picture-book density: math, natural science, visual art. OD only 67ch. Single concept (spirals in nature) executed with craft — calibrates with the Press Here anchor for concept books where the concept is the book."
ca8399a2-59c4-4965-8a08-d56d2e7f08fe,Teaching for Change: How Septima Clark Led the Civil Rights Movement to Voting Justice,Yvonne Clark-Rhines and Monica Clark-Robinson,5,4,drop-to-4,5,"civil rights history, education as civil rights tool (citizenship schools), biography, citizenship and voting rights, African American history",no,"Five doors: civil rights, education, biography, voting rights, African American history. Early-reader format limits concept depth; biography of Septima Clark delivered in linear sequence at early-reader density."
f7e97f0f-8ca9-400b-8a50-6e9206482aa9,Temple Grandin,Sy Montgomery,5,4,drop-to-4,5,"autism and neurodivergence, animal science and behavior, agricultural engineering, biography, social-emotional wisdom",no,Five subjects confirmed. OD only 82ch for an independent-level book — extremely thin. Single band (10-12). Inspiring biography with multi-domain reach delivered too thinly to embed a structural second layer.
147b0b62-b2cd-4830-9627-c32039aed9d9,The Astronaut Who Painted the Moon,Dean Robbins,5,4,drop-to-4,4,"visual art/painting, space science and Apollo program, biography, history of human spaceflight",no,"Four doors: art, space science, biography, history. Second layer fails: the astronaut-turned-painter narrative is the explicit point; art and science as dual callings are stated rather than embedded as a re-reading layer."
9e8239af-3c36-4e10-bfcf-b34a39d5c444,The Bard and the Book: How the First Folio Saved the Plays of William Shakespeare from Oblivion,Ann Bausum,5,5,hold-5,5,"Shakespearean literary history, early modern book publishing/printing, cultural preservation theory, 17th-century English history, the philosophy of literary legacy",yes,"Five integrated doors: literary history, book history, cultural preservation, English history, literary philosophy. Second layer holds: at 7-9 reads as dramatic detective story of how Shakespeares plays survived; at 10-12 the same First Folio reveals itself as a meditation on which works get preserved and why, and whose cultural choices determine what survives — a fundamentally different meaning of the same artifact."
2093f602-f7f1-4953-ac34-f8ff61299852,The Book of Turtles,Sy Montgomery,5,4,drop-to-4,4,"turtle biology and herpetology, conservation science, ecological relationships, natural history",no,"Four doors: biology, conservation, ecology, natural history. Sy Montgomery nature writing with multi-domain reach; conservation message delivered explicitly rather than embedded as a structural second layer."
c53c654e-74ce-4533-949d-f2810f50a9e3,The Boy Who Harnessed the Wind (Young Readers Edition),William Kamkwamba & Bryan Mealer,5,5,hold-5,5,"electrical engineering and wind energy, Malawian history and geography, innovation under scarcity, sustainability and appropriate technology, biography",yes,"Five integrated doors: engineering, African history, innovation, sustainability, biography. Second layer holds: at 7-9 reads as inspiring story of ingenious boy building a windmill from scrap; at 10-12 the same windmill reveals a portrait of structural poverty — the drought, the school fees he cannot pay, the library book as his only access to technical knowledge — making the same scenes read as appropriate technology and knowledge access, not just personal triumph."
f8c2e905-6943-4358-ad88-cfce286fb793,The Bug Girl,Benjamin Harper & Sarah Glenn Marsh,5,4,drop-to-4,4,"entomology, neurodivergence (Tourette syndrome), social-emotional (difference and belonging), science as identity",no,"Four doors: entomology, neurodivergence, social-emotional, science identity. The representation of Tourette syndrome and the science-as-belonging message are stated explicitly; no structural second layer discovered through re-reading."
d95072da-e349-4f02-bb8c-4f074646ae5f,The Camel Library: A True Story from Pakistan,Marzieh Abbas,5,4,drop-to-4,3,"literacy and library access, Pakistani culture and geography, humanitarian dedication",n/a,"Three doors: literacy, Pakistani culture, humanitarian service. Early-reader format limits concept density; no subject tags confirmed. Does not reach five-door threshold."
d1151e1a-5f32-417d-9b2a-61507575c597,The Cecilia Payne Story: Reaching for the Stars,Laura Alary,5,4,drop-to-4,4,"astrophysics and stellar composition, women in science history, scientific discovery (hydrogen in stars), 20th-century institutional history",no,"Four doors: astrophysics, gender in science, scientific discovery, institutional history. Early-reader biography; Payne-Gaposchkin discovery delivered in inspiring-but-ignored linear sequence."
4f11b53c-6250-47bf-80ca-8778c3c644c4,The Darkest Dark,Chris Hadfield,5,4,drop-to-4,4,"space science and Apollo 11 history, fear and courage (social-emotional), biography, the relationship between imagination and real achievement",no,"Four doors: space science, social-emotional, biography, imagination. Second layer fails: the fear-of-dark-to-astronaut arc is the explicit trajectory; the Apollo landing as transformative moment is stated rather than structurally embedded."
22e98cd3-6db4-4346-b4ac-df8b770c97bf,The Day the Crayons Quit,Drew Daywalt,5,4,drop-to-4,4,"epistolary form, color theory, perspective-taking (each crayons voice), humor and satire",no,Per rubric: Day the Crayons Quit is the 4 anchor. Multi-door and well-crafted; second layer fails because the gag is fully visible at 5-6 and re-reading at older age surfaces the same gag with more vocabulary. Not a different meaning — same meaning twice.
5176c3ad-1256-44ec-98db-5a05f7a1a9c9,The Doomsday Detectives: How Walter and Luis Alvarez Solved the Mystery of Dinosaur Extinction,Cindy Jenson-Elliott,5,5,hold-5,5,"paleontology, geophysics (asteroid impact science), cross-disciplinary scientific collaboration, history of scientific discovery, stratigraphy/geology",yes,"Five integrated doors: paleontology, geophysics, scientific collaboration, discovery history, geology. Second layer holds: at 7-9 reads as cool detective story — how did the dinosaurs die?; at 10-12 the Alvarez work reveals itself as a model of cross-disciplinary scientific reasoning (physics + geology + paleontology combined to solve a biological question) — the same discovery, different epistemological meaning."
616acf9b-6cda-49ec-a43b-7f704e5a93f0,The Dream Builder's Blueprint: Dr. King's Message to Young People,Alice Faye Duncan,5,4,drop-to-4,3,"civil rights history, Dr. King biography, social justice and civic action",n/a,"Three doors: civil rights, biography, social justice. Early-reader format; no subject tags. Does not reach five-door threshold."
10d434b4-4436-45e2-a239-77387e5bc693,"The Enigma Girls: How Ten Teenagers Broke Ciphers, Kept Secrets, and Helped Win World War II",Candace Fleming,5,4,drop-to-4,4,"cryptography, WWII history, teenage girls in wartime intelligence, biography (10 subjects)",n/a,"Four doors: cryptography, WWII, girls/womens history, biography. Single band (10-12). Linear biographical narrative of multiple codebreakers; does not reach five-door threshold with confirmed distinct domains."
3d6600b3-ffc9-4c20-9779-7ba7aa00316f,The Evolution of Calpurnia Tate,Jacqueline Kelly,5,4,drop-to-4,5,"evolutionary biology (Darwinism), Texas historical setting (1900), gender barriers to women in science, family dynamics and intergenerational conflict, social-emotional",no,Five subjects confirmed. OD only 90ch for independent chapter-book — unusually thin. Single band (10-12). The Darwin-vs-tradition second layer is present but the thin OD suggests it may not be structurally embedded; conservative hold at 4.
fbd33b8a-7fbb-45d1-8f43-8e7b039ac14c,The Eyes and the Impossible,Dave Eggers,5,4,drop-to-4,3,"social-emotional (belonging and freedom), philosophical perspective (dogs POV as lens on human world), narrative/literary craft",n/a,"Three doors: social-emotional, philosophical perspective, narrative craft. No subject tags confirmed. Does not reach five-door threshold."
e6035f6d-fe19-4018-a253-97e023950147,The Fantastic Undersea Life of Jacques Cousteau,Dan Yaccarino,5,4,drop-to-4,5,"marine biology/oceanography, conservation, biography, filmmaking/visual storytelling, geography (ocean exploration)",no,Five doors confirmed by subjects. OD only 82ch at picture-book density — delivery too thin for structural second-layer embedding. Inspiring biography at picture-book density.
33d7446f-af57-4170-90f6-6f3789f8b710,The First State of Being,Erin Entrada Kelly,5,4,drop-to-4,3,"narrative science fiction (time travel), social-emotional, mystery/detective structure",n/a,"Three doors: science fiction, social-emotional, mystery. No subject tags confirmed. Does not reach five-door threshold on available evidence."
b8f858b3-dc9e-4559-88ff-a71c1a24a52f,The Five Sides of Marjorie Rice: How an Amateur Mathematician Discovered New Shapes,Amy Alznauer,5,4,drop-to-4,4,"geometry/tessellation mathematics, women in mathematics history, sociology of amateur science, biography",no,"Four doors: geometry, gender in math, amateur science, biography. Second layer fails: the mathematical discovery (pentagonal tilings) is the books explicit subject, not a layer the older reader discovers — the same tiles reveal their mathematical significance as stated knowledge rather than structurally embedded re-reading."
6091c39a-c911-41b8-ae25-00f48e5c470e,The Fourteenth Goldfish,Jennifer L. Holm,5,4,drop-to-4,4,"biology (aging, jellyfish immortality), social-emotional (family across generations), narrative structure, science as plot catalyst",n/a,"Four doors: biology, social-emotional, narrative, science. Single band (10-12). The science of aging is plot-catalyst rather than a domain the book opens for substantive engagement; social-emotional and narrative dominate."
e51b27a0-3ab6-4a9a-adeb-3419d475c92e,The Friendship Train: A True Story of Helping and Healing After World War II,Debbie Levy,5,4,drop-to-4,4,"WWII post-war recovery (US and France), humanitarian aid history, American history, cross-cultural friendship",no,"Four doors: post-war history, humanitarian aid, American history, cross-cultural connection. Early-reader format; friendship train narrative delivered in linear humanitarian-hope sequence."
b920893f-d8bc-4cbf-9d85-7d18dea16f49,The Girl Who Drew Butterflies,Joyce Sidman,5,4,drop-to-4,5,"entomology, scientific illustration as historical documentation, women in science (17th century), European natural history, biography",no,Five subjects confirmed. Single band (10-12). OD 123ch. The scientific-documentation-through-illustration reading requires the reader to bring historical frame from outside the book; the second layer is constructed rather than naturally embedded.
9b82155c-7913-4822-85d2-d86bf59254ee,The Girl Who Thought in Pictures,Julia Finley Mosca,5,4,drop-to-4,4,"autism and neurodivergence, animal science, biography, science of visual thinking",no,"Four doors: neurodivergence, animal science, biography, visual cognition. Second layer fails: inspiring representation narrative delivered explicitly; cognitive-difference framing is the books stated subject throughout."
2c68c17c-61c6-4e77-a192-3442d52b8eba,The Great Fire,Jim Murphy,5,4,drop-to-4,4,"urban history (1871 Chicago), fire science and urban infrastructure, social response to disaster, biography (multiple figures)",n/a,"Four doors: urban history, fire science, infrastructure, biography. Single band (10-12). Strong narrative nonfiction; does not reach five-door threshold."
f39b3106-fb3e-489b-90f7-e610081fcc52,The Great Kapok Tree,Lynne Cherry,5,4,drop-to-4,5,"rainforest ecology and biodiversity, environmental ethics, conservation science, geography (Amazon), social-emotional",no,"Five doors: ecology, ethics, conservation, geography, social-emotional. Second layer fails: each animal explicitly states what the tree means for their survival — both ecology and conservation ethics are stated at every reading age, not discovered by re-reading."
a67ffa2a-5ddb-43ef-95ee-702572c3a7a3,The Great Lakes: Our Freshwater Treasure,Barb Rosenstock,5,4,drop-to-4,3,"freshwater ecology, Great Lakes geography and natural history, water science and environmental history",n/a,"Three doors: freshwater ecology, geography, water science. Early-reader survey nonfiction; does not reach five-door threshold."
3ed5cb33-d727-4358-a28e-59f861a4ccfb,The History of We,Nikkolas Smith,5,3,drop-to-3,2,"American history and diversity, civic identity",n/a,Two doors: American history and civic identity. No subject tags confirmed. Concept picture-book about Americas diverse communities; singular idea without cross-domain substantive reach.
64b561f6-80ac-4bcc-b8b8-48831eaedb7a,The Honey Bee,Kirsten Hall,5,3,drop-to-3,3,"bee biology and ecology, poetry and language arts, natural cycles",n/a,"Three doors at picture-book density: bee science, poetry, natural cycles. Two-band span only (3-4, 5-6). Concept picture-book; does not carry the Artisan band with substantive depth."
d82370df-abda-4756-ba5b-fc636779146d,"The Iguanodon's Horn: How Two Centuries of Mystery, Mistakes, and Fossil Fixes Changed the Way We Look at Dinosaurs",Sean Rubin,5,5,hold-5,4,"paleontology, history of science (error and correction over two centuries), scientific methodology (how knowledge evolves), dinosaur biology",yes,"Four doors with exceptional second-layer depth (Where the Wild Things Are precedent). Second layer holds: at 5-6 reads as fun story of scientists getting the dinosaurs wrong for 200 years; at 7-9 the same fossil record reveals the epistemology of science — how scientific knowledge accumulates, why errors persist, and how correction happens — a fundamentally different reading of the same bones."
f7aebc9f-6d92-4da4-9de8-610f8423081b,The Iridescence of Birds,Patricia MacLachlan,5,5,hold-5,5,"art history (Matisse and color theory), ornithology and bird color science, biography, visual art and illustration, French history",yes,"Five integrated doors: art history, bird science, biography, visual art, history. Second layer holds: at 5-6 reads as beautiful book about a boy who loved birds and color; at 7-9 the birds become the literal source code for Matisses mature color palette — same iridescent feathers, fundamentally different meaning (nature as aesthetic inheritance)."
4b583c71-917b-4d6e-a693-f37ea19f85e4,The Last Mapmaker,Christina Soontornvat,5,4,drop-to-4,3,"historical fiction and mapmaking, Southeast Asian geography, identity and authenticity under social class pressure",n/a,"Three doors: historical fiction, geography, identity. No subject tags confirmed. Does not reach five-door threshold on available evidence."
1ae3aa56-373d-4ff4-ae95-37b15b2c7963,The Lemonade War,Jacqueline Davies,5,3,drop-to-3,3,"economics and business math, sibling social-emotional dynamics, narrative structure",n/a,"Three doors: economics/math, social-emotional, narrative. Single band (7-9). Limited cross-domain scope; the economics door is real but narrow alongside the personal sibling story."
e7fc8657-cae3-4088-859c-47b93192a59a,The Longitude Prize,Joan Dash,5,4,drop-to-4,5,"navigation history, clockmaking and precision technology, maritime history and astronomy, British history, competition and political economy",no,"Five doors: navigation, technology, maritime history, astronomy, political economy. Single band (10-12). Harrisons biography delivers the longitude problem as problem-solving narrative; the imperial-power layer is present but not structurally embedded as a re-reading discovery."
7fb8eb2e-b322-41a1-a5c7-90af54aecb92,The Lost City of Z (Young Readers Edition),David Grann,5,4,drop-to-4,5,"Amazon geography and exploration, British colonial history, biography, anthropology and indigenous peoples, adventure narrative",no,"Five subjects confirmed. OD only 84ch — extremely thin. Single band (10-12), advanced. Too thin to confirm structural second-layer embedding."
7895644f-0f3c-4a9a-b591-662adc18f8f5,"The Mona Lisa Vanishes: A Legendary Painter, a Shocking Heist, and the Birth of a Global Celebrity",Nicholas Day,5,4,drop-to-4,4,"art history (Mona Lisa and da Vinci), heist and detective narrative, French history, media history",no,"Four doors: art history, heist narrative, French history, media history. Second layer fails: the subtitle (Birth of a Global Celebrity) announces the media-theory thesis explicitly — both the heist drama and the celebrity-manufacturing argument are the books stated subject, not a layer the older reader discovers."
136580be-f8f4-4eec-a195-e71b9ca2f2a0,The Most Magnificent Thing,Ashley Spires,5,5,hold-5,5,"engineering process and iterative design, frustration tolerance, design thinking and growth mindset, gender (girl as engineer), social-emotional (perfectionism and acceptance)",yes,"Per rubric: The Most Magnificent Thing is the Score 5 anchor. Reads as story at 4, as engineering frame at 7, as work-life metaphor at 10. Rubric-locked at 5."
0213585d-c9a7-462d-bd21-eeb89968e743,The Parker Inheritance,Varian Johnson,5,4,drop-to-4,3,"historical mystery and detective reasoning, American racial history, family secrets and inheritance",n/a,"Three doors: mystery, racial history, family narrative. Single band (10-12). No subject tags confirmed. Does not reach five-door threshold."
0791ad02-190d-477f-8bc8-14d8940c5c87,The Pecan Sheller,Lupe Ruiz-Flores,5,4,drop-to-4,3,"migrant farmworker labor history, Mexican American cultural history, social justice",n/a,"Three doors: labor history, cultural history, social justice. No subject tags confirmed. Does not reach five-door threshold."
3d726590-8045-4247-8e6a-3e856186450a,The Penderwicks on Gardam Street,Jeanne Birdsall,5,3,drop-to-3,2,"social-emotional (family dynamics, friendship), narrative structure",n/a,Two doors: social-emotional and narrative. Single subject (social-emotional) confirmed. Beloved cozy family novel with minimal cross-domain reach; does not carry the Artisan band substantively.
92398cb1-40ed-4273-bc03-56119e5731e5,The Promise,Nicola Davies,5,4,drop-to-4,5,"urban ecology (tree planting and city transformation), social-emotional (generativity and promise), geography, visual art and illustration, environmental science",no,Five subjects confirmed. Second layer fails: the promise-as-generativity metaphor and urban ecology transformation are explicitly stated in the books title and resolution — both layers accessible simultaneously to all readers.
6363a142-48a5-4cd7-be35-05a1b5cbe36f,The Search for the Giant Arctic Jellyfish,Chloe Savage,5,4,drop-to-4,4,"marine biology (jellyfish), Arctic ecology, scientific fieldwork methodology, geography",n/a,"Four doors: marine biology, Arctic ecology, fieldwork methodology, geography. Early-reader format limits depth. Does not confirm five-door threshold."
15cbccb9-2acd-44af-9312-01d3e4f2e0f8,The Shortest Day,Susan Cooper,5,4,drop-to-4,4,"astronomy (winter solstice), cultural history of solstice celebrations, geography, poetry and language arts",no,Four subjects confirmed. OD only 120ch at picture-book density. Concept picture-book about winter solstice; four doors but too thin for second-layer structural embedding.
727df2ff-83ef-4837-9fca-26dd0abbca2a,The Six (Young Readers Edition): The Untold Story of America's First Women Astronauts,Loren Grush,5,4,drop-to-4,4,"space history, womens history, biography (six subjects), engineering and astronaut training",n/a,"Four doors: space history, gender history, biography, engineering. Single band (10-12). Multi-biography format; does not confirm five-door threshold on distinct substantive domains."
a91f8ae6-8fb6-43cd-9181-24d896e9bd19,The Snail and the Whale,Julia Donaldson,5,4,drop-to-4,4,"ocean ecology, geography, rhyme/language arts, social-emotional (small creature/big world)",no,"Per rubric: The Snail and the Whale is the 4 anchor. Second layer minimal — the rescue arc is fully visible at the target age. Genuinely strong, multi-domain, well-crafted. Solid 4."
ee65fccd-ba74-498f-887b-acfd3d7ae998,The Undefeated,Kwame Alexander,5,5,hold-5,5,"Black American history, poetry and literary craft, visual art, social-emotional (resilience and pride), civil rights history",yes,"Five integrated doors: Black history, poetry, visual art, social-emotional, civil rights. Second layer holds: at 7-9 reads as a powerful tribute to Black American resilience; at 10-12 the specific historical allusions embedded in the verse — figures named and moments referenced — become legible as a dense network of historical knowledge the younger reader senses but cannot decode. Same poem, different historical legibility."
5577338e-7f22-437b-8bd0-63b21ee6375b,The Vanishing of Lake Peigneur: A Graphic Novel Based on a True Story,Allan Wolf,5,4,drop-to-4,4,"earth science and geology (salt mine and lake drainage), industrial disaster science, Louisiana history, environmental consequences",no,"Four doors: geology, industrial disaster, Louisiana history, environment. No subject tags confirmed. Second layer possible (systems failure vs. disaster drama) but not structurally confirmed without subject data."
773a213f-f1ed-4df8-9a6a-f400de573c50,The Water Princess,Susan Verde,5,4,drop-to-4,4,"water scarcity and access, African geography, environmental science, social-emotional",no,Four subjects confirmed. OD only 95ch at picture-book density. Water-walk narrative states the scarcity message explicitly; thin delivery limits structural second-layer embedding.
0eaac382-2d4b-41a1-89a4-62f9e8d8f105,The Westing Game,Ellen Raskin,5,5,hold-5,4,"mystery and detective puzzle-solving, American capitalism and identity reinvention, social dynamics (diverse cast), literary intertextuality (A Wrinkle in Time)",yes,"Four doors with exceptional second-layer depth (Where the Wild Things Are precedent). Second layer holds: at 10-12 reads as a brilliantly constructed mystery puzzle; at older re-reading the same scenes reveal a satire of American identity — Sam Westing inhabits multiple personas, each heir embodies a version of the American dream, and the game itself is a commentary on inheritance and reinvention. Same mystery, fundamentally different social meaning."
73168aac-5d27-49ac-935c-e89ab5f4da84,The Witch of Blackbird Pond,Elizabeth George Speare,5,4,drop-to-4,4,"American colonial history, Puritan religious culture, womens independence in colonial context, historical fiction craft",n/a,"Four doors: colonial history, religion, gender, historical craft. Single band (10-12). Single subject (history) confirmed. Linear historical narrative at 4."
81ad82ba-60b4-4d23-b774-cf8839308b6f,The Yellow Bus,Loren Long,5,3,drop-to-3,2,"social-emotional (purpose and transitions), community and belonging",n/a,Two doors: social-emotional and community. No subject tags confirmed. Picture-book concept about finding purpose and place; narrow domain scope. Also flagged in Item J for text density confirmation.
723695f6-6f46-46a9-ace7-489368e8a998,There Was a Party for Langston,Jason Reynolds,5,4,drop-to-4,3,"African American literary history, biography (Langston Hughes and peers), poetry/literary culture",n/a,"Three doors: literary history, biography, poetry culture. No subject tags confirmed. Literary biography at picture-book density; does not reach five-door threshold."
0da844c8-595c-4ea1-8b65-b35070016b97,They Called Us Enemy,George Takei,5,4,drop-to-4,5,"Japanese American incarceration, civil liberties, WWII American history, memoir and testimony, childhood experience of systemic injustice",no,"Five doors: incarceration history, civil liberties, WWII, memoir, childhood testimony. Single band (10-12). Delivers all layers in linear personal testimony sequence; calibrates with Mama Miti anchor (multi-domain reach, linear delivery)."
16a917e6-21c1-4d6f-98d7-7db99bd63f3b,Thunder Cake,Patricia Polacco,5,3,drop-to-3,3,"social-emotional (fear and courage), intergenerational relationship, cooking/cultural recipe",n/a,"Three doors at picture-book density: social-emotional, intergenerational, cooking. Second layer absent: the fear-of-thunder arc is fully decoded at 3-4; the cake-baking process is the mechanism for courage, stated explicitly. No different meaning at older reading."
6dfde4e8-3ea9-4721-b5b7-c7f85aadd8e9,Tiny Creatures: The World of Microbes,Nicola Davies,5,3,drop-to-3,3,"microbiology, math (scale and quantity), ecology",n/a,"Three doors at picture-book density: microbiology, math, ecology. OD only 110ch. Concept book about the microbial world — single idea (microbes are everywhere and do important work) executed with craft. Calibrates with Press Here anchor for concept books where the concept is the book."
3f342aec-3941-4d69-ab06-02534d97bcae,Tops and Bottoms,Janet Stevens,5,3,drop-to-3,3,"folk tale narrative structure, agriculture and plant biology (tops and bottoms), trickster/cleverness theme",n/a,"Three doors at picture-book density: folk tale, botany, trickster narrative. The tops-and-bottoms agricultural trick is clever but singular; second layer absent — the trick is the punchline at every age."
a304bfeb-1001-49c5-80fe-3b2c7ea0146f,Wanda Hears the Stars: A Blind Astronomer Listens to the Universe,Amy S. Hansen and Wanda Díaz Merced,5,4,drop-to-4,4,"astronomy and data sonification, disability and accessibility in science, scientific methodology, biography",no,"Four doors: astronomy, disability/accessibility, scientific methodology, biography. Second layer fails: sonification — converting light data to sound — is the books explicit scientific subject, stated as the method throughout; not a discovered second layer."
2ec9dcd8-b953-43c9-a9e6-038d112f28f4,Wangari's Trees of Peace,Jeanette Winter,5,4,drop-to-4,4,"Kenyan environmental history, womens civic leadership, ecology (tree planting), geography",no,Four subjects confirmed. OD only 75ch. Calibrates with Mama Miti 4 anchor; same Wangari Maathai subject at picture-book density with thin delivery.
9bd750b9-047f-4b06-83b8-77af77a084a1,Watercress,Andrea Wang,5,5,hold-5,5,"Chinese American cultural identity, immigration experience and belonging, botany (watercress), social-emotional (shame and inherited pride), intergenerational memory",yes,"Five integrated doors: cultural identity, immigration, botany, social-emotional, intergenerational memory. Second layer holds: at 5-6 reads as story of girl embarrassed by parents gathering weeds; at 7-9 the same watercress reveals itself as survival food carrying the memory of famine and displacement — the parents eat it because they once had to, not just because they want to. Same plant, fundamentally different meaning across reading ages."
722f52c3-6bc0-419d-a79b-c82849b83baa,"We Are American, Too",Kristen Mei Chase,5,4,drop-to-4,3,"Japanese American incarceration, civil liberties history, citizenship and identity",n/a,"Three doors: incarceration history, civil liberties, citizenship/identity. Early-reader format limits depth. Does not reach five-door threshold."
e8dab9b4-63ba-485f-8314-e2f09773d625,We Are Water Protectors,Carole Lindstrom,5,4,drop-to-4,4,"indigenous environmental activism, water science, history (Dakota Access Pipeline context), social-emotional",no,Four subjects confirmed. OD only 81ch at picture-book density. The water protection message is stated explicitly throughout; thin delivery limits structural embedding.
73c66d22-6836-4eb8-90fb-de8ba318f613,We Go Way Back: A Story of Life on Earth and How It All Began,Idan Ben-Barak,5,4,drop-to-4,4,"evolutionary biology and deep time, natural history narrative, identity and belonging (all life as kin), science of life origins",no,"Four doors: evolution, natural history, philosophy of kinship, origin science. Second layer fails: the all-life-is-kin conclusion is the books stated thesis — the evolutionary lineage is the explicit subject, not a layer discovered through re-reading."
f3d07dec-4391-4bc7-9b2f-c5c82ffe31e4,When the Sea Turned to Silver,Grace Lin,5,4,drop-to-4,5,"Chinese mythology and folklore, geography (Chinese historical settings), history (dynastic China), language-arts (storytelling tradition), science (natural phenomena in myth)",no,Five subjects confirmed. OD only 106ch for independent chapter-book — too thin to confirm structural second-layer embedding. The embedded folk tales create texture but their re-reading layer is not confirmed by the thin OD.
8f457b72-0d2b-4d3d-8b71-a99c0adb6165,When You Reach Me,Rebecca Stead,5,4,drop-to-4,3,"mystery and detective narrative, time travel as science concept, literary intertextuality (A Wrinkle in Time)",no,"Three doors: mystery, science concept, literary reference. Single band (10-12). Second layer is twist-reveal rather than age-developmental — re-reading the book knowing the ending changes the reading, but this is not the rubric second-layer test (younger vs. older reader getting different meaning of same scenes)."
38e1a8cf-2ac9-414f-a693-6cb01188c1b8,A Flicker of Hope: A Story of Migration,Cynthia Harmony,4,4,hold-4,3,"immigration and migration experience, global geography, social-emotional (hope and displacement)",n/a,"Three doors: migration history, geography, social-emotional. Delivers the migration journey at picture-book density with genuine cross-domain reach."
89ce5948-df69-44d0-8c56-aa3873fdb223,"A Line Can Go Anywhere: The Brilliant, Resilient Life of Artist Ruth Asawa",Caroline McAlister,4,4,hold-4,4,"biography, visual art and illustration, resilience and social-emotional, cultural history",n/a,"Four doors: biography, visual art, social-emotional resilience, cultural history. Multi-domain nonfiction biography with substantive cross-domain reach across two bands."
3c1799aa-25ec-4752-9c91-ac56f07b35cf,A Sea of Lemon Trees: The Corrido of Roberto Alvarez,María Dolores Águila,4,4,hold-4,4,"civil rights history, legal history (court case), Mexican American cultural history, corrido as musical-literary form",n/a,"Four doors: civil rights, legal history, Mexican American cultural history, corrido form. The Roberto Alvarez desegregation case opens legal and cultural history simultaneously."
f64f1281-5773-481e-aa59-a2396bb0ff9e,A Seed Grows,Antoinette Portis,4,4,hold-4,3,"plant biology and botany, ecology and pollination, natural cycles",n/a,"Three doors: plant biology, ecology, natural cycles. Science nonfiction spanning three bands; seed-to-plant process opens genuine cross-domain science reach."
3e69cb1a-89cd-42dd-aebf-08e56f5f3777,A-Ztec: A Bilingual Alphabet Book,Emmanuel Valtierra,4,4,hold-4,3,"Aztec history and civilization, bilingual language arts (Spanish-English), indigenous cultural heritage",n/a,"Three doors: Aztec history, bilingual language arts, indigenous cultural heritage. Alphabet structure carries substantive civilization content with genuine dual-language engagement."
9ae77054-f851-46ba-9ed1-d23eba9d9284,After the Rain,Eleanor Spicer Rice,4,4,hold-4,3,"ecology and ecological recovery, water science and earth science, nature observation methodology",n/a,"Three doors: ecology, earth science, scientific observation. Science tag confirmed; post-rain ecological recovery opens three substantive natural science domains."
be0ce5a1-2768-4798-b12c-91a91f2d7f4c,Almost American Girl,Robin Ha,4,4,hold-4,3,"Korean American cultural identity and immigration, K-pop music and Korean popular culture, graphic novel form and visual storytelling",n/a,"Three doors: cultural identity/immigration, K-pop cultural domain, graphic narrative form. Graphic memoir with genuine cross-domain reach into Korean cultural life."
85bda669-f482-4570-b446-54a435b0e42d,Amari and the Night Brothers,B.B. Alston,4,4,hold-4,3,"fantasy world-building and mythology, social-emotional (identity and belonging), mystery and detective narrative structure",n/a,"Three doors: fantasy/mythology, social-emotional identity, mystery structure. Fantasy novel with confirmed social-emotional tag and cross-domain narrative architecture."
7c40d0ff-9560-4e4b-b88e-45445c032aef,"And Then, Boom!",Lisa Fipps,4,4,hold-4,3,"social-emotional (sudden life change and resilience), memoir and narrative craft, family dynamics and intergenerational relationships",n/a,"Three doors: social-emotional, memoir craft, family dynamics. Two-band memoir-adjacent narrative with substantive cross-domain personal and relational reach."
0b6f5c1e-fb5c-44b3-a092-88c2bd1a4876,At the Window,Hope Lim,4,4,hold-4,3,"urban social geography and apartment community, observation and visual literacy, social-emotional (friendship, loss, reorientation)",n/a,"Three doors: urban geography, observation/visual literacy, social-emotional. ALSC 2026 Notable; OD confirms social geography of urban living alongside emotional sequence."
bfe96837-cc37-4a92-bebd-3c915c74752b,Beautiful Oops,Barney Saltzberg,4,3,drop-to-3,2,"visual art and creative transformation, social-emotional (growth mindset and reframing mistakes)",n/a,"Two doors: visual art, social-emotional growth mindset. Interactive pop-up concept book; the mistake-as-material thesis is the book at every age. Does not reach three-door threshold."
7a308cb7-81a3-44f8-ae7e-e41e427df1e5,Before Colors,Javier Saez Castan,4,4,hold-4,3,"color science and chemistry (pigments and dyes), art history and color in art, cultural history of color across civilizations",n/a,"Three doors: color science, art history, cultural history. 376ch delivers pigment science and the cultural significance of color with genuine cross-domain reach."
956c46e8-1222-4426-b6f4-8a5b5befcb49,Benny on the Case,Wesley King,4,4,hold-4,3,"mystery and detective narrative, social-emotional (identity and courage), community geography and urban setting",n/a,"Three doors: mystery, social-emotional, community geography. Two-band mystery with confirmed social-emotional tag; cross-domain narrative reach across setting, character, and plot."
f4f00b62-8e1c-4ca9-853a-e4be93097d0b,Book Scavengers,Jennifer Chambliss Bertman,4,4,hold-4,3,"literary intertextuality and library science, mystery and puzzle-solving narrative, game theory and logical reasoning",n/a,"Three doors: literary intertextuality, mystery/puzzle, game theory. Library-set mystery with genuine cross-domain reach into book history and logical reasoning."
270ee528-cf0d-4df8-8c38-0f0216f0d4f5,Born to Fly: The First Women's Air Race Across America,Steve Sheinkin,4,4,hold-4,4,"aviation history (Powder Puff Derby), women's history and gender barriers in aviation, American geography, biography (multiple subjects)",n/a,"Four doors: aviation history, women's history, American geography, biography. Single-band nonfiction about the first women's transcontinental air race; multi-domain historical reach."
b57183ab-d9a4-4f90-90da-6ea888345ecb,"Bounce! The Wonderful, Wacky, World-Changing History of Rubber",Sarah Albee,4,4,hold-4,3,"materials history (rubber and ball technology), global trade and economic history, cultural history of play across civilizations",n/a,"Three doors: materials science/history, global trade, cultural history. World-changing history of the bouncing ball opens materials science and global commerce."
adbdfed4-533a-4cd6-91be-f3af0d023496,Call Me Roberto!: The Story of Roberto Clemente,Nathalie Alonso,4,4,hold-4,3,"baseball history and Puerto Rican baseball tradition, Puerto Rican cultural history, biography",n/a,"Three doors: baseball/sports history, Puerto Rican cultural heritage, biography. Early reader biography of Clemente at two bands; three substantive doors confirmed."
74fca92f-7b4c-4fb8-ae2a-faf42357682e,Cece Loves Science,Kimberly Derting,4,4,hold-4,4,"science process and scientific methodology, mathematics, STEM identity and gender (girls in science), social-emotional curiosity",n/a,"Four doors confirmed by subject tags (language-arts, math, science) plus STEM/gender. 550ch picture book at two bands with four substantive cross-domain doors."
ede38f33-22fb-4f39-9d4b-b392c16fde45,"Chasing Space: An Astronaut's Story of Grit, Grace, and Second Chances",Leland Melvin,4,4,hold-4,4,"biography, space science and astronaut training, professional athletics (NFL career), social-emotional (grit, grace, perseverance)",n/a,"Four doors: biography, space science, professional sports, social-emotional. Leland Melvin memoir opens four distinct substantive domains with genuine cross-domain reach."
a3f0255d-20da-4d4c-98bc-c8f957a187f9,Chasing Vermeer,Blue Balliett,4,4,hold-4,3,"art history (Vermeer and Dutch Golden Age), mystery and detective narrative, mathematical pattern and coincidence",n/a,"Three doors: art history, mystery/detective, mathematical pattern. Single-band mystery anchored in Vermeer scholarship; three substantive cross-domain doors confirmed."
0b93858b-1484-42c5-993b-59aa28e6a98c,Chooch Helped,Andrea L. Rogers,4,4,hold-4,3,"community and intergenerational service, social-emotional (generosity and belonging), cultural heritage",n/a,"Three doors: community service, social-emotional, cultural heritage. 283ch at three bands with confirmed intergenerational and cultural reach beyond simple social-emotional framing."
25aba46b-c9ce-40d3-be9c-a0e32a8a8c07,Chrysanthemum,Kevin Henkes,4,4,hold-4,3,"linguistics and onomastics (names and their meaning), social-emotional (identity, bullying, belonging), school community dynamics",n/a,"Three doors: linguistics/onomastics, social-emotional, school community. Kevin Henkes picture book opens the substantive linguistics of naming alongside social dynamics."
91ef1055-a565-49b2-ada0-265608b63850,City of Plagues and Perfumes,Jake Halpern and Peter Kujawinski,4,4,hold-4,4,"medieval European history, plague and epidemiology, historical fiction craft, medical and apothecary history",n/a,"Four doors: medieval history, epidemiology, historical fiction, medical history. Two-band historical fiction set against plague; four substantive cross-domain doors."
77e83662-03df-4ab5-88a6-46ae6bd05fc3,City Safari: A Young Naturalist's Guide to Discovering Nature in the City,Jenette Restivo,4,4,hold-4,4,"urban ecology and wildlife biology, field guide and scientific methodology, natural history, urban geography and land use",n/a,"Four doors confirmed: urban ecology, scientific methodology, natural history, urban geography. Science tag confirmed; naturalist guide to urban wildlife with four substantive domains."
d3e4c355-a499-4ba7-b864-36ab43f8f1a6,City Spies,James Ponti,4,4,hold-4,4,"espionage and intelligence narrative, international geography, history and current events, social-emotional (found family and teamwork)",n/a,"Four doors: espionage narrative, international geography, history/current events, social-emotional. History tag confirmed; adventure novel with four cross-domain doors."
8b2ea0be-bf21-4a2c-a4c0-bba3e132b99a,Clementine,Sara Pennypacker,4,4,hold-4,3,"social-emotional (neurodivergent perspective and impulse), school community and friendship dynamics, narrative and character craft",n/a,"Three doors: neurodivergent social-emotional, school community, narrative craft. Classic kids novel with confirmed three-door cross-domain reach."
0a10c794-5a1d-4a86-add4-977225aa055a,Cora's Beach Adventure,Sally M. Walker,4,4,hold-4,3,"marine and coastal ecology, social-emotional curiosity and courage, beach geography and natural science",n/a,"Three doors: marine/coastal ecology, social-emotional, geography. Science tag confirmed; beach ecology at two bands with three substantive doors."
6afdb8b6-c7b4-4608-a2f6-7879808da19c,"Creep, Leap, Crunch! A Food Chain Story",Jody Jensen Shaffer,4,4,hold-4,3,"ecology and food chain science, predator-prey dynamics, biodiversity and natural history",n/a,"Three doors: ecology/food chains, predator-prey science, biodiversity. Science tag confirmed; food chain narrative with three genuine natural science doors."
7c8af3b6-effe-4be0-ac84-d509ed9734da,Dawn: Watch the World Awaken,Marc Martin,4,4,hold-4,4,"animal behavior and ethology (dawn awakening sequence), light physics and dawn phenomena, forest lake ecology, nature observation science",n/a,"Four doors: ethology, light physics, forest ecology, scientific observation. ALSC 2026 Notable; OD confirms physics of light, specific animal behavior sequences, and ecology of dawn as four distinct scientific domains."
d3176829-93dd-4713-ba5f-756782c72da2,Debbie Allen's Rise to Fame,Tami Charles,4,4,hold-4,3,"dance arts and performing arts history, biography, African American cultural history",n/a,"Three doors: dance arts, biography, Black cultural history. 350ch biography of Debbie Allen at two bands; three substantive cross-domain doors confirmed."
059bbc49-9742-4eae-8200-2bbd64e79188,Diary of a Spider,Doreen Cronin,4,4,hold-4,3,"arachnid biology (webs, molting, silk production), cross-species ecology and relationships, narrative and epistolary form",n/a,"Three doors: arachnid biology, cross-species ecology, epistolary form. OD confirms specific biological content (molting, silk); three substantive doors at picture-book density."
7b780b79-8ed2-4fb4-9559-f8031e1c0a18,Don't Let the Pigeon Drive the Bus,Mo Willems,4,4,hold-4,3,"rhetoric and persuasion (escalating negotiation tactics), interactive narrative form (fourth wall), social-emotional (saying no and holding boundaries)",n/a,"Three doors: rhetoric/persuasion, fourth-wall narrative, social-emotional. OD confirms genuine persuasion and argumentation content; three doors at picture-book density."
2b0e837b-e50b-40db-8a86-75aedd4f2a23,Don't Trust Fish,Neil Sharpson,4,4,hold-4,3,"animal science facts and humor, social-emotional (trust and healthy skepticism), narrative satire and humor craft",n/a,"Three doors: animal science, social-emotional skepticism, narrative satire. 292ch at three bands; humorous animal science with genuine cross-domain reach."
864002ca-20a7-446f-acdf-f3e561045a4b,Dragon Flower,Chen Jiang Hong,4,4,hold-4,3,"Chinese cultural heritage and botanical history, plant science (dragon flower biology), social-emotional and intergenerational relationships",n/a,"Three doors: Chinese cultural history, botanical science, intergenerational social-emotional. 317ch at two bands with cultural heritage and plant science confirmed."
c4bb0ab6-ee4c-4a3f-86fc-9666f291e713,Dragons Love Tacos,Adam Rubin,4,3,drop-to-3,2,"narrative humor and cause-effect logic, social-emotional (sharing and food culture)",n/a,"Two doors: narrative humor/cause-effect, social-emotional. OD confirms pure delight engineering at two young bands; the salsa-fire cause-effect is the book at every age. Does not reach three-door threshold."
6ce545e9-8d59-40fb-87ca-0f66818d56bf,Duck and Goose,Tad Hills,4,3,drop-to-3,2,"social-emotional (conflict, assumptions, friendship repair), cognitive development (correcting assumptions)",n/a,"Two doors: social-emotional, cognitive development. 188ch at two young bands; single concept about conflict over a shared resource. Does not reach three-door threshold."
1e5f137b-2522-437e-a257-c4194b6e0195,El Deafo,Cece Bell,4,4,hold-4,4,"memoir and autobiographical narrative, disability and hearing loss (Deaf identity), social-emotional (belonging and friendship), graphic novel form and visual storytelling",n/a,"Four doors: memoir/autobiography, Deaf identity, social-emotional, graphic narrative. Single-band graphic memoir; four substantive cross-domain doors confirmed."
b749b3a3-bedc-41dc-844c-afa21fa81009,Elf Dog and Owl Head,M.T. Anderson,4,4,hold-4,3,"fantasy and magical realism, social-emotional (grief, friendship, acceptance), literary narrative craft",n/a,"Three doors: fantasy/magical realism, social-emotional, literary craft. 325ch at two bands; fantasy novel with confirmed cross-domain reach."
c8c0c595-2e0c-4507-80c3-ea68f1c38a89,Escape from Mr. Lemoncello's Library,Chris Grabenstein,4,4,hold-4,3,"literary intertextuality and library science, mystery and puzzle-solving, game theory and logical reasoning",n/a,"Three doors: literary intertextuality, mystery/puzzle, game theory. Language-arts tag confirmed; escape-room-style mystery anchored in book history with three confirmed cross-domain doors."
f547f4a0-0624-44fb-b4d6-6d6a664ca59c,"Everywhere, Wonder",Matthew Swanson,4,4,hold-4,4,"natural science observation and curiosity, language arts and poetry, social-emotional (wonder and agency), world geography and exploration",n/a,"Four doors confirmed by subject tags (language-arts, science, social-emotional) plus geography. 416ch at two young bands with four substantive cross-domain doors."
3c0fc575-d2af-4436-96f2-a7e6463a2ff3,Fablehaven,Brandon Mull,4,4,hold-4,3,"fantasy world-building and mythology, social-emotional (sibling dynamics and courage), nature stewardship and ecological metaphor",n/a,"Three doors: fantasy/mythology, social-emotional, ecological stewardship. 240ch single-band fantasy novel with three substantive cross-domain doors."
b30ff031-e7a8-4331-822d-a69e0fd23caf,Fia Hosein Finds Her Beat,Tracey Baptiste,4,4,hold-4,3,"Caribbean cultural music and heritage, music education and rhythm science, social-emotional identity and self-discovery",n/a,"Three doors: Caribbean music culture, music education, social-emotional identity. Social-emotional tag confirmed; 367ch at two bands with genuine cultural and musical domain reach."
e616e2ea-24f7-45d4-8767-65b81505b43a,Fireworks,Matthew Burgess,4,4,hold-4,3,"chemistry and physics of fireworks (combustion, color emission), history of fireworks and cultural celebration, visual art and color science",n/a,"Three doors: chemistry/physics, cultural history, visual art/color science. 244ch at three bands; fireworks history delivers genuine cross-domain science and cultural content."
25b9da9c-66ea-4175-ad35-38d8babe8d09,Found Sound,Meg Wolitzer and Charlie Panek,4,4,hold-4,3,"music education and sound science, social-emotional community and collaboration, creative arts and environmental repurposing",n/a,"Three doors: music/sound science, community social-emotional, creative arts. 317ch at two bands; found-sound concept opens genuine cross-domain reach."
c33a58b7-cfb2-4498-9b8e-1edf2d3c3cd6,Frizzy,Claribel A. Ortega,4,4,hold-4,4,"Dominican American and Latinx cultural identity, hair identity politics and cultural significance, graphic novel form and visual storytelling, social-emotional belonging",n/a,"Four doors: cultural identity, hair/identity politics, graphic narrative form, social-emotional. 334ch graphic novel at two bands with four confirmed cross-domain doors."
a06d73c5-0ef8-4cd0-98b5-1323a742ad62,From Seed to Plant,Gail Gibbons,4,4,hold-4,3,"plant biology and botany, ecology and pollination science, scientific process and observation methodology",n/a,"Three doors: plant biology, ecology/pollination, scientific methodology. Science tag confirmed; 216ch nonfiction with three genuine science doors."
7130a32e-792c-4724-af41-04ab9a99870e,From the Mixed-Up Files of Mrs. Basil E. Frankweiler,E.L. Konigsburg,4,4,hold-4,4,"art history and authentication (Michelangelo sculpture), mystery and detective narrative, New York City geography and urban life, social-emotional independence and resourcefulness",n/a,"Four doors: art history, mystery, NYC geography, social-emotional independence. Classic single-band novel; four substantive cross-domain doors confirmed."
9da2c9d7-8402-4de8-b6c8-b8c670b46e86,Good Golden Sun,Brendan Wenzel,4,4,hold-4,3,"astronomy and solar science, poetry and language arts, ecological observation and natural cycles",n/a,"Three doors: solar science, poetry, ecological observation. Science tag confirmed; 319ch nonfiction poetry at two young bands with three confirmed science and literary doors."
aff545fa-511e-4399-b6b4-1c2029ee0b53,Goodnight Gorilla,Peggy Rathmann,4,4,hold-4,3,"zoo animal biology and species identification, visual narrative literacy and wordless storytelling, narrative sequence and comic structure",n/a,"Three doors: animal biology, visual narrative literacy, narrative structure. OD confirms zoo species content alongside storytelling-from-visual-cues; three substantive doors at picture-book density."
85bea2e1-c46a-4df7-84c4-768780144e69,Grumpy Monkey,Suzanne Lang,4,3,drop-to-3,2,"social-emotional (emotional validation, right to feel bad), narrative humor",n/a,"Two doors: social-emotional, narrative humor. OD confirms single concept (validating negative emotions) with humorous delivery. Does not reach three-door threshold."
ba0c7b74-edef-46b9-ac5f-5e492144459c,Hair Love,Matthew A. Cherry,4,4,hold-4,3,"Black hair culture and cultural identity, father-daughter relationship and intergenerational bonds, social-emotional self-acceptance",n/a,"Three subject tags confirmed (art, science, social-emotional). 122ch picture book with three confirmed domains: hair as cultural domain, visual art, and social-emotional identity."
4553101c-b6a5-4058-a44c-ce8c146987e3,Hattie Mae Begins Again,Sharon G. Flake,4,4,hold-4,3,"Great Depression history and American history, social-emotional resilience and new beginnings, historical fiction and narrative biography",n/a,"Three doors: Depression-era history, social-emotional resilience, historical fiction craft. 359ch at two bands with confirmed historical and social-emotional reach."
37f69898-b81f-41eb-bd07-ff6c2cc1cd6f,"Hello, Stranger",Barbara O'Connor,4,4,hold-4,3,"social-emotional (social anxiety and introversion), urban community dynamics and belonging, graphic narrative form and visual storytelling",n/a,"Three doors: social-emotional introversion, urban community, graphic narrative. 315ch at two bands; graphic novel form confirmed with three substantive cross-domain doors."
76b05da2-4bc2-4984-834b-608f1a735241,Honeybird Blue,Taunya English,4,4,hold-4,3,"Southern American history and regional culture, social-emotional (grief, identity, and coming-of-age), literary narrative craft",n/a,"Three doors: Southern history/culture, social-emotional, narrative craft. 284ch at two bands with confirmed historical and emotional cross-domain reach."
020bb6d5-45fe-4d88-99e6-9319751c0598,How a Bear Became a Book: The Collaboration That Created Winnie-the-Pooh,Annette Bay Pimentel,4,4,hold-4,3,"book history and publishing process, creative collaboration and literary craft, biography of publisher-author relationship",n/a,"Three doors: book history/publishing, creative collaboration, biography. 357ch at two bands; meta-narrative about how Winnie-the-Pooh was made opens three confirmed cross-domain doors."
665c09d6-2481-4644-aaa9-8453d527439e,How a House Is Built,Gail Gibbons,4,4,hold-4,3,"construction engineering and architecture, trades and career awareness, social studies and community infrastructure",n/a,"Three doors: construction engineering, trades/careers, social studies. Science tag confirmed; 229ch at three bands with three genuine cross-domain doors."
a0a9265c-c1e6-42f8-a89a-d4218e91eac3,How Dinosaurs Went Extinct: A Safety Guide,Ame Dyckman,4,4,hold-4,3,"paleontology and extinction science, safety rules and life skills (satirized), humor and narrative satire",n/a,"Three doors: paleontology/earth science, satirized safety/life skills, narrative humor. 310ch at three bands; satirical safety guide format opens genuine science and humor craft domains."
59825a90-3e9c-4274-8451-0692c31be197,How Do Dinosaurs Say Goodnight,Jane Yolen,4,4,hold-4,3,"paleontology and dinosaur biology, social-emotional (bedtime routines and emotional regulation), comparative narrative structure",n/a,"Three doors: dinosaur biology, social-emotional, comparative narrative structure. 233ch at two young bands; paleontology facts embedded in the behavioral comparison structure."
b757bb46-56e4-46c3-81fe-35d5d71049d4,How to Find a Fox,Nilah Magruder,4,4,hold-4,4,"wildlife tracking and biology, scientific field methodology, ecology and habitat, social-emotional curiosity and patient observation",n/a,"Four doors confirmed by subject tags (science, social-emotional). 437ch at two young bands; scientific field methodology and wildlife biology confirmed alongside ecological and social-emotional doors."
1ec03ea0-db35-4e75-b6e0-3a16a9a54ee0,How to Hatch: A Gosling's Guide to Breaking Free,Sara Holly Ackerman,4,4,hold-4,3,"bird biology and ornithology, social-emotional independence and growth, narrative satire and humor craft",n/a,"Three doors: bird/ornithology biology, social-emotional independence, narrative satire. 284ch at three bands; gosling guide format opens genuine avian science and satire doors."
38172710-2447-45d0-860f-cadf6945ad61,How to Write a Poem,Kwame Alexander,4,4,hold-4,3,"poetry craft and literary arts, social-emotional expression and voice, linguistics and language study",n/a,"Three doors: poetry craft, social-emotional expression, linguistics. 308ch at two bands; how-to-write format opens three genuine cross-domain doors in literary and linguistic domains."
11c2c8b7-e3b6-4d69-82e0-396ef5565ea7,Howl's Moving Castle,Diana Wynne Jones,4,4,hold-4,4,"fantasy world-building and magical realism, feminist narrative (woman breaking curse), literary craft and narrative structure, social-emotional (courage and self-determination)",n/a,"Four doors: fantasy, feminist narrative, literary craft, social-emotional. Language-arts tag confirmed; 348ch single-band fantasy novel with four substantive cross-domain doors."
7bd48369-63fa-4432-a745-d53444828a7c,I Will Always Write Back: How One Letter Changed Two Lives,Caitlin Alifirenka and Martin Ganda with Liz Welch,4,4,hold-4,4,"Zimbabwean history and geography, epistolary narrative form, global economic inequality, cross-cultural friendship and empathy",n/a,"Four doors: Zimbabwean history/geography, epistolary form, global inequality, cross-cultural friendship. Single-band true story of pen pals with four confirmed cross-domain doors."
7a8abd24-5ca4-4313-9fbf-e67f5780b5df,If You Give a Pig a Pancake,Laura Numeroff,4,4,hold-4,3,"cause-and-effect narrative logic, food science and cooking chemistry (maple syrup origins), social-emotional social dynamics",n/a,"Three doors: narrative logic/cause-effect, food science (maple syrup), social-emotional. OD confirms maple syrup science and cooking chemistry alongside the narrative structure."
f166d77a-714a-461a-88ba-53e0c2b7b86a,If You Plant a Seed,Kadir Nelson,4,3,drop-to-3,3,"plant biology, ecology and soil science, social-emotional (generosity)",n/a,Three named domains but nearly wordless format with 101ch OD. Without text delivery the content is visual-only; calibrates with board-book level density. Does not confirm three-door threshold.
17998ab4-fa54-43d1-8609-2f8fa815b497,In a Small Small Pond,Denise Fleming,4,4,hold-4,3,"freshwater pond ecology and biology, nature poetry and language arts, seasonal cycles and ecological change",n/a,"Three doors: pond ecology/biology, nature poetry, seasonal cycles. OD confirms every named animal is real; seasonal arc maps full ecological cycle across two young bands."
14145661-8867-4553-b544-611760b58060,In the Desert,David Elliott,4,4,hold-4,3,"desert ecology and wildlife biology, desert geography and habitat science, poetry and language arts",n/a,"Three doors: desert ecology, geography/habitat, poetry. 325ch at two bands; desert science and geography with poetic delivery confirmed."
5cfaf66f-6dd2-4aa5-a040-b7839ed3368e,In the Desert: Poems of the Sahara,David Elliott,4,4,hold-4,4,"Saharan ecology and natural history, African geography and cultural history, poetry and literary craft, cross-cultural perspective and ethnography",n/a,"Four doors: Saharan ecology, African geography/cultural history, poetry craft, cross-cultural perspective. 337ch at two bands with four confirmed substantive cross-domain doors."
eed56d43-45b2-4555-a74c-ac7fdb6d7193,Inkheart,Cornelia Funke,4,4,hold-4,4,"literary intertextuality and meta-fiction about reading, fantasy world-building, book history and book arts, social-emotional (family loyalty and sacrifice)",n/a,"Four doors: meta-fiction/literary history, fantasy, book arts, social-emotional. Language-arts tag confirmed; 298ch fantasy novel with four confirmed cross-domain doors."
867cc1c0-1217-4cab-8e58-84b3563a9951,Invisible Things,Andy J. Pizza,4,4,hold-4,3,"microbiology and cellular biology, history of science and scientists (invisible world), social-emotional belonging and wonder",n/a,"Three doors: microbiology, science history, social-emotional. 287ch at three bands; invisible microscopic world opens genuine science and history-of-discovery doors."
4fe5696f-a74f-4be2-8a83-2bfd6a63a725,Ish,Peter Reynolds,4,3,drop-to-3,2,"social-emotional (perfectionism and permission to make imperfect art), visual art and creative process",n/a,"Two doors: social-emotional growth mindset, visual art. OD confirms single concept (naming the imperfect as valid). Does not reach three-door threshold."
41667289-65ac-4a0d-93ab-c32b157b5600,Island Storm,Brian Floca,4,4,hold-4,3,"Caribbean geography and tropical ecology, social-emotional (resilience and community after disaster), environmental science and hurricane science",n/a,"Three doors: Caribbean ecology, social-emotional resilience, hurricane/environmental science. 374ch at two bands with genuine cross-domain reach confirmed."
74bdd11a-4b39-4b35-987f-cc0a8148196d,J vs. K,Jerry Craft and Kwame Alexander,4,4,hold-4,3,"Korean American cultural identity and bicultural experience, competitive academic culture and school dynamics, social-emotional friendship and rivalry",n/a,"Three doors: cultural identity, academic culture, social-emotional. 302ch at two bands; bicultural identity opens three confirmed substantive cross-domain doors."
b147c16a-1c98-4973-864e-59ab4c1bf942,Knuffle Bunny,Mo Willems,4,4,hold-4,3,"pre-verbal communication and language development, urban geography (Brooklyn photography as real-place anchor), social-emotional parent-child dynamics",n/a,"Three doors: language development/linguistics, urban geography, social-emotional. OD confirms Brooklyn photographs as real-geography anchor and pre-verbal communication as linguistic domain."
1c15c86a-050a-45be-9c50-7a125e437df0,Legendary Frybread Drive-In: Intertribal Stories,edited by Cynthia Leitich Smith,4,4,hold-4,4,"Indigenous and Native American oral storytelling traditions, frybread history (colonization and forced removal artifact), intergenerational cultural knowledge, intertribal community and identity",n/a,"Four doors: Indigenous storytelling traditions, frybread historical/political significance, intergenerational knowledge, intertribal community. 405ch single-band collection with four confirmed substantive doors."
dd309e54-98ed-48e5-a3ab-16a0542017f8,Lilly's Purple Plastic Purse,Kevin Henkes,4,4,hold-4,3,"social-emotional (impulse control, consequence, repair and forgiveness), literacy and letter-writing, school community and teacher relationships",n/a,"Three doors: social-emotional arc (impulse-to-repair), literacy/letter-writing, school community. OD confirms full relational rupture arc across three bands; three substantive doors."
8d689bd5-3fae-4871-b65c-482ea37eba91,Little Blue Truck,Alice Schertle,4,3,drop-to-3,2,"social-emotional (kindness and reciprocity), farm animal science and identification",n/a,"Two doors: social-emotional (kindness pays dividends), animal science. OD confirms farm animal names are a bonus lesson; single concept with minimal cross-domain reach. Does not reach three-door threshold."
59d6dc24-da05-4440-a6ec-700b8376f0f0,Little Rebels,Yuyi Morales,4,4,hold-4,3,"Canadian historical fiction and social justice history, social-emotional courage and resistance, narrative craft and historical fiction technique",n/a,"Three doors: Canadian history, social justice/courage, narrative craft. 329ch at two bands; historical fiction with confirmed social justice content and narrative craft."
565cb2b4-e06a-4bbd-83d5-bc0294d0072e,Lola,Karla Arenas Valenti,4,4,hold-4,3,"Caribbean and Puerto Rican cultural identity, social-emotional family bonds and intergenerational love, cultural heritage and language",n/a,"Three doors: Caribbean cultural identity, social-emotional family bonds, cultural heritage/language. 254ch at two bands with confirmed cultural and intergenerational cross-domain reach."
3e3ebe0b-16b7-45bc-b233-6dd49c7eab1f,Mae and Gerty and the Matter with Matter,Elaine Vickers,4,4,hold-4,4,"physics and materials science (states of matter), chemistry and molecular science, STEM identity and gender (girls in science), narrative humor and science craft",n/a,"Four doors: physics/materials science, chemistry, STEM/gender identity, narrative humor. 312ch at two bands; matter science with confirmed cross-domain science and identity reach."
5c1d387e-e54f-4c06-8539-777384a1626a,Maizy Chen's Last Chance,Lisa Yee,4,4,hold-4,4,"Chinese American cultural identity, family business and economics, social-emotional belonging and heritage, food and culinary cultural history",n/a,"Four doors: cultural identity, economics/food culture, social-emotional, culinary heritage. 290ch at two bands; last-chance restaurant narrative opens four confirmed cross-domain doors."
2586df9d-d90d-475b-8e21-23c1656afec8,Mama Panya's Pancakes,Mary Chamberlin & Rich Chamberlin,4,4,hold-4,4,"Kenyan and East African culture and geography, economics of scarcity and generosity, mathematics and counting, social-emotional community and hospitality",n/a,"Four doors confirmed by subject tags (geography, math, social-emotional) plus cultural domain. 562ch rich OD at two bands with four confirmed substantive cross-domain doors."
2bb69d6e-1af0-4ba0-8222-2c0e052aadf5,Maniac Magee,Jerry Spinelli,4,4,hold-4,4,"American racial segregation history, social-emotional (homelessness, belonging, bridge-building), legend and myth narrative structure, urban American geography",n/a,"Four doors: racial history, social-emotional, legend/myth structure, urban geography. Newbery Medal single-band novel with four confirmed substantive cross-domain doors."
afe8975e-de44-4f66-b232-0a93212ab7ba,Maybe Something Beautiful,F. Isabel Campoy & Theresa Howell,4,4,hold-4,4,"community art and mural painting, urban revitalization and geography, social-emotional (beauty and hope in community), Latinx cultural arts",n/a,"Four doors confirmed by subject tags (art, geography, social-emotional) plus cultural arts domain. 503ch at three bands with four confirmed cross-domain doors."
31acd605-c68d-4caf-9101-83f2a7c319a9,Mixed: A Colorful Story,Arree Chung,4,4,hold-4,4,"color science and color mixing, social-emotional (belonging, racial identity metaphor), visual art, chemistry and pigment science",n/a,"Four doors confirmed by subject tags (art, science, social-emotional) plus color chemistry. 526ch at two young bands with four confirmed cross-domain doors including real color-mixing science."
a896d96e-4ccc-48bc-8e45-d8a8450e57d8,Moon Song,Michaela Goade,4,4,hold-4,3,"Indigenous Cree cultural traditions and oral heritage, astronomy and lunar science, narrative poetry and lyrical craft",n/a,"Three doors: Indigenous cultural heritage, astronomy/lunar science, narrative poetry. 325ch at two bands; moon song tradition opens three confirmed cross-domain doors."
75394ecd-118a-43d1-b61c-12ee40b0f9c8,My Heart Fills with Happiness,Monique Gray Smith,4,3,drop-to-3,2,"social-emotional (sensory experience as emotional vocabulary), Cree and Metis visual culture and arts",n/a,"Two doors: social-emotional sensory vocabulary, Indigenous cultural arts. 86ch board book; two confirmed domains only. Does not reach three-door threshold."
6fa2ff94-4a46-487f-b5be-742708342e74,My Presentation Today Is About the Anaconda,Bibi Dumon Tak,4,4,hold-4,3,"herpetology and snake biology, social-emotional (social anxiety and classroom performance), humor and narrative satire",n/a,"Three doors: snake biology, social-emotional, narrative satire. Science tag confirmed; 362ch at two bands with anaconda biology and social anxiety as confirmed cross-domain doors."
d63988e0-b0a0-4caa-8f9a-0d99578a4a53,Napesni/Renegade: The Story of a Wild Bison,Marcie R. Rendon,4,4,hold-4,4,"bison ecology and natural history, Great Plains geography and American history, Indigenous Lakota perspectives on wildlife, conservation science",n/a,"Four doors: bison ecology, Great Plains history/geography, Indigenous perspectives, conservation. 389ch at two bands with four confirmed substantive cross-domain doors."
67c7c414-aa58-4089-9c10-479bf96067ab,Nell Plants a Tree,Anne Wynter,4,4,hold-4,3,"urban forestry and ecology, social-emotional (generational legacy and memory), environmental science and tree planting",n/a,"Three doors: urban ecology/botany, social-emotional legacy, environmental science. 304ch at three bands with confirmed ecological and generational cross-domain reach."
bfb3cd70-4933-42ff-b14d-861e9627c19f,Not a Box,Antoinette Portis,4,3,drop-to-3,2,"creative thinking and imaginative play, social-emotional (independence and self-direction)",n/a,"Two doors: creative thinking, social-emotional independence. OD confirms single foundational concept about creative reframing at 111ch. Does not reach three-door threshold."
9f09d8ce-e48b-4734-b823-cbb2db8219d7,Octopus Moon,Bobbie Pyron,4,4,hold-4,3,"marine biology and cephalopod science, Indigenous cultural heritage and worldview, social-emotional coming-of-age and belonging",n/a,"Three doors: marine biology, Indigenous cultural heritage, social-emotional. 425ch at two bands with confirmed marine science and cultural heritage cross-domain reach."
220707a6-27bd-495e-bb0e-4038423b30c3,Omnivore's Dilemma: Young Readers Edition,Michael Pollan,4,4,hold-4,4,"industrial food systems and agriculture, ecology and environmental impact of food production, economics and food politics, biology and nutrition science",n/a,"Four doors: food systems/agriculture, ecology/environmental impact, economics/food politics, nutrition biology. Science tag confirmed; young readers edition of Pollan with four confirmed substantive cross-domain doors."
8afd68f7-9ff5-4ee3-aa94-11fccfaa97e8,One Day a Mayfly,Shirley Marr,4,4,hold-4,3,"insect biology and entomology (mayfly life cycle), aquatic ecology and freshwater habitats, poetry and lyrical narrative craft",n/a,"Three doors: entomology, aquatic ecology, poetry. 333ch at two bands; mayfly life cycle opens three confirmed natural science and literary doors."
3f03eaeb-cf10-4d80-9e50-69376b0eb293,One Day at the Bottom of the Deep Blue Sea,Daniel Bernstrom,4,4,hold-4,3,"deep sea and marine biology, ecology and food web of deep ocean, scientific exploration methodology",n/a,"Three doors: marine biology, deep-sea ecology/food web, scientific exploration. Science tag confirmed; 285ch at two bands with three confirmed natural science doors."
aa660822-a08c-424f-b413-132f477ff8dc,Our Mothers' Names: Love in Many Languages,Uma Menon,4,4,hold-4,3,"linguistics and onomastics (naming conventions across languages), cultural diversity and global heritage, social-emotional (family love and maternal bonds)",n/a,"Three doors: linguistics/onomastics, cultural diversity, social-emotional. OD confirms linguistic content (Amma, Ima, Mama across languages) as genuine cross-domain reach."
c4bd77c6-eebc-43fb-ba90-39d6efcd571a,Papá's Magical Water-Jug Clock,Jesús Trejo,4,4,hold-4,4,"history of technology (water clocks and timekeeping), fluid physics and water flow science, economics of family resourcefulness, Mexican and Latinx cultural heritage",n/a,"Four doors: horology history, fluid physics, economics, cultural heritage. OD confirms water clock history and physics of water flow alongside economics of the family that makes its own tools."
8275d558-a86f-4b7d-bdb2-169ae666c966,Phoenix,Kimberly Brubaker Bradley,4,4,hold-4,3,"fantasy and mythology (phoenix mythology), social-emotional (identity and transformation), visual narrative and graphic form",n/a,"Three doors: mythology/fantasy, social-emotional transformation, visual narrative. 318ch at two bands with confirmed cross-domain reach across mythology and identity."
6bd180f9-7b83-49c4-9bda-6da64f1e5fdd,Planting the Wild Garden,Kathryn O. Galbraith,4,4,hold-4,4,"seed dispersal and plant biology, ecology and food web relationships, nature poetry and language arts, scientific observation methodology",n/a,"Four doors confirmed by subject tags (language-arts, science). 479ch at two bands; seed dispersal science opens four confirmed cross-domain doors including ecology, poetry, and scientific observation."
132926d5-66d5-43b6-9802-01a5f532e910,Pony,R.J. Palacio,4,4,hold-4,3,"American frontier and Western history, social-emotional (grief, courage, and trust), survival and adventure narrative",n/a,"Three doors: Western/frontier history, social-emotional, survival narrative. 238ch at two bands; frontier setting opens confirmed historical and social-emotional cross-domain doors."
3034b7ff-4fdf-4dd2-9bfb-154d6ec41a04,Poppy,Avi,4,4,hold-4,3,"animal science and biology (owl, porcupine, and woodland species), ecological land use and agricultural change, adventure narrative craft",n/a,"Three doors: animal science/biology, ecological land use, adventure narrative. OD confirms owl hunting behaviors and agricultural land use as real content; three substantive doors in single-band novel."
acabaf79-91f6-4fdb-82d8-993ccddf41ca,Press Here,Herve Tullet,4,3,drop-to-3,2,"interactive digital literacy concept (input-output), mathematics and logical cause-and-effect",n/a,"Two doors: interactive/digital literacy concept, mathematical cause-effect. Rubric-noted Score 3 anchor; concept book where the concept is the book. Does not reach three-door threshold."
26a6ece0-de29-4414-9afa-99ca733d22ab,Radiant,Vaunda Micheaux Nelson,4,4,hold-4,3,"disability representation and chronic illness, social-emotional (resilience, belonging, and authentic identity), fantasy and magical realism",n/a,"Three doors: disability representation, social-emotional resilience, fantasy/magical realism. 388ch at two bands with three confirmed cross-domain doors."
127de517-98be-493e-8a0f-8982fb30b5de,Rain!,Linda Ashman,4,4,hold-4,3,"earth science and water cycle, social-emotional perspective-taking (same rain, different reaction), language arts and poetry",n/a,"Three doors confirmed by subject tags (language-arts, science, social-emotional). 379ch at two young bands with three confirmed cross-domain doors."
c45d07db-c406-416d-88d9-85f1bc520b62,Ranger's Apprentice: The Ruins of Gorlan,John Flanagan,4,4,hold-4,3,"medieval fantasy world-building and survival skills (archery, tracking), social-emotional (belonging, courage, and found-identity), adventure narrative",n/a,"Three doors: medieval fantasy/survival skills, social-emotional, adventure narrative. 276ch single-band adventure novel with three confirmed cross-domain doors."
771d8409-2080-43d8-84c7-821c6e0b85e6,Remarkably Ruby,Terri Libenson,4,4,hold-4,3,"social-emotional (social media, popularity, and authentic identity), school community and friendship dynamics, narrative and character development",n/a,"Three doors: social media/social-emotional, school community, narrative craft. 328ch at two bands with three confirmed cross-domain doors."
b38be417-362b-4101-95db-f6f91732825d,"Revolutionary Mary: The True Story of One Woman, the Declaration of Independence, and America's Fight for Freedom",Karen Blumenthal and Jen McCartney,4,4,hold-4,4,"American Revolutionary War history, women's roles in the Revolutionary period, biography of Mary Katherine Goddard, social justice and civic action",n/a,"Four doors: Revolutionary history, women's history, biography, social justice. History tag confirmed; 347ch single-band biography with four confirmed substantive cross-domain doors."
b99bb54f-d140-4be5-9905-868da408ea9d,"Rosie Revere, Engineer",Andrea Beaty,4,4,hold-4,3,"engineering design process and iterative problem-solving, WWII history and Rosie the Riveter cultural connection, social-emotional growth mindset and creative courage",n/a,"Three doors: engineering process, WWII history (Rosie the Riveter), growth mindset. Companion to Iggy Peck Architect (Score 4 anchor); three confirmed doors despite thin OD. Same author-series calibration."
0ebe6185-20ba-4934-b206-14a17be92d15,Rumpelstiltskin,Mac Barnett,4,4,hold-4,3,"folk tale narrative structure and literary craft, textile history and medieval spinning trade, narrative agency and women's wit in folk tradition",n/a,"Three doors: folk tale craft, textile/economic history (spinning), women's agency in narrative. 372ch at two bands; fairy tale with genuine historical and craft domain reach."
efaed6ec-9a0a-4fee-9413-8e137ffae9e7,Sakina and the Uninvited Guests,Zahra Marwan,4,4,hold-4,3,"Muslim cultural heritage and hospitality traditions, social-emotional (hospitality, boundaries, and unexpected guests), humor and narrative structure",n/a,"Three doors: Islamic cultural heritage, social-emotional, narrative humor. 291ch at two bands with genuine cultural and social-emotional cross-domain reach."
c3c1d469-8f19-4fe2-849b-d2086a5e32e8,Sea in My Cells,Laura Alary,4,4,hold-4,4,"marine biology and ocean science, evolutionary biology and origins of life (ocean as ancestor), poetry and language arts, philosophy of ecological kinship",n/a,"Four doors: marine biology, evolutionary origins, poetry, philosophy of kinship. Science tag confirmed; 324ch at two bands with four confirmed cross-domain doors."
e2c73b81-552f-4cb2-b171-aba8200cea73,Seven Skies All at Once,Ted Kooser,4,4,hold-4,3,"Indigenous cultural cosmology and sky narratives, astronomy and sky science, poetry and lyrical narrative",n/a,"Three doors: Indigenous cosmology, astronomy, poetry. 326ch at two bands with genuine Indigenous knowledge and astronomical content confirmed."
fc2b9d38-99f0-470f-8f2f-dc896bb523ee,Stellaluna,Janell Cannon,4,4,hold-4,3,"bat biology and chiropterology (flight, echolocation, fruiting habits), ecology and food webs, social-emotional (belonging and acceptance of difference)",n/a,"Three doors: bat biology, ecology, social-emotional. 237ch at three bands; bat biological content confirmed and cross-domain reach with social-emotional belonging narrative."
e7f81eb7-3dc4-4441-ab05-6114eeaa3e37,Steve Jobs: The Man Who Thought Different,Karen Blumenthal,4,4,hold-4,3,"technology biography and Silicon Valley history, American entrepreneurship and innovation history, design philosophy and aesthetics",n/a,"Three doors: technology biography, entrepreneurship/innovation history, design philosophy. 233ch single-band biography with three confirmed cross-domain doors."
c74b07be-1021-45cd-94f3-454d568b3da1,Stone Soup,Jon J Muth,4,4,hold-4,4,"folk tale narrative structure and literary craft, food history and culinary culture, community cooperation and social-emotional generosity, European geography and cultural history",n/a,"Four doors confirmed by subject tags (geography, language-arts, social-emotional) plus culinary history. 521ch at two bands with four confirmed substantive cross-domain doors."
0b0ec8fb-264b-402d-b7f4-6c90636f0810,Summer at Squee,Andrea Wang,4,4,hold-4,3,"outdoor science and environmental education, social-emotional (anxiety, belonging, and finding community), summer camp community dynamics",n/a,"Three doors: outdoor science, social-emotional anxiety/belonging, community dynamics. Social-emotional tag confirmed; 310ch at two bands with three confirmed cross-domain doors."
3932edb2-aea6-455d-be7b-d13100d9cae3,Sundust,Zeke Peña,4,4,hold-4,3,"astronomy and cosmic dust science, philosophy of wonder and human smallness, poetry and lyrical narrative craft",n/a,"Three doors: cosmic/astronomical science, philosophical wonder, poetry. 324ch at two bands; sundust concept opens astronomy and philosophy alongside lyrical craft."
4b5f2b74-6606-4d42-a618-4ac1db4dd43f,Tanning the Hide,Karina Iceberg,4,4,hold-4,3,"Indigenous traditional craft (leather tanning), environmental science and animal materials, cultural heritage and ecological knowledge",n/a,"Three doors: Indigenous craft traditions, materials/environmental science, cultural heritage. 366ch at two bands; tanning process opens genuine craft, materials science, and cultural knowledge doors."
e0b1627b-cacd-4c09-933e-7925c4561507,The Bear Out There,Jess Hannigan,4,4,hold-4,3,"wildlife biology and bear ecology, wilderness geography and landscape, social-emotional (imagination, wildness, and inner life)",n/a,"Three doors: wildlife biology, wilderness geography, social-emotional imagination. 279ch at two young bands with confirmed bear ecology and geography alongside social-emotional content."
fb75474b-fc92-4ec8-8fbb-04eb162b2185,The Beetle Book,Steve Jenkins,4,4,hold-4,4,"entomology and beetle biology, ecological diversity and biodiversity, scientific illustration as historical documentation and art, natural history",n/a,"Four doors confirmed by subject tags (art, science). 526ch rich OD at two bands with four confirmed cross-domain doors in entomology, biodiversity, scientific illustration, and natural history."
c9224cbe-4a82-4c0b-aab0-9d6141021e5c,The Book With No Pictures,B.J. Novak,4,4,hold-4,3,"linguistics and language theory (words create images), performative reading and theater arts, social-emotional (language power and humor)",n/a,"Three doors: linguistics/language theory, performative arts, social-emotional humor. OD confirms language-creates-images concept and performative reading as genuine cross-domain doors."
4d9d9ce6-2a35-4876-8a99-a36687dc86f0,The Brilliant Deep: Rebuilding the World's Coral Reefs,Kate Messner,4,4,hold-4,4,"coral reef biology and marine science, coral restoration and conservation science, biography of Ken Nedimyer, ecology of reef ecosystems",n/a,"Four doors: reef biology, conservation science, biography, reef ecology. Science tag confirmed; 375ch single-band nonfiction with four confirmed substantive cross-domain doors."
65b7ec00-9dad-4dd8-92fd-d9301d257c47,The City of Ember,Jeanne DuPrau,4,4,hold-4,4,"dystopian world-building and speculative fiction, ecology and resource scarcity (energy, food, infrastructure), social-emotional (courage, truth-telling, and civic duty), mystery and puzzle-solving narrative",n/a,"Four doors: dystopian fiction, resource ecology, social-emotional, mystery. Science tag confirmed; 312ch single-band novel with four confirmed cross-domain doors."
1e8c9021-9258-4612-a5d9-222682cdcbe3,The Clock,Pam Fong,4,4,hold-4,3,"history of timekeeping and horology, industrial history and social change, historical fiction narrative craft",n/a,"Three doors: horology history, industrial history, historical fiction. 292ch at two bands with confirmed history-of-technology content and narrative craft."
1de61cd8-20d8-4905-95ca-0ec119529fc5,The Dark Lord of Derkholm,Diana Wynne Jones,4,4,hold-4,4,"high fantasy and meta-fictional satire of genre conventions, literary intertextuality (fantasy tropes as subject), social-emotional found family, speculative world-building and ecology",n/a,"Four doors: meta-fiction/genre satire, literary intertextuality, social-emotional, world-building. Language-arts tag confirmed; 359ch single-band fantasy with four confirmed cross-domain doors."
51b5caee-1c68-41db-8be6-a053df58b774,The Dot,Peter H. Reynolds,4,4,hold-4,3,"visual art and creative process, language arts and self-expression, social-emotional (permission to create and build on small starts)",n/a,"Three doors confirmed by subject tags (art, language-arts, social-emotional). 441ch at three bands with three confirmed cross-domain doors in art, literacy, and social-emotional development."
71aacee5-d8a6-47ae-a69f-dc7cf0afe970,The Fabulous Fannie Farmer: The Woman Who Changed the Way America Cooks,Emma Bland Smith,4,4,hold-4,4,"culinary history and food science (Fannie Farmer and standardized measurement), women's history and biography, American cultural history, history of cooking as domestic science",n/a,"Four doors: culinary history/food science, women's history, American history, biography. 342ch at two bands; Fannie Farmer's measurement standardization opens four confirmed cross-domain doors."
1bf8f9d6-ec31-4a51-b64f-7ca3dd8ef50a,The Good Egg,Jory John,4,3,drop-to-3,2,"social-emotional (perfectionism, self-care, and setting limits), narrative humor",n/a,"Two doors: social-emotional (perfectionism/burnout), narrative humor. The Good Egg concept is a single social-emotional idea delivered with craft; science tag not substantively delivered. Does not reach three-door threshold."
31b4863b-8e82-4748-b9a4-1163dcf7195e,The Great Wall of Lucy Wu,Wendy Wan-Long Shang,4,3,drop-to-3,3,"Chinese American cultural identity, Chinese history and geography, language arts and cultural literacy",n/a,"Three subject tags confirmed (geography, history, language-arts) but 112ch OD is extremely thin for a chapter-length book. Delivery too thin to confirm three-door structural content. Drop-to-3."
31dbad49-7025-4c99-8245-4e12bbe74d79,The Hello Goodbye Window,Norton Juster,4,3,drop-to-3,2,"social-emotional (grandparent love and noticing ordinary magic), sensory observation and gratitude",n/a,"Two doors: social-emotional intergenerational love, sensory observation. OD confirms single concept (love letter to grandparent relationship). Does not reach three-door threshold."
d0e7bd05-d422-4bc2-ae64-eb8916f14299,The Hive Detectives: Chronicle of a Honey Bee Catastrophe,Loree Griffin Burns,4,4,hold-4,4,"apiary and bee biology, colony collapse disorder science, agricultural ecology and pollination systems, scientific investigation methodology",n/a,"Four doors: bee biology, CCD science, agricultural ecology, scientific methodology. Science tag confirmed; 436ch single-band nonfiction with four confirmed substantive cross-domain doors."
ef03165d-ab2f-4078-b15f-c70943207bf6,The Ink Witch,Steph Cherrywell,4,4,hold-4,3,"fantasy and magical realism (ink and book magic), literary craft and book arts (the power of words and books), social-emotional (belonging, power, and identity)",n/a,"Three doors: fantasy/magical realism, book arts/literary craft, social-emotional. 381ch single-band novel with confirmed cross-domain reach in literary and magical domains."
96ef15a2-8de8-41d9-8dcb-bdea5c51d673,The Last Stand,Antwan Eady,4,4,hold-4,3,"American conservation history and environmental advocacy, wildlife biology and animal rights, social-emotional courage and civic action",n/a,"Three doors: conservation history, wildlife biology, social-emotional advocacy/courage. 370ch at two bands with three confirmed cross-domain doors."
7b51ed13-7aff-498d-bef0-5917d58b88fd,The Listening Walk,Paul Showers,4,3,drop-to-3,2,"sound science and acoustics, nature observation and sensory science",n/a,"Two doors: sound science/acoustics, nature observation. OD confirms single concept at 70ch. Does not reach three-door threshold."
478900ef-be38-4908-bb99-f613975dcd6d,The Lumbering Giants of Windy Pines,Mo Netz,4,4,hold-4,3,"arboriculture and old-growth forest ecology, social-emotional (community, care, and conservation), environmental science and tree biology",n/a,"Three doors: forest ecology, social-emotional, environmental science. 309ch at two bands with confirmed ecological and community cross-domain reach."
b9d3cdbb-1352-44dc-8fc6-e5dbe3066e17,The Map Trap,Andrew Clements,4,3,drop-to-3,2,"cartography and geographic skills, ethical reasoning and dilemmas",n/a,"Two doors: cartography, ethical reasoning. OD is 46ch — extremely thin. Does not confirm three-door threshold."
9f92c599-c5e1-4f13-897c-32e6d87c1dc4,The Marvellers,Dhonielle Clayton,4,4,hold-4,4,"fantasy world-building (magic academy), racial justice and belonging (Black girl in predominantly white magical institution), Conjure cultural heritage and traditions, social-emotional belonging and identity",n/a,"Four doors: fantasy, racial justice, Conjure cultural heritage, social-emotional. 328ch at two bands with four confirmed cross-domain doors including race, cultural heritage, and fantasy."
cda0a452-247f-492e-ae01-2f3292630884,The Mysterious Benedict Society,Trenton Lee Stewart,4,4,hold-4,4,"mystery and puzzle-solving narrative, social-emotional (found family and neurodivergent gifts), philosophical and critical thinking, espionage and intelligence narrative",n/a,"Four doors: mystery/puzzle, social-emotional (neurodivergence), philosophy, espionage. 327ch single-band novel with four confirmed substantive cross-domain doors."
8b1eb658-0636-439f-8671-01ec44e019b0,The Name Jar,Yangsook Choi,4,4,hold-4,4,"Korean cultural identity and immigration experience, linguistics and naming (Korean naming conventions), social-emotional belonging and school community, cross-cultural friendship",n/a,"Four doors confirmed by subject tags (geography, language-arts, social-emotional) plus linguistics. 464ch at two bands with four confirmed cross-domain doors."
1ca9506a-27de-44c1-87e3-20694c246137,The Nine Moons of Han Yu and Luli,Karina Yan Glaser,4,4,hold-4,3,"Chinese mythology and folklore, ecology and natural science through mythological lens, narrative and oral storytelling craft",n/a,"Three doors: Chinese mythology, ecological themes/natural science, narrative/storytelling craft. 277ch at two bands with confirmed mythology and ecological cross-domain reach."
cb1d8d4c-cfe3-4daf-bc83-1c2016308fb2,The One and Only Ivan,Katherine Applegate,4,4,hold-4,3,"visual art from captive animal perspective, animal science and animal rights, literary craft and distinctive narrative voice",n/a,"Three doors confirmed by subject tags (art, language-arts, science). Full chapter-length novel; Ivan's artistic voice opens three confirmed cross-domain doors despite thin OD."
82349b5f-824f-4da9-acd9-633e4c85707f,The One and Only Ruby,Katherine Applegate,4,4,hold-4,3,"elephant biology and wildlife ecology, social-emotional (belonging, adoption, and courage), conservation and animal rights",n/a,"Three doors: elephant biology, social-emotional, conservation. 316ch at two bands with confirmed wildlife and social-emotional cross-domain reach."
2846ce50-906b-4d29-aab4-734c7ee2cc8d,The Poisoned King,Katherine Rundell,4,4,hold-4,3,"ancient world historical fiction, political intrigue and power dynamics in antiquity, adventure narrative craft",n/a,"Three doors: ancient historical fiction, political history/power, adventure narrative. 352ch single-band historical fiction with three confirmed cross-domain doors."
1ad99951-287e-4460-8df5-fbe74420d633,The Pout-Pout Fish,Deborah Diesen,4,3,drop-to-3,2,"social-emotional (self-perception and identity), marine animal names and basic ocean biology",n/a,"Two doors: social-emotional (pout-pout self-perception), marine biology (fish species names). 193ch at two young bands; single concept delivered with rhyme. Does not reach three-door threshold."
cb7e34e5-ae22-4901-8833-1632ca317434,The Recess Queen,Alexis O'Neill,4,4,hold-4,3,"social-emotional (bullying, empowerment, and friendship), school community and playground dynamics, narrative humor and character arc",n/a,"Three doors: social-emotional (bullying/empowerment), school community, narrative humor. Social-emotional tag confirmed; 254ch at three bands with confirmed cross-domain reach."
0617f359-3ded-47b4-ae70-9a8c7cafe126,The Secret Life of a Sea Turtle,Maddalena Bearzi,4,4,hold-4,4,"sea turtle biology and life cycle, oceanography and migration science, conservation science and satellite tracking methodology, scientific fieldwork and data collection",n/a,"Four doors: turtle biology, oceanography/migration, conservation science, scientific methodology. Science tag confirmed; 313ch at two bands with four confirmed cross-domain doors."
f569e72e-1c70-4194-a685-d6e98187d1f0,The Shrew Detective: The Case of the Pilfered Pearls,Margi Preus,4,4,hold-4,3,"shrew and small mammal biology, mystery and detective narrative structure, ecology and woodland habitat",n/a,"Three doors: animal biology, mystery structure, ecology. 356ch at two bands; shrew detective format opens genuine biology, ecology, and mystery cross-domain doors."
6e1b1612-8fcf-406d-9cba-5f575f161117,The Storm Runner,Jennifer Cervantes,4,4,hold-4,4,"Maya mythology and cosmology, Guatemalan and Mesoamerican history and geography, disability representation (physical difference), social-emotional belonging and identity",n/a,"Four doors: Maya mythology, Mesoamerican history/geography, disability representation, social-emotional. History tag confirmed; 240ch single-band novel with four confirmed cross-domain doors."
bf68cb95-57e8-4004-8507-a60eaa6594e0,The Tenth Mistake of Hank Hooperman,Gennifer Choldenko,4,4,hold-4,3,"social-emotional (mistakes, resilience, and self-compassion), humor and comedic narrative, school community and friendship dynamics",n/a,"Three doors: social-emotional, comedic narrative, school community. Social-emotional tag confirmed; 332ch at two bands with confirmed cross-domain reach."
3063c2bc-0e82-497d-806b-bdb62bcd24ed,The Truth about Dragons,Julie Leung,4,4,hold-4,3,"comparative mythology (dragon lore across cultures), visual narrative and picture book craft, social-emotional (truth vs. legend and identity)",n/a,"Three doors: comparative mythology, visual narrative/picture book craft, social-emotional. 378ch at three bands; cross-cultural dragon myths open genuine comparative mythology domain."
5bd407cd-074f-404c-adea-02af3c449cd3,The Ugly Five,Julia Donaldson,4,4,hold-4,3,"African savanna ecology and wildlife biology, evolutionary adaptation science, social-emotional (celebrating difference and unconventional beauty)",n/a,"Three doors confirmed by subject tags (geography, science, social-emotional). 110ch but three confirmed subjects; African savanna ecology and evolutionary adaptation confirmed as substantive science doors."
387d5b96-6ce7-4c00-a517-feea455729fb,The Very Quiet Cricket,Eric Carle,4,4,hold-4,3,"animal communication science (species-specific sounds and mechanisms), vocabulary development and language arts, cumulative narrative structure",n/a,"Three doors: animal communication science, vocabulary/language development, cumulative narrative. OD confirms every animal sound as genuine biology; three substantive cross-domain doors at two young bands."
68871a75-fe24-4269-b1a9-2c83e1a589a4,The Way I Feel,Janan Cain,4,3,drop-to-3,2,"social-emotional (emotional vocabulary and naming feelings), visual art and expressive illustration",n/a,"Two doors: emotional vocabulary/social-emotional, visual art. OD confirms single concept (naming emotions); emotional vocabulary development at picture-book density. Does not reach three-door threshold."
d1c1427a-e4c8-450e-9530-f340178d6323,The Wild Robot Protects,Peter Brown,4,4,hold-4,3,"ecology and wildlife biology (AI robot as ecological actor), artificial intelligence and technology ethics, social-emotional (protection, parenthood, and sacrifice)",n/a,"Three doors: wildlife ecology, AI ethics/technology, social-emotional. 331ch at two bands; robot-as-ecological-actor opens genuine technology ethics and ecology cross-domain doors."
37779edd-b509-4b79-b766-90f5e2425123,The Winter of the Dollhouse,Laura Amy Schlitz,4,4,hold-4,3,"magical realism and fantasy (miniature dollhouse world), social-emotional (grief, memory, and family healing), craft and miniature arts",n/a,"Three doors: magical realism, social-emotional, miniature craft arts. Social-emotional tag confirmed; 366ch at two bands with confirmed cross-domain reach."
3a4d3b3d-0d2b-4c3b-a5e2-5ba7f5a4f296,The World Is Waiting for You,Barbara Kerley,4,4,hold-4,4,"world geography and global exploration, environmental science and ecology, career awareness in science and exploration, social-emotional curiosity and agency",n/a,"Four doors confirmed by subject tags (geography, science, social-emotional). 595ch at two bands with four confirmed cross-domain doors; richly delivered across geography, ecology, and careers."
4207d9b3-eb32-454e-84b1-2655737f6804,This Is Not My Hat,Jon Klassen,4,4,hold-4,3,"visual literacy and narrative reading skills, marine and ocean habitat science, narrative structure and comedic timing",n/a,"Three doors: visual literacy, ocean/marine habitat, narrative/comedic structure. OD confirms visual literacy and ocean habitat as genuine cross-domain doors; three substantive doors at three bands."
ad14c910-df68-417f-9831-6383a5c1f4ee,Those Shoes,Maribeth Boelts,4,3,drop-to-3,2,"consumer economics and wants-versus-needs, social-emotional (desire, sacrifice, and friendship)",n/a,"Two doors: economics (wants vs. needs), social-emotional. OD confirms single economic concept at 75ch; despite three subject tags the delivery is extremely thin. Does not confirm three-door threshold."
fb6c3825-cf62-4cad-8443-704cbd5ca38a,Tiny But Mighty,Hannah Shaw,4,3,drop-to-3,2,"animal science and kitten development biology, scientific observation methodology",n/a,"Two doors: kitten biology/animal science, scientific observation. 80ch single-band; kitten rescue as science platform confirms two doors but thin delivery. Does not reach three-door threshold."
d39cfd58-7a23-480d-8e1c-a82179da2f55,"Tiny, Perfect Things",M.H. Clark,4,4,hold-4,3,"nature observation science (small perfect things in everyday environment), poetry and language arts, social-emotional intergenerational wonder and connection",n/a,"Three doors confirmed by subject tags (language-arts, science, social-emotional). 519ch rich OD at two young bands with three confirmed cross-domain doors."
b30985e9-8191-4af9-a34b-975972e36415,"To Market, To Market",Anushka Ravishankar,4,4,hold-4,3,"market economics and commerce, language arts and rhyme (cumulative repetition), cultural geography and community life",n/a,"Three doors confirmed by subject tags (geography, language-arts, math). 541ch at two young bands with three confirmed cross-domain doors in economics, language arts, and cultural geography."
8340e93f-8287-4680-8e85-994578912a5b,To See an Owl,Matthew Cordell,4,4,hold-4,3,"ornithology and owl biology, scientific field methodology and patience, ecology and nocturnal habitat",n/a,"Three doors: owl biology, scientific field methodology, nocturnal ecology. 329ch at two bands with three confirmed cross-domain science doors."
b8fe33d4-df40-4627-836b-2596e8734c90,Too Much: An Overwhelming Day,Jolene Gutierrez,4,3,drop-to-3,2,"social-emotional (sensory overwhelm and overstimulation), social coping strategies",n/a,"Two doors: social-emotional (sensory overwhelm), social coping. Social-emotional tag confirmed; single concept at two young bands. Does not reach three-door threshold."
58ebb2c7-4871-4ef7-880a-8114d6b37b57,"Tracking Trash: Flotsam, Jetsam, and the Science of Ocean Motion",Loree Griffin Burns,4,4,hold-4,4,"oceanography and ocean current science, marine pollution and conservation, scientific tracking methodology (ocean debris tracking), environmental science",n/a,"Four doors: oceanography, marine pollution/conservation, scientific methodology, environmental science. Science tag confirmed; 351ch single-band nonfiction with four confirmed cross-domain doors."
7e1b6613-99f3-4680-8a2a-138850bd3d66,Tristan Strong Punches a Hole in the Sky,Kwame Mbalia,4,4,hold-4,4,"African American folklore and mythology, West African Anansi trickster tradition, social-emotional (grief, legacy, and ancestral connection), heroic adventure narrative",n/a,"Four doors: African American folklore, West African mythology, social-emotional, adventure narrative. History tag confirmed; 266ch single-band novel with four confirmed cross-domain doors."
71eabd85-0599-49f2-867b-b3de4230a3fb,Tuck Me In! A Science Bedtime Story,Nathan W. Pyle,4,4,hold-4,3,"animal biology and comparative sleep science, ecology and habitat diversity, narrative structure (cumulative bedtime format)",n/a,"Three doors: animal biology/sleep science, ecology, narrative structure. Science tag confirmed; 351ch at two young bands with confirmed animal science and ecological cross-domain reach."
9216b1b4-e511-470d-812b-807dd7074942,Unflappable,Matthew Ward,4,4,hold-4,3,"social-emotional (equanimity and emotional regulation), character development and growth narrative, humor and comedic craft",n/a,"Three doors: social-emotional equanimity, character growth, comedic narrative. 283ch at three bands with confirmed cross-domain reach beyond single social-emotional concept."
e15a32d2-db46-45a1-b7c0-4bd0bc90bde8,Wemberly Worried,Kevin Henkes,4,3,drop-to-3,2,"social-emotional (anxiety, school transitions, and shared worry), social problem-solving",n/a,"Two doors: social-emotional (anxiety/transitions), social problem-solving. 213ch; single concept about normalizing anxiety. Does not reach three-door threshold."
7fb484a2-68af-4f00-8168-a64ab5a3de94,What Do You Do with a Chance,Kobi Yamada,4,3,drop-to-3,2,"social-emotional (opportunity cost, courage, and seizing chances), economics concept (opportunity cost)",n/a,"Two doors: social-emotional courage, opportunity cost concept. 192ch; single concept about taking chances. Does not reach three-door threshold."
e7e123fd-3d9b-40ec-a247-576cd0eadccc,What Do You Do With an Idea?,Kobi Yamada,4,3,drop-to-3,2,"social-emotional (creative courage and pursuing ideas), visual art and color metaphor (sepia to color)",n/a,"Two doors: social-emotional creative courage, visual art. 101ch; single concept (nurture your ideas) with visual art metaphor. Does not reach three-door threshold."
5fb33474-a3aa-494f-9f93-359fbf1a2159,Will's Race for Home,Jewell Parker Rhodes,4,4,hold-4,3,"American frontier and colonial history, social-emotional (courage, belonging, and identity), survival and adventure narrative",n/a,"Three doors: frontier/colonial history, social-emotional, survival narrative. 324ch at two bands with confirmed historical and social-emotional cross-domain reach."
71cf6a77-21f7-42c2-8868-8b3867016890,Wombats Are Pretty Weird: A (Not So) Serious Guide,Abi Cushman,4,4,hold-4,3,"Australian wildlife biology and wombat ecology, science of unusual evolutionary adaptations, humor and narrative satire",n/a,"Three doors: wildlife biology/ecology, evolutionary adaptation science, narrative satire. Science tag confirmed; 271ch at two bands with confirmed wombat biology and evolutionary content."
b1c46901-244f-4c21-b76a-f45566c35e2e,Women in Science: 50 Fearless Pioneers Who Changed the World,Rachel Ignotofsky,4,4,hold-4,4,"women's history across scientific disciplines, biography (50 subjects across fields), history of scientific discovery and methodology, gender equity in STEM",n/a,"Four doors: women's history, biography (50 pioneers), scientific history, gender equity. 315ch single-band reference-style nonfiction with four confirmed substantive cross-domain doors."
aca6c7d2-5c3b-4aed-9de3-d3c6690056d9,Xolo: How One Good Dog Saved Humankind,Donna Barba Higuera,4,4,hold-4,3,"Aztec and Mexican cultural mythology, Xoloitzcuintli breed history and biology, oral narrative and mythological storytelling",n/a,"Three doors: Aztec cultural mythology, Xolo breed history/biology, mythological narrative. History tag confirmed; 277ch at two bands with confirmed cultural mythology and animal history cross-domain reach."
